category_id,actions,pv_users,intent_users,buyer_users,all_buyer_users,direct_buy_without_intent_users,pv_actions,buy_actions,cart_actions,fav_actions,pv_to_intent,intent_to_buy,pv_to_buy,direct_buy_share,buy_to_pv_action_ratio
4756105,4860459.0,410410,133914,16058,23754,7408,4477682.0,28258.0,215146.0,139373.0,0.3262932189761458,0.11991277984378033,0.03912672693160498,0.3118632651342932,0.00631085458949519
982926,3066596.0,392746,114508,12230,21190,8696,2798730.0,24823.0,153906.0,89137.0,0.29155739332800334,0.1068047647325951,0.031139718800446088,0.41038225578102877,0.008869380040232534
4145813,3467459.0,368450,119624,16438,27529,10738,3150716.0,31658.0,174419.0,110666.0,0.32466820464106394,0.13741389687688088,0.04461392319174922,0.3900613898071125,0.01004787483226035
2355072,3373265.0,361785,90969,6900,10523,3496,3151734.0,12423.0,121867.0,87241.0,0.25144491894357146,0.07585001484022029,0.019072100833367883,0.33222465076499097,0.0039416397449784785
1320293,1959293.0,343972,80453,7623,14903,7054,1793240.0,17137.0,95049.0,53867.0,0.23389403788680474,0.09475097261755311,0.022161687579221566,0.47332751794940614,0.00955644531685664
3607361,3169514.0,331737,79415,6765,10623,3767,2976357.0,12721.0,109102.0,71334.0,0.2393914456331371,0.08518541837184411,0.020392660450899356,0.3546079261978725,0.004274016860208637
4801426,2081610.0,321351,90368,12669,22725,9712,1864651.0,26495.0,122145.0,68319.0,0.28121275490040487,0.14019343130311615,0.03942418103568995,0.4273707370737074,0.014209093283407994
2520377,2192826.0,297244,71019,4900,8141,3157,2029469.0,9812.0,86145.0,67400.0,0.2389249236317638,0.06899562089018432,0.016484773452113414,0.38779019776440243,0.004834762196416895
2465336,1657310.0,262536,64621,6511,11263,4585,1504738.0,13350.0,84276.0,54946.0,0.24614148154919707,0.10075671995171848,0.02480040832495353,0.40708514605344936,0.00887197638392863
3002561,1573292.0,255728,65691,7535,14669,6909,1421832.0,16472.0,80589.0,54399.0,0.25687840205218043,0.11470368848091823,0.029464900206469375,0.47099325107369283,0.01158505364909497
2735466,1278916.0,255222,65057,12802,28759,15352,1115651.0,33730.0,93828.0,35707.0,0.25490357414329484,0.1967812841047082,0.05016025264279725,0.5338155012343961,0.030233469068732068
1080785,1035338.0,226441,39782,2202,4027,1769,959775.0,4531.0,38663.0,32369.0,0.175683732186309,0.05535166658287668,0.009724387368011976,0.4392848274149491,0.004720898127165221
4217906,1036061.0,201052,46918,6462,12462,5765,924904.0,14442.0,61361.0,35354.0,0.23336251318066967,0.13772965599556675,0.032140938662634545,0.4626063232225967,0.01561459351457016
149192,1102292.0,197028,48374,5407,9655,4116,990662.0,11062.0,62271.0,38297.0,0.24551840347564813,0.11177492041179146,0.027442800008120674,0.4263076126359399,0.011166270635191418
2520771,746513.0,176130,34071,4245,9386,4951,671410.0,11005.0,41754.0,22344.0,0.19344234372338615,0.12459276217310909,0.024101515925736672,0.5274877477093544,0.01639087889665033
1464116,803625.0,170789,43931,10296,29953,18931,683641.0,34589.0,60600.0,24795.0,0.2572238258904262,0.2343675309007307,0.06028491296277863,0.6320235034887991,0.0505952685693222
4181361,1109707.0,166701,45032,4034,7556,3418,1001224.0,8356.0,57175.0,42952.0,0.27013635191150626,0.08958074258305206,0.0241990150029094,0.45235574377977766,0.008345784759454428
2920476,682968.0,164820,26750,1311,2372,1026,631703.0,2769.0,26981.0,21515.0,0.16229826477369252,0.04900934579439253,0.00795413178012377,0.4325463743676223,0.004383389029338154
154040,960248.0,150102,24187,1211,2079,842,906086.0,2463.0,29170.0,22529.0,0.16113709344312535,0.05006821846446438,0.00806784719723921,0.405002405002405,0.0027182850193028037
2885642,1072131.0,148345,41897,10737,27118,15976,954553.0,31844.0,56622.0,29112.0,0.2824294718392935,0.25627133207628233,0.07237857696585662,0.5891289918135556,0.033360117248596985
1879194,836846.0,145426,31975,5322,10739,5162,759093.0,12868.0,38186.0,26699.0,0.21987127473766727,0.16644253322908523,0.03659593195164551,0.4806779029704814,0.016951809593817885
570735,690057.0,132814,33434,5367,12036,6430,606084.0,13711.0,46192.0,24070.0,0.25173550981071274,0.16052521385416044,0.04040989654705076,0.534230641409106,0.022622276780116288
3738615,917307.0,130268,35185,4639,8281,3550,829042.0,9994.0,56162.0,22109.0,0.27009703073663527,0.13184595708398467,0.03561120152301409,0.4286921869339452,0.01205487779871225
2640118,828188.0,129272,37028,7065,14184,6934,729806.0,18332.0,62626.0,17424.0,0.2864348041339192,0.1908015555795614,0.05465220620087877,0.4888606880992668,0.025119004228521005
4357323,753424.0,122992,32078,6056,13245,6945,669043.0,15854.0,44199.0,24328.0,0.26081371146090804,0.188789824802045,0.049238974892675945,0.5243488108720272,0.023696533705606367
4170419,626574.0,121644,20295,2831,5721,2808,580578.0,6695.0,24824.0,14477.0,0.1668393015685114,0.13949248583394924,0.023272828910591563,0.4908232826428946,0.011531611600852943
4643350,553672.0,121277,21829,2247,4610,2289,505932.0,5123.0,27703.0,14914.0,0.17999290879556717,0.10293646067158367,0.018527832977398847,0.496529284164859,0.010125866717266351
1859277,521690.0,113978,17715,1574,2841,1214,481512.0,3565.0,23996.0,12617.0,0.15542473108845567,0.08885125599774203,0.013809682570320588,0.4273143259415699,0.007403761484656665
2939262,537745.0,111070,20880,3869,9533,5460,486433.0,10917.0,24960.0,15435.0,0.18798955613577023,0.18529693486590038,0.03483388853875934,0.5727472988566034,0.02244296747959123
2096639,555716.0,109298,10043,1201,3574,2342,532587.0,4254.0,13167.0,5708.0,0.0918864023129426,0.11958578114109329,0.010988307196838002,0.655288192501399,0.007987427406226589
1029459,486108.0,108438,21961,4065,9471,5198,432002.0,11140.0,27911.0,15055.0,0.2025212563861377,0.1851008606165475,0.03748685885021856,0.5488332805405977,0.025786917653159012
1299190,576053.0,107951,23971,5079,11763,6431,515944.0,13723.0,29393.0,16993.0,0.2220544506303786,0.21188102290267408,0.04704912413965596,0.5467142735696676,0.0265978478284465
2131531,380381.0,103353,17415,1454,3320,1803,342862.0,3918.0,19793.0,13808.0,0.16850018867376854,0.08349124318116566,0.014068290228633906,0.5430722891566265,0.01142733811271007
411153,500436.0,96678,22610,2935,5907,2855,442775.0,6763.0,35150.0,15748.0,0.2338691325844556,0.12980981866430782,0.03035850969196715,0.48332486879972913,0.01527412342611936
1575622,509866.0,96327,25128,4092,9815,5542,446358.0,11238.0,33358.0,18912.0,0.26086144071755585,0.16284622731614135,0.042480301473107225,0.5646459500764136,0.025177099995967362
883960,335291.0,89121,17540,2414,6686,4072,293256.0,7424.0,24410.0,10201.0,0.19681107707498793,0.13762827822120866,0.027086769672692183,0.6090338019742746,0.025315765065335408
1051370,366047.0,89007,14959,1953,4825,2772,332786.0,5558.0,16543.0,11160.0,0.16806543305582708,0.13055685540477305,0.021942094442010177,0.5745077720207253,0.01670142373777743
737184,240158.0,88005,8215,306,658,343,225252.0,766.0,7736.0,6404.0,0.09334696892222033,0.03724893487522824,0.0034770751661837396,0.5212765957446809,0.0034006357324241295
5071267,351267.0,87620,12668,1637,4036,2306,323632.0,4655.0,13324.0,9656.0,0.14457886327322528,0.12922323965898327,0.018682949098379364,0.5713577799801784,0.014383620902753745
903809,382279.0,85733,18630,4651,13230,8308,331245.0,15447.0,26608.0,8979.0,0.2173025556086921,0.24965110037573807,0.05424982212216999,0.6279667422524565,0.04663315672689399
200278,286325.0,84662,11112,1460,4162,2612,260537.0,4658.0,14902.0,6228.0,0.13125132881339915,0.13138948884089272,0.01724504500248045,0.6275828928399808,0.017878458721793833
4022701,446245.0,84104,16439,1781,3400,1572,409650.0,4004.0,23743.0,8848.0,0.1954603823837154,0.10833992335300201,0.021176162846000192,0.4623529411764706,0.00977419748565849
4690421,358113.0,81678,17870,2132,4527,2299,318079.0,5015.0,21861.0,13158.0,0.21878596439677758,0.11930609960828203,0.026102500061215995,0.5078418378617185,0.015766523410850764
2558244,311393.0,79231,13289,1096,2398,1261,284973.0,2683.0,17086.0,6651.0,0.16772475419974506,0.08247422680412371,0.013832969418535674,0.5258548790658882,0.0094149270281746
2578647,393467.0,78882,17906,2434,5147,2625,351488.0,6373.0,27576.0,8030.0,0.2269972870870414,0.1359320898023009,0.03085621561319439,0.5100058286380416,0.01813148670793882
4789432,363518.0,78286,15555,3895,13619,9412,317687.0,15696.0,22370.0,7765.0,0.19869453031193318,0.250401800064288,0.0497534680530363,0.6910933255011381,0.04940712084536037
1567637,251050.0,78117,11590,1915,6235,4162,221173.0,7191.0,15860.0,6826.0,0.14836719280054278,0.16522864538395168,0.02451451028585327,0.6675220529270248,0.03251301017755332
384755,243076.0,72443,9378,784,1840,1018,224357.0,2099.0,10517.0,6103.0,0.12945350137349365,0.08359991469396459,0.010822301671659098,0.5532608695652174,0.0093556251866445
2926020,355375.0,71349,17263,2393,4759,2293,314364.0,5471.0,25711.0,9829.0,0.2419515340088859,0.13862017030643572,0.03353936285021514,0.4818239125866779,0.017403392245931466
3102419,196640.0,68640,9417,590,1406,774,178751.0,1500.0,9240.0,7149.0,0.13719405594405595,0.06265264946373579,0.008595571095571096,0.55049786628734,0.008391561445810094
5053508,306068.0,68358,13209,3031,7882,4682,272263.0,9054.0,16036.0,8715.0,0.19323268673747038,0.2294647588765236,0.044340091869276455,0.5940116721644253,0.03325461043182511
753984,321830.0,68234,13931,1513,3381,1799,287708.0,3678.0,18545.0,11899.0,0.20416507899287745,0.10860670447204077,0.0221736963976903,0.5320910973084886,0.01278379468071795
3720767,244127.0,66840,11197,1160,2589,1385,219589.0,2995.0,15586.0,5957.0,0.16751944943147815,0.1035991783513441,0.017354877318970677,0.5349555813055233,0.013639116713496578
3299155,431995.0,66127,15695,2537,5164,2526,389363.0,6257.0,23738.0,12637.0,0.23734631844783521,0.16164383561643836,0.03836556928334871,0.48915569326103797,0.0160698371442587
801221,187907.0,66119,9967,1572,5686,3941,162882.0,6231.0,12617.0,6177.0,0.15074335667508584,0.1577204775760008,0.023775314206203966,0.6931058740766796,0.038254687442442994
4244487,291080.0,65045,13025,2721,7325,4476,256875.0,8095.0,17910.0,8200.0,0.2002459835498501,0.2089059500959693,0.04183257744638327,0.6110580204778157,0.03151338199513382
672001,267368.0,64244,8092,705,1482,761,252018.0,1716.0,8691.0,4943.0,0.1259572878401096,0.08712308452792882,0.010973787435402527,0.5134952766531714,0.006809037449705973
1216617,294902.0,63018,13326,2094,4517,2336,263953.0,5255.0,19501.0,6193.0,0.21146339141197754,0.15713642503376857,0.033228601351994666,0.5171574053575382,0.01990884740844014
2982027,263403.0,62937,7975,1006,2309,1264,246224.0,2681.0,9862.0,4636.0,0.1267140156029045,0.12614420062695925,0.01598423820646043,0.5474231268947596,0.010888459289102606
3645362,275369.0,62837,11911,1987,5464,3327,245697.0,6354.0,15883.0,7435.0,0.18955392523513218,0.16682058601292923,0.03162149688877572,0.6088945827232797,0.02586112162541667
4173315,251919.0,62461,7969,419,902,467,236025.0,1017.0,8757.0,6120.0,0.12758361217399658,0.05257874262768227,0.006708185908006596,0.5177383592017738,0.004308865586272641
4818107,132883.0,59884,5110,435,1683,1212,120852.0,1921.0,6397.0,3713.0,0.08533164117293433,0.08512720156555773,0.007264043818048227,0.7201426024955436,0.015895475457584483
4672807,239857.0,59866,11668,2283,7555,5123,208913.0,8604.0,16263.0,6077.0,0.19490194768315905,0.1956633527596846,0.038135168543079544,0.6780939774983454,0.04118460794684869
1349561,208967.0,59606,11096,1957,6705,4546,180036.0,7656.0,15192.0,6083.0,0.18615575613193303,0.17636986301369864,0.03283226520820052,0.6780014914243102,0.0425248283676598
965809,291473.0,58689,13442,2728,7666,4773,250605.0,10843.0,21445.0,8580.0,0.22903780947025848,0.20294599018003273,0.04648230503160729,0.6226193582050613,0.043267293150575606
3004853,263460.0,57984,10407,1584,3712,2038,238833.0,4214.0,11598.0,8815.0,0.1794805463576159,0.15220524646872297,0.027317880794701987,0.5490301724137931,0.01764412790527272
3776866,198922.0,57824,10394,1953,7591,5449,169002.0,9146.0,15245.0,5529.0,0.17975235196458217,0.18789686357513952,0.03377490315439956,0.7178237386378606,0.05411770274907989
4339722,225414.0,57434,10425,1198,2692,1458,202541.0,3211.0,14805.0,4857.0,0.181512692830031,0.11491606714628297,0.020858724797158477,0.5416047548291233,0.015853580262761614
1265358,189546.0,56519,9633,1929,7239,5117,162492.0,8490.0,13582.0,4982.0,0.1704382597002778,0.20024914356898163,0.0341301155363683,0.7068655891697748,0.05224872609113064
3158249,158759.0,54906,7577,1336,5848,4347,136027.0,7604.0,11428.0,3700.0,0.13799949003751866,0.17632308301438565,0.024332495537828288,0.7433310533515732,0.05590066677938939
4069500,203460.0,54701,10841,1378,3268,1806,180094.0,3664.0,14641.0,5061.0,0.19818650481709657,0.1271100451987824,0.025191495585089853,0.5526315789473685,0.020344930980487966
1851156,191391.0,54670,8576,1667,4924,3144,169841.0,5764.0,10266.0,5520.0,0.156868483629047,0.1943796641791045,0.030492043168099506,0.6385052802599512,0.0339376240130475
235534,259811.0,52176,12773,1591,3456,1795,228487.0,4638.0,18037.0,8649.0,0.24480604109168966,0.12455961794410084,0.030492946948788714,0.5193865740740741,0.02029874784998709
4159072,227400.0,51669,11341,4021,15610,11238,188640.0,18016.0,14652.0,6092.0,0.2194933132052101,0.3545542721100432,0.07782229189649499,0.7199231262011531,0.09550466497031382
238434,187329.0,50441,9062,1236,3156,1841,164958.0,3647.0,12710.0,6014.0,0.17965543902777503,0.13639373206797617,0.024503875815308974,0.5833333333333334,0.02210865796142048
4082778,193380.0,48926,7905,971,2607,1568,176186.0,2851.0,8628.0,5715.0,0.16157053509381514,0.1228336495888678,0.019846298491599558,0.601457614115842,0.01618176245558671
245312,190584.0,47808,8176,1510,4283,2664,169595.0,4986.0,10455.0,5548.0,0.17101740294511378,0.18468688845401174,0.03158467202141901,0.6219939294886762,0.029399451634776967
3598912,162891.0,47183,8924,1540,6000,4281,136295.0,7320.0,13821.0,5455.0,0.18913591759743975,0.17256835499775885,0.03263887417078185,0.7135,0.05370703253971165
1568197,175383.0,46805,7814,831,2255,1361,156791.0,2607.0,9991.0,5994.0,0.16694797564362782,0.10634758126439724,0.01775451340668732,0.6035476718403547,0.01662722987926603
3065645,166695.0,46585,9643,2040,6147,3939,141795.0,6828.0,13139.0,4933.0,0.206997960716969,0.2115524214456082,0.043790919823977675,0.6408003904343582,0.048154025177192424
381850,188136.0,45742,9518,2104,5662,3442,162774.0,6721.0,15219.0,3422.0,0.20808010143850292,0.22105484345450724,0.04599711424948625,0.6079123984457788,0.04129037807020777
4962280,151118.0,45233,6225,565,1356,751,137660.0,1536.0,7644.0,4278.0,0.13762076360179515,0.09076305220883533,0.01249088055180952,0.553834808259587,0.011157925323260206
285583,284987.0,45134,10527,1795,3133,1300,256308.0,4044.0,17906.0,6729.0,0.23323880001772498,0.1705139165954213,0.03977046129303851,0.4149377593360996,0.0157778922234187
1379146,179421.0,44584,9130,1295,3127,1742,157381.0,3936.0,12431.0,5673.0,0.20478198456845506,0.14184008762322015,0.029046294634846582,0.557083466581388,0.025009372160553052
1787510,206078.0,44077,9727,2300,6774,4362,179648.0,7577.0,13590.0,5263.0,0.2206819883385893,0.23645522771666494,0.05218140980556753,0.6439326837909655,0.04217692376202351
846990,163422.0,41352,9212,2051,6113,3919,138861.0,6898.0,13817.0,3846.0,0.2227703617721029,0.22264437689969604,0.049598568388469724,0.6410927531490267,0.04967557485543097
2945933,192720.0,40932,8501,1168,3121,1865,171089.0,3725.0,11037.0,6869.0,0.2076859181080817,0.13739560051758617,0.028535131437506106,0.5975648830503044,0.021772293952270455
4558987,186766.0,40928,9596,1888,5926,3906,161518.0,6432.0,12369.0,6447.0,0.234460516028147,0.19674864526886202,0.046129788897576234,0.659129260884239,0.03982218700082963
4606718,185524.0,40906,9283,1463,3309,1792,163653.0,3761.0,13192.0,4918.0,0.22693492397203344,0.15759991382096306,0.035764924460959274,0.5415533393774554,0.0229815524310584
1834026,128912.0,40717,7151,1418,6011,4428,108279.0,6882.0,10396.0,3355.0,0.17562688803202595,0.1982939449028108,0.03482574845887467,0.7366494759607386,0.06355803064306098
866301,142137.0,40662,8224,1920,7618,5477,116848.0,9033.0,12198.0,4058.0,0.20225271752496188,0.23346303501945526,0.047218533274310165,0.71895510632712,0.07730555935916747
1275696,152661.0,40214,4824,445,906,445,142530.0,1022.0,5282.0,3827.0,0.11995822350425225,0.09224709784411277,0.011065797980802705,0.4911699779249448,0.007170420262400898
2462567,195324.0,39751,5566,590,1434,811,182133.0,1649.0,6809.0,4733.0,0.1400216346758572,0.10600071864893999,0.0148423939020402,0.5655509065550907,0.009053823304947483
634390,192133.0,39626,8683,1494,2988,1436,171374.0,3461.0,12772.0,4526.0,0.21912380760107,0.1720603478060578,0.0377025185484278,0.48058902275769744,0.02019559559793201
1792277,122360.0,38851,6096,802,2094,1233,108643.0,2496.0,8582.0,2639.0,0.1569071581169082,0.13156167979002625,0.020642969292939694,0.5888252148997135,0.022974328764853696
886203,145734.0,38638,6776,971,2338,1317,130218.0,2611.0,9830.0,3075.0,0.17537139603499147,0.14329988193624557,0.02513070034680884,0.5633019674935843,0.020050991414397396
2440115,158539.0,38282,8083,1331,3512,2099,136341.0,4377.0,11469.0,6352.0,0.21114361841074133,0.16466658418903873,0.0347682984170106,0.5976651480637813,0.03210332915263934
4918438,151265.0,37561,6925,1607,5033,3342,132596.0,5639.0,9106.0,3924.0,0.1843667633982056,0.23205776173285197,0.042783738452117887,0.6640174846016292,0.04252767805966998
3702593,120738.0,36906,5680,1151,2819,1618,105175.0,3148.0,9535.0,2880.0,0.15390451417113749,0.20264084507042254,0.03118734081179212,0.5739623980134799,0.029931067268837652
2629787,126081.0,36821,7540,834,2283,1390,108683.0,2484.0,9476.0,5438.0,0.20477444936313516,0.11061007957559682,0.0226501181391054,0.6088480070083224,0.022855460375587718
3189162,132679.0,35612,6307,1098,2619,1452,117189.0,2944.0,10007.0,2539.0,0.17710322363248343,0.17409227842080227,0.030832303717847915,0.5544100801832761,0.025121811774142626
2858794,97131.0,34855,4989,692,2295,1537,84866.0,2498.0,6659.0,3108.0,0.14313584851527758,0.13870515133293246,0.019853679529479272,0.6697167755991286,0.029434638135413475
3673501,84642.0,34115,4047,429,1744,1256,75104.0,1896.0,5196.0,2446.0,0.1186281694269383,0.10600444773906598,0.012575113586398944,0.7201834862385321,0.025244993608862377
171529,110226.0,34086,4317,473,1126,614,101224.0,1245.0,4405.0,3352.0,0.12665023763421931,0.10956682881630762,0.01387666490641319,0.5452930728241563,0.012299454674780684
4697972,121234.0,33982,5233,1032,3142,2047,107293.0,3417.0,6423.0,4101.0,0.15399329056559355,0.1972100133766482,0.030369018892354775,0.6514958625079568,0.031847371217134386
1467750,110207.0,33929,4340,240,563,313,101282.0,622.0,5605.0,2698.0,0.12791417371570044,0.055299539170506916,0.007073594859854402,0.5559502664298401,0.006141268932288067
2342116,131711.0,33811,5529,607,1386,751,116922.0,1860.0,8024.0,4905.0,0.16352666292035137,0.10978477120636643,0.01795273727485138,0.5418470418470418,0.015908041258274747
4462359,145922.0,33736,6403,1398,3892,2443,128568.0,4302.0,8707.0,4345.0,0.18979724922930993,0.21833515539590817,0.041439411904197296,0.6276978417266187,0.03346089229046108
119741,141874.0,32939,5798,818,2268,1406,128179.0,2442.0,7021.0,4232.0,0.1760223443334649,0.14108313211452225,0.024833783660706155,0.6199294532627866,0.019051482692172664
2693696,121567.0,32920,4789,461,1208,712,110599.0,1386.0,5531.0,4051.0,0.1454738760631835,0.09626226769680518,0.014003645200486027,0.5894039735099338,0.012531758876662538
4284875,160591.0,32804,5894,881,2079,1149,146240.0,2334.0,7274.0,4743.0,0.17967321058407512,0.1494740413980319,0.026856480916961346,0.5526695526695526,0.015960065645514224
102272,124257.0,32728,6287,1169,3149,1916,106877.0,3589.0,9986.0,3805.0,0.19209850892202396,0.18593923970097026,0.035718650696651186,0.6084471260717688,0.03358065813973072
3138705,98149.0,32696,4583,679,1602,894,86646.0,1771.0,7043.0,2689.0,0.1401700513824321,0.14815622954396684,0.020767066307805237,0.5580524344569289,0.02043948941670706
1397912,160034.0,32472,6321,445,912,453,146084.0,1071.0,8697.0,4182.0,0.194660014781966,0.07040025312450561,0.013704114313870412,0.4967105263157895,0.007331398373538512
4993094,132088.0,32456,7090,1251,3351,2010,112626.0,3928.0,11147.0,4387.0,0.21844959329553856,0.1764456981664316,0.03854449100320434,0.5998209489704566,0.03487649388240726
2181935,140265.0,32424,4698,271,508,224,128697.0,594.0,6074.0,4900.0,0.14489267209474463,0.05768412090251171,0.008358006415001234,0.4409448818897638,0.004615492202615446
1789614,141562.0,32230,5517,914,2781,1809,126842.0,3095.0,8402.0,3223.0,0.17117592305305615,0.16566974805147724,0.02835867204467887,0.6504854368932039,0.024400435187083142
3524510,111665.0,31859,5540,834,2056,1182,98234.0,2265.0,8345.0,2821.0,0.17389120813584857,0.15054151624548737,0.026177846134530273,0.5749027237354085,0.023057189974957756
4148053,98526.0,31607,4395,777,2303,1451,88261.0,2583.0,4774.0,2908.0,0.1390514759388743,0.17679180887372015,0.02458316195779416,0.6300477637863656,0.029265473991910356
4919077,91438.0,31552,5361,991,3829,2715,76916.0,4099.0,7635.0,2788.0,0.16990998985801217,0.18485357209475844,0.03140846855983773,0.7090624183860016,0.05329190285506267
4882154,145208.0,31370,7537,1189,2867,1618,124209.0,3314.0,12140.0,5545.0,0.24026139623844436,0.15775507496351335,0.037902454574434176,0.5643529822113708,0.026680836332310862
2228184,153960.0,31076,6081,706,1590,859,137638.0,1788.0,9304.0,5230.0,0.19568155489767022,0.11609932576878802,0.022718496589007594,0.540251572327044,0.012990598526569697
983613,109819.0,31056,4039,349,939,569,100621.0,1121.0,4576.0,3501.0,0.13005538382277176,0.08640752661549889,0.011237764039155074,0.6059637912673056,0.011140815535524394
2572604,109611.0,30722,5185,845,2904,2001,96269.0,3206.0,6680.0,3456.0,0.1687715643512792,0.16297010607521698,0.02750471974480828,0.6890495867768595,0.03330251690575367
339305,61420.0,30669,2929,375,1675,1236,53679.0,1781.0,3944.0,2016.0,0.09550360298672927,0.1280300443837487,0.012227330529198865,0.7379104477611941,0.0331787104826841
2529187,73959.0,29510,4080,614,2781,2068,63005.0,2937.0,5598.0,2419.0,0.13825821755337173,0.15049019607843137,0.020806506269061335,0.7436174038115786,0.0466153479882549
3231625,102041.0,29268,4928,1251,5883,4504,86119.0,6401.0,7231.0,2290.0,0.16837501708350416,0.2538555194805195,0.04274292742927429,0.765595784463709,0.07432738420093127
344833,221984.0,29122,5436,468,753,277,206217.0,931.0,6919.0,7917.0,0.1866630039145663,0.08609271523178808,0.016070324840326902,0.36786188579017265,0.004514661739817765
3160926,98588.0,28961,4282,499,1111,597,88583.0,1257.0,5934.0,2814.0,0.1478540105659335,0.11653432975245212,0.017230068022513034,0.5373537353735374,0.014190081618369214
3624696,108063.0,28641,4879,925,2733,1736,95646.0,2997.0,6201.0,3219.0,0.1703501972696484,0.18958803033408486,0.03229635836737544,0.6351994145627515,0.03133429521360015
2877672,78140.0,28634,4095,481,1437,911,68469.0,1605.0,4899.0,3167.0,0.14301180414891387,0.11746031746031746,0.01679821191590417,0.6339596381350034,0.023441265390176578
3844144,94132.0,28527,4734,532,1443,867,82009.0,1606.0,6812.0,3705.0,0.1659480492165317,0.11237853823405154,0.018648999193746275,0.6008316008316008,0.019583216476240412
405755,103155.0,28458,5452,730,2093,1306,89226.0,2342.0,7712.0,3875.0,0.19158057488228267,0.1338958180484226,0.02565183779605032,0.6239847109412326,0.02624795463205792
2892802,122562.0,28368,4011,277,608,314,112423.0,723.0,5897.0,3519.0,0.1413917089678511,0.06906008476689104,0.009764523406655387,0.5164473684210527,0.006431068375688249
1320530,80676.0,27163,3285,183,405,218,74205.0,449.0,3142.0,2880.0,0.1209365681257593,0.05570776255707763,0.006737105621617641,0.5382716049382716,0.006050805201805808
1061857,128047.0,27081,3590,269,444,169,119487.0,539.0,4374.0,3647.0,0.13256526716147854,0.07493036211699164,0.009933163472545328,0.38063063063063063,0.004510950982115209
2158079,103328.0,26858,5303,784,1790,960,89627.0,2387.0,7815.0,3499.0,0.19744582619703627,0.14784084480482745,0.029190557748156973,0.5363128491620112,0.026632599551474442
50601,94818.0,26734,4989,966,2932,1898,81968.0,3210.0,7393.0,2247.0,0.18661629385800854,0.1936259771497294,0.03613376225031795,0.6473396998635743,0.03916162404840914
2495340,69761.0,26252,3279,770,3280,2431,59610.0,3680.0,4564.0,1907.0,0.12490476916044492,0.2348276913693199,0.029331098582965107,0.7411585365853659,0.061734608287200135
1994940,110520.0,26180,3673,476,1135,645,101950.0,1328.0,4832.0,2410.0,0.14029793735676088,0.12959433705417914,0.01818181818181818,0.5682819383259912,0.013025993133889162
4708262,69864.0,25981,3227,278,871,571,62921.0,946.0,3515.0,2482.0,0.12420615064855087,0.08614812519367834,0.010700127015896232,0.6555683122847302,0.015034726085090828
4533189,89223.0,25917,3616,657,2092,1390,79615.0,2265.0,4330.0,3013.0,0.13952232125631825,0.1816924778761062,0.025350156268086583,0.6644359464627151,0.028449412799095648
772629,85196.0,25811,3503,369,1056,659,77518.0,1223.0,4307.0,2148.0,0.13571732982061913,0.10533828147302313,0.014296230289411491,0.6240530303030303,0.015776980830258778
1817004,95598.0,25611,4988,866,2180,1283,83383.0,2413.0,7583.0,2219.0,0.19476006403498497,0.17361668003207698,0.03381359572058881,0.5885321100917431,0.02893875250350791
4048584,69716.0,25390,3396,510,1771,1214,60348.0,1916.0,5055.0,2397.0,0.13375344623867663,0.1501766784452297,0.020086648286727057,0.6854884246188594,0.031749188042685755
3747017,100411.0,25293,5506,1423,5509,3948,84133.0,5951.0,7505.0,2822.0,0.21768868856996007,0.2584453323646931,0.05626062546949749,0.7166454891994918,0.07073324379256653
4719814,117600.0,25154,5248,1488,4697,3118,101561.0,5692.0,8193.0,2154.0,0.20863480957303013,0.28353658536585363,0.05915560149479208,0.6638279753033851,0.05604513543584644
3848953,49519.0,24862,2041,395,2237,1777,42585.0,2481.0,3029.0,1424.0,0.08209315421124608,0.19353258206761392,0.015887700104577268,0.7943674564148413,0.05825995068686157
2303546,54582.0,24838,2597,477,2057,1521,46505.0,2213.0,3673.0,2191.0,0.10455753281262581,0.1836734693877551,0.019204444802319028,0.7394263490520175,0.04758628104504892
1349634,50695.0,24612,2331,250,1259,965,44446.0,1332.0,3232.0,1685.0,0.0947098976109215,0.10725010725010725,0.010157646676418008,0.7664813343923749,0.029968951086711965
3208959,79434.0,24530,3249,306,763,443,72602.0,823.0,3647.0,2362.0,0.13245006114961272,0.09418282548476455,0.012474520994700367,0.580602883355177,0.011335775873942867
3975787,139846.0,24468,5944,1160,3097,1877,123036.0,3836.0,8782.0,4192.0,0.24292954062448913,0.19515477792732167,0.04740886055255844,0.606070390700678,0.031177866640658018
2297500,67423.0,24400,3063,594,3262,2588,58295.0,3456.0,4207.0,1465.0,0.1255327868852459,0.1939275220372184,0.024344262295081968,0.7933782955242182,0.05928467278497298
4731191,157123.0,24367,5117,1015,2100,1035,139805.0,3195.0,8860.0,5263.0,0.20999712726228095,0.19835841313269495,0.04165469692617064,0.4928571428571429,0.022853259897714674
366112,68861.0,24196,3715,722,3432,2614,57596.0,3979.0,5782.0,1504.0,0.15353777483881634,0.1943472409152086,0.029839642916184492,0.7616550116550117,0.06908465865685116
2296439,52632.0,24177,2586,427,2044,1549,45035.0,2164.0,3514.0,1919.0,0.10696116143442115,0.16511987625676722,0.01766141374033172,0.7578277886497065,0.04805151548795381
4576874,80264.0,24061,4320,606,1811,1163,70019.0,1934.0,5041.0,3270.0,0.17954365986451104,0.14027777777777778,0.0251859856198828,0.6421866372170072,0.02762107427983833
1973012,80446.0,24036,4448,1080,5193,3968,65654.0,5896.0,6785.0,2111.0,0.18505574970877017,0.24280575539568344,0.044932601098352475,0.764105526670518,0.08980412465348646
4163659,119532.0,23722,5423,760,1634,844,105196.0,1822.0,8780.0,3734.0,0.22860635696821516,0.1401438318274018,0.03203777084562853,0.5165238678090576,0.01732005019202251
2419959,98016.0,23206,2433,224,473,246,93187.0,529.0,2871.0,1429.0,0.10484357493751616,0.09206740649404029,0.009652676032060674,0.5200845665961945,0.005676757487632395
800581,89694.0,23192,5410,1591,6316,4546,71543.0,7036.0,8476.0,2639.0,0.233270093135564,0.2940850277264325,0.06860124180751984,0.7197593413552882,0.09834644898872007
1646753,95221.0,23089,4504,609,1703,1057,84130.0,1905.0,6171.0,3015.0,0.1950712460479016,0.13521314387211367,0.026376196457187404,0.6206694069289489,0.02264352787352906
2033408,66221.0,23033,3428,681,3140,2384,56166.0,3343.0,4646.0,2066.0,0.14882993965180394,0.1986581096849475,0.02956627447575218,0.759235668789809,0.059519994302603
4936889,58443.0,23016,3119,212,686,445,51833.0,768.0,3602.0,2240.0,0.13551442474800138,0.06797050336646361,0.009210983663538407,0.6486880466472303,0.014816815542222136
4640311,86152.0,22690,4712,699,2024,1262,73635.0,2252.0,6849.0,3416.0,0.20766857646540327,0.1483446519524618,0.030806522697223445,0.6235177865612648,0.030583282406464317
174239,71475.0,22480,4150,825,3948,3019,58230.0,4532.0,6168.0,2545.0,0.1846085409252669,0.19879518072289157,0.03669928825622776,0.7646909827760892,0.07782929761291431
4901188,61822.0,22447,3652,321,910,544,53876.0,985.0,4725.0,2236.0,0.16269434668329844,0.08789704271631983,0.01430035194012563,0.5978021978021978,0.01828272329051897
3277224,53464.0,22145,2994,525,1689,1105,45525.0,1819.0,3967.0,2153.0,0.1351998193723188,0.17535070140280562,0.02370738315646873,0.6542332741267022,0.039956068094453595
1573426,92776.0,22011,3248,586,2274,1627,84148.0,2420.0,3630.0,2578.0,0.14756258234519104,0.18041871921182265,0.026623052110308482,0.7154793315743184,0.02875885344868565
1045172,84936.0,21762,4171,882,3375,2380,73014.0,3607.0,5374.0,2941.0,0.19166436908372392,0.21146008151522416,0.04052936311000827,0.7051851851851851,0.04940148464678007
1516409,66762.0,21737,3161,882,6232,5186,53916.0,6721.0,4264.0,1861.0,0.1454202511846161,0.27902562480227777,0.04057597644569168,0.8321566110397947,0.12465687365531568
4476428,93111.0,21537,3323,179,374,190,85426.0,423.0,4094.0,3168.0,0.15429261271300554,0.05386698766175143,0.00831127826531086,0.5080213903743316,0.0049516540631657805
2827444,82350.0,21504,4060,676,1686,993,72121.0,1813.0,5414.0,3002.0,0.18880208333333334,0.1665024630541872,0.031436011904761904,0.5889679715302492,0.025138309230321267
1102540,65222.0,21470,3136,601,1664,1034,56479.0,2257.0,4948.0,1538.0,0.14606427573358174,0.1916454081632653,0.027992547741034,0.6213942307692307,0.03996175569680766
2321441,63579.0,21255,2381,309,848,516,58441.0,973.0,2859.0,1306.0,0.1120207010115267,0.12977740445191097,0.014537755822159493,0.6084905660377359,0.016649270204137506
3500710,50684.0,21240,2452,464,1894,1383,44180.0,2070.0,3466.0,968.0,0.11544256120527308,0.18923327895595432,0.021845574387947268,0.7302006335797254,0.04685377999094613
3579754,99286.0,21143,4568,601,1516,888,87909.0,1638.0,6181.0,3558.0,0.21605259423922812,0.1315674255691769,0.02842548361159722,0.5857519788918206,0.018632904480769888
4602841,81773.0,21018,3405,531,1458,899,73074.0,1834.0,5212.0,1653.0,0.16200399657436482,0.15594713656387665,0.025264059377676278,0.6165980795610425,0.025097846019103923
4308141,46873.0,20667,2261,302,1666,1306,40443.0,1755.0,3130.0,1545.0,0.10940146126675376,0.13356921716054843,0.01461266753762036,0.7839135654261705,0.04339440694310511
4358294,101377.0,20556,2037,86,153,65,95834.0,202.0,2384.0,2957.0,0.09909515469935785,0.04221894943544428,0.004183693325549718,0.42483660130718953,0.002107811423920529
338646,65040.0,20474,2898,407,1228,793,58205.0,1326.0,3676.0,1833.0,0.14154537462147113,0.1404416839199448,0.019878870762918825,0.6457654723127035,0.02278154797697792
3340725,67059.0,20429,2462,113,329,209,61983.0,366.0,2879.0,1831.0,0.12051495423172941,0.045897644191714056,0.00553135248910862,0.6352583586626139,0.005904844876821064
84264,92405.0,20287,3217,466,991,515,84240.0,1150.0,4675.0,2340.0,0.15857445654852861,0.1448554553932235,0.022970375117070046,0.5196770938446014,0.013651471984805319
3015852,87497.0,20138,3777,761,1764,969,75953.0,2847.0,6121.0,2576.0,0.1875558645347105,0.20148265819433414,0.03778925414638991,0.5493197278911565,0.0374837070293471
1074254,48929.0,19891,2647,542,2516,1889,40773.0,2942.0,4214.0,1000.0,0.13307526016791513,0.20476010578012846,0.027248504348700416,0.7507949125596184,0.07215559316214161
3381583,65871.0,19880,3773,709,2508,1749,55437.0,2758.0,5320.0,2356.0,0.1897887323943662,0.1879141266896369,0.03566398390342052,0.6973684210526315,0.04975016685607086
941949,123847.0,19860,4121,379,949,551,112853.0,1131.0,5734.0,4129.0,0.20750251762336355,0.09196796893957777,0.019083585095669688,0.5806111696522656,0.010021886879391775
3736316,50980.0,19833,2665,361,1466,1059,43932.0,1556.0,3340.0,2152.0,0.1343720062522059,0.13545966228893058,0.018201986588009884,0.7223738062755798,0.03541837385049622
3664107,38635.0,19814,1631,338,1625,1238,32927.0,1755.0,2574.0,1379.0,0.08231553447057637,0.20723482526057632,0.01705864540224084,0.7618461538461538,0.053299723631062654
1474371,50634.0,19669,2783,468,2168,1631,42820.0,2297.0,3745.0,1772.0,0.14149168742691545,0.16816385195831837,0.023793787177792465,0.7523062730627307,0.05364315740308267
1312642,104192.0,19532,4043,437,944,496,93659.0,1179.0,5840.0,3514.0,0.20699365144378457,0.108088053425674,0.02237354085603113,0.5254237288135594,0.012588218964541582
3855599,75494.0,19437,3042,215,465,241,68312.0,521.0,3745.0,2916.0,0.15650563358542985,0.07067718606180144,0.011061377784637547,0.5182795698924731,0.007626771284693758
1154246,56866.0,19402,3257,379,987,585,48652.0,1194.0,4089.0,2931.0,0.167869291825585,0.11636475284003685,0.019534068652716216,0.5927051671732523,0.024541642686837128
1068933,79498.0,19281,3506,715,1456,718,70498.0,1662.0,5265.0,2073.0,0.18183704164721748,0.20393610952652597,0.037083138841346404,0.49313186813186816,0.023575136883315837
4654786,54264.0,19239,3209,571,2276,1641,44852.0,2564.0,4738.0,2110.0,0.1667966110504704,0.1779370520411343,0.02967929726077239,0.7210017574692443,0.05716578970837421
2129666,50478.0,19237,1841,120,313,188,46540.0,342.0,2044.0,1552.0,0.09570099287830743,0.06518196632265073,0.0062379788948380725,0.6006389776357828,0.007348517404383326
2013232,42654.0,19212,2051,152,442,274,37470.0,477.0,2736.0,1971.0,0.1067561940453883,0.07411019015114578,0.007911721840516344,0.6199095022624435,0.012730184147317854
2733371,51737.0,19099,2745,505,2332,1766,43850.0,2479.0,3753.0,1655.0,0.14372480234567256,0.18397085610200364,0.02644117493062464,0.7572898799313894,0.05653363740022805
1449177,67194.0,19046,3314,886,3340,2375,57275.0,3729.0,4036.0,2154.0,0.1739997899821485,0.26735063367531686,0.04651895411109944,0.7110778443113772,0.06510694020078568
3407883,65704.0,18998,3285,660,2456,1738,56501.0,2663.0,4760.0,1780.0,0.17291293820402148,0.2009132420091324,0.034740498999894724,0.7076547231270358,0.04713190916974921
1884322,49887.0,18901,2326,443,2159,1645,42696.0,2632.0,3693.0,866.0,0.12306227183746891,0.19045571797076527,0.02343791333791863,0.761926817971283,0.06164511898070077
3371868,61845.0,18643,3669,917,3573,2540,50097.0,4078.0,5919.0,1751.0,0.19680308963149706,0.24993186154265468,0.049187362548945984,0.7108872096277637,0.08140207996486816
2072473,78805.0,18603,3676,745,1787,1004,68779.0,2450.0,5294.0,2282.0,0.19760253722517873,0.2026659412404788,0.0400473041982476,0.5618354784555121,0.03562133790837319
72526,74633.0,18595,3588,550,1467,895,65523.0,1609.0,4714.0,2787.0,0.19295509545576767,0.15328874024526198,0.029577843506318903,0.6100886162235856,0.024556262686384934
1521931,47927.0,18494,2251,437,1986,1482,41349.0,2196.0,3458.0,924.0,0.12171515085973829,0.19413593958240782,0.023629285173569808,0.7462235649546828,0.053108902270913444
155172,51457.0,18452,2653,364,1490,1084,44853.0,1626.0,3406.0,1572.0,0.1437784522003035,0.13720316622691292,0.019726858877086494,0.72751677852349,0.03625175573540231
4458428,68857.0,18403,3564,457,1272,789,59618.0,1372.0,5064.0,2803.0,0.1936640765092648,0.1282267115600449,0.024832907678095963,0.6202830188679245,0.023013183937736926
3112817,65326.0,18165,3462,351,940,574,56784.0,1040.0,4473.0,3029.0,0.19058629232039637,0.10138648180242635,0.019322873658133774,0.6106382978723405,0.018315018315018316
1008362,62457.0,18092,2458,442,1174,718,56126.0,1290.0,3304.0,1737.0,0.13586115410126023,0.17982099267697316,0.024430687596727837,0.6115843270868825,0.022984000285072873
2590256,67105.0,18012,3971,689,1901,1168,56478.0,2167.0,5962.0,2498.0,0.22046413502109705,0.1735079325107026,0.03825227626027093,0.6144134665965282,0.03836892241226672
4758477,49278.0,17975,2525,484,2282,1726,41078.0,2843.0,4197.0,1160.0,0.1404728789986092,0.1916831683168317,0.026926286509040335,0.7563540753724802,0.06920979599785773
3807763,37156.0,17959,1093,114,412,282,34388.0,441.0,1346.0,981.0,0.0608608497132357,0.10430009149130832,0.00634779219332925,0.6844660194174758,0.012824241014307316
2702525,49838.0,17835,3232,386,1032,626,41887.0,1152.0,4300.0,2499.0,0.18121670871881132,0.11943069306930693,0.021642837118026354,0.6065891472868217,0.027502566428724902
383749,113456.0,17733,3867,583,1085,474,101253.0,1550.0,5373.0,5280.0,0.21806800879715785,0.15076286527023533,0.032876557830034396,0.4368663594470046,0.015308188399356068
1207887,91225.0,17613,1725,118,238,115,87074.0,282.0,2218.0,1651.0,0.09793902231306421,0.06840579710144927,0.006699596888661784,0.4831932773109244,0.0032386246181408916
3189935,59031.0,17512,3133,686,2547,1818,49861.0,2782.0,4129.0,2259.0,0.178905893101873,0.21895946377274178,0.03917313841936958,0.7137809187279152,0.05579511040693127
3774512,46969.0,17504,3035,484,2022,1457,38741.0,2138.0,4293.0,1797.0,0.17338893967093236,0.15947281713344316,0.027650822669104205,0.7205736894164194,0.055187011176789445
4834913,55516.0,17461,2112,299,1053,731,50256.0,1130.0,2418.0,1712.0,0.12095527174846801,0.1415719696969697,0.01712387606666285,0.6942070275403609,0.022484877427570837
4298656,40250.0,17434,2173,250,953,665,35000.0,1025.0,2900.0,1325.0,0.1246415051049673,0.1150483202945237,0.01433979580130779,0.6977964323189927,0.029285714285714286
1928278,45291.0,17339,2736,492,2067,1515,37494.0,2203.0,3965.0,1629.0,0.15779456716073592,0.17982456140350878,0.028375338831535844,0.7329462989840348,0.05875606763748867
1595193,74008.0,17113,3611,828,3043,2134,62692.0,4044.0,5755.0,1517.0,0.21100917431192662,0.22929936305732485,0.0483842692689768,0.7012816299704239,0.0645058380654629
3898483,103799.0,16941,4533,1009,2213,1150,91064.0,2676.0,6914.0,3145.0,0.26757570391358243,0.2225898963159056,0.05955964819077977,0.5196565747853592,0.029385926381446017
3123784,54266.0,16902,1709,120,410,284,50304.0,480.0,1879.0,1603.0,0.10111229440302923,0.07021650087770626,0.007099751508697196,0.6926829268292682,0.009541984732824428
4391936,69709.0,16836,3567,693,2011,1269,60291.0,2150.0,5311.0,1957.0,0.21186742694226657,0.19428090832632464,0.041161796151104775,0.6310293386374938,0.03566038048796669
3616520,82439.0,16794,4307,877,2261,1328,70462.0,2672.0,6606.0,2699.0,0.2564606407050137,0.2036220106802879,0.05222103132070978,0.5873507297655904,0.03792114898810706
4874384,90612.0,16603,3922,864,1774,886,78247.0,2452.0,7597.0,2316.0,0.23622236945130398,0.22029576746557877,0.052038788170812506,0.49943630214205187,0.03133666466445998
2533863,41098.0,16587,2259,313,1353,998,34831.0,1490.0,3398.0,1379.0,0.13619099294628323,0.1385568835768039,0.018870199553867487,0.7376201034737621,0.04277798512819041
3800818,75647.0,16497,2646,419,967,530,69044.0,1043.0,3224.0,2336.0,0.16039279869067102,0.1583522297808012,0.02539855731345093,0.5480868665977249,0.015106309020334859
3398567,51626.0,16335,2070,454,1798,1300,45369.0,1968.0,3317.0,972.0,0.12672176308539945,0.21932367149758455,0.027793082338536883,0.7230255839822024,0.043377636712292535
1376358,41785.0,16320,2068,429,1768,1289,35754.0,2032.0,2795.0,1204.0,0.1267156862745098,0.2074468085106383,0.026286764705882353,0.7290723981900452,0.05683280192426022
874415,51424.0,16317,3467,770,3206,2289,40237.0,3694.0,5491.0,2002.0,0.21247778390635533,0.22209402942024806,0.04719004719004719,0.7139737991266376,0.0918060491587345
1906712,18680.0,16161,160,6,33,26,17958.0,33.0,310.0,379.0,0.009900377451890353,0.0375,0.00037126415444588826,0.7878787878787878,0.0018376211159371867
1548278,58872.0,16108,2766,596,2225,1589,51171.0,2352.0,3607.0,1742.0,0.17171591755649368,0.21547360809833696,0.03700024832381425,0.7141573033707865,0.04596353403294835
4633953,33995.0,16062,1970,277,1137,815,28565.0,1196.0,2904.0,1330.0,0.12264973228738638,0.14060913705583755,0.017245673017058896,0.7167985927880387,0.04186942061963942
2832009,46436.0,16033,2379,548,2503,1823,38784.0,2924.0,4096.0,632.0,0.14838146323208382,0.23034888608659101,0.03417950477140897,0.7283260087894526,0.07539191419141915
401357,63217.0,15987,2679,289,764,457,57225.0,830.0,2843.0,2319.0,0.16757365359354476,0.10787607316162748,0.018077187715018452,0.5981675392670157,0.014504150283966798
4135836,65744.0,15821,3013,513,1344,816,57861.0,1477.0,4406.0,2000.0,0.1904430819796473,0.17026219714570195,0.03242525756905379,0.6071428571428571,0.02552669328217625
4050612,73425.0,15579,3136,562,1262,689,65382.0,1355.0,4754.0,1934.0,0.20129661724115797,0.17920918367346939,0.03607420245201874,0.5459587955625991,0.02072435838610015
4086613,47169.0,15535,2388,481,1612,1096,40781.0,1716.0,3347.0,1325.0,0.15371741229481814,0.20142378559463986,0.03096234309623431,0.6799007444168734,0.04207841887153331
1807416,67888.0,15486,2217,316,907,572,61942.0,1050.0,3516.0,1380.0,0.14316156528477333,0.14253495714930087,0.020405527573292007,0.6306504961411246,0.016951341577604855
2940518,56574.0,15404,3023,457,1150,658,48496.0,1387.0,4449.0,2242.0,0.19624772786289277,0.15117433013562687,0.02966761880031161,0.5721739130434783,0.028600296931705706
622168,56245.0,15311,1910,101,235,131,52028.0,264.0,2377.0,1576.0,0.12474691398341062,0.05287958115183246,0.006596564561426425,0.5574468085106383,0.005074190820327516
590997,50637.0,15178,2889,454,1295,801,43795.0,1416.0,4011.0,1415.0,0.1903412834365529,0.15714780200761508,0.029911714323362763,0.6185328185328185,0.03233245804315561
3496816,47408.0,15173,2242,104,234,128,42485.0,256.0,2706.0,1961.0,0.14776247281355037,0.0463871543264942,0.006854280630066566,0.5470085470085471,0.0060256561139225605
4242717,94981.0,15160,3958,1122,2340,1183,83709.0,2900.0,5670.0,2702.0,0.2610817941952507,0.2834765032844871,0.07401055408970976,0.5055555555555555,0.03464382563404174
3108044,78591.0,15122,3837,891,2182,1241,68381.0,2527.0,6071.0,1612.0,0.2537362782700701,0.23221266614542613,0.058920777674910725,0.5687442713107241,0.0369547096415671
3354571,50532.0,15082,2412,360,1174,787,44380.0,1251.0,3295.0,1606.0,0.1599257392918711,0.14925373134328357,0.02386951332714494,0.6703577512776832,0.02818837314105453
3441583,34357.0,14951,1710,309,1787,1413,28766.0,1885.0,2715.0,991.0,0.11437362049361247,0.18070175438596492,0.020667513878670322,0.7907106883044208,0.0655287492178266
1125862,46450.0,14919,1237,182,622,431,43076.0,746.0,1735.0,893.0,0.08291440445070045,0.1471301535974131,0.01219920906226959,0.6929260450160771,0.017318228247748167
4238676,56084.0,14883,3019,355,856,490,48463.0,1052.0,4351.0,2218.0,0.20284888799301215,0.11758860549850944,0.023852717866021635,0.572429906542056,0.021707281843880898
3461823,51801.0,14841,2426,524,1998,1424,44776.0,2222.0,3508.0,1295.0,0.16346607371470925,0.2159934047815334,0.03530759382790917,0.7127127127127127,0.049624798999463995
2667323,50210.0,14782,2515,298,868,551,44299.0,926.0,3095.0,1890.0,0.17013935867947505,0.11848906560636183,0.020159653632796645,0.6347926267281107,0.020903406397435608
2293367,59821.0,14734,2420,178,341,157,54088.0,371.0,3294.0,2068.0,0.16424596172118908,0.07355371900826446,0.012080901316682503,0.4604105571847507,0.006859192427155747
1729993,70355.0,14733,2547,467,1177,686,64121.0,1266.0,2938.0,2030.0,0.17287721441661577,0.18335296427169218,0.031697549718319416,0.5828377230246389,0.019743921648133995
2778281,68918.0,14705,2672,745,2387,1614,61280.0,2580.0,3902.0,1156.0,0.18170690241414486,0.2788173652694611,0.05066303978238694,0.6761625471302891,0.04210182767624021
4589142,58867.0,14671,1943,111,226,111,53913.0,264.0,2691.0,1999.0,0.13243814327585032,0.057128152341739576,0.00756594642491991,0.4911504424778761,0.004896778142563018
2361828,38960.0,14670,1911,190,518,319,34836.0,594.0,2508.0,1022.0,0.13026584867075663,0.09942438513867086,0.012951601908657124,0.6158301158301158,0.01705132621426111
3312150,60971.0,14605,1455,166,397,226,57548.0,458.0,1948.0,1017.0,0.09962341663813762,0.1140893470790378,0.011365970558028073,0.5692695214105793,0.007958573712379232
1488813,76881.0,14492,2548,249,503,246,70246.0,594.0,3084.0,2957.0,0.17582114269942037,0.09772370486656201,0.01718189345845984,0.48906560636182905,0.00845599749451926
2476560,70295.0,14442,3265,661,2097,1393,58867.0,3309.0,5961.0,2158.0,0.22607672067580667,0.20245022970903523,0.045769284032682454,0.6642823080591321,0.0562114597312586
360294,56936.0,14322,2064,504,1413,881,51610.0,1518.0,2336.0,1472.0,0.14411395056556348,0.2441860465116279,0.03519061583577713,0.6234961075725407,0.02941290447587677
4958794,42971.0,14269,2229,420,1613,1146,36855.0,1806.0,3403.0,907.0,0.1562127689396594,0.18842530282637954,0.029434438292802578,0.7104773713577185,0.049002849002849
1165503,37684.0,14258,1113,51,108,52,35065.0,134.0,1367.0,1118.0,0.07806143919203254,0.04582210242587601,0.003576939262168607,0.48148148148148145,0.0038214744046770285
2736436,66803.0,14202,3086,746,1939,1166,58484.0,2140.0,4036.0,2143.0,0.21729333896634276,0.24173687621516526,0.05252781298408675,0.6013408973697782,0.0365912044319814
2188684,47233.0,14042,1159,99,240,139,44591.0,275.0,1609.0,758.0,0.08253809998575702,0.08541846419327007,0.00705027773821393,0.5791666666666667,0.006167163777443879
722945,36616.0,14042,1501,294,1651,1322,32015.0,1761.0,1894.0,946.0,0.10689360489958695,0.19586942038640906,0.020937188434695914,0.8007268322228952,0.055005466187724505
904454,30215.0,13965,1398,292,1696,1340,24908.0,1833.0,2260.0,1214.0,0.10010741138560687,0.2088698140200286,0.020909416398138203,0.7900943396226415,0.07359081419624217
2872443,57006.0,13951,2151,314,799,474,52123.0,866.0,2585.0,1432.0,0.15418249587843166,0.14597861459786146,0.022507347143573938,0.5932415519399249,0.016614546361491088
2925160,55767.0,13934,2863,542,1447,878,48532.0,1535.0,4127.0,1573.0,0.205468637864217,0.18931191058330424,0.03889766039902397,0.6067726330338632,0.03162861617077392
2304296,78324.0,13840,3085,619,1416,779,68296.0,2250.0,6263.0,1515.0,0.22290462427745664,0.20064829821717992,0.04472543352601156,0.5501412429378532,0.032944828394049434
5063620,41209.0,13756,2040,351,1067,683,35811.0,1221.0,2949.0,1228.0,0.14829892410584472,0.17205882352941176,0.025516138412329165,0.6401124648547329,0.03409566892854151
4151801,64498.0,13649,1473,197,577,370,60971.0,629.0,1851.0,1047.0,0.10791999413876474,0.13374066530889342,0.014433291816250275,0.6412478336221837,0.010316379918321825
3323023,45958.0,13645,1239,62,111,43,43021.0,132.0,1314.0,1491.0,0.09080249175522169,0.05004035512510089,0.004543788933675339,0.38738738738738737,0.003068268984914344
359388,41719.0,13605,2225,386,1020,607,36463.0,1138.0,3124.0,994.0,0.1635428151414921,0.17348314606741572,0.028371922087467843,0.5950980392156863,0.031209719441625757
3620161,39380.0,13567,1136,95,171,73,37402.0,207.0,1142.0,629.0,0.08373258642293802,0.08362676056338028,0.007002284956143584,0.4269005847953216,0.005534463397679269
146830,36040.0,13405,2082,322,1133,778,30401.0,1202.0,2731.0,1706.0,0.15531518090264826,0.15465898174831894,0.02402088772845953,0.6866725507502206,0.03953817308641163
901282,54280.0,13348,3003,830,3027,2135,43954.0,3921.0,4991.0,1414.0,0.2249775247228049,0.2763902763902764,0.06218160023973629,0.7053187974892633,0.08920689812076261
339580,44814.0,13293,2264,514,2245,1675,38025.0,2410.0,3249.0,1130.0,0.17031520349055895,0.22703180212014135,0.03866696757692018,0.7461024498886414,0.063379355687048
4583884,57284.0,13183,2101,137,251,111,52440.0,296.0,2669.0,1879.0,0.15937191837973147,0.06520704426463589,0.010392171736327088,0.44223107569721115,0.005644546147978643
323851,32884.0,13146,1454,123,339,210,29791.0,390.0,2018.0,685.0,0.11060398600334703,0.08459422283356259,0.009356458238247376,0.6194690265486725,0.013091202040884832
2891408,52569.0,13140,2553,434,1162,694,44871.0,1986.0,4261.0,1451.0,0.19429223744292237,0.1699960830395613,0.033028919330289196,0.5972461273666093,0.04426021260948051
3758209,30777.0,13098,1256,100,290,184,27892.0,313.0,1682.0,890.0,0.09589250267216369,0.07961783439490445,0.007634753397465262,0.6344827586206897,0.01122185572924136
267209,63259.0,13022,2532,463,986,504,54848.0,1943.0,4622.0,1846.0,0.19444017816003686,0.18285939968404424,0.03555521425280295,0.5111561866125761,0.03542517502917153
2558204,48395.0,12943,2486,690,2789,2043,40593.0,2930.0,3303.0,1569.0,0.1920729351773159,0.27755430410297666,0.05331066986015607,0.7325206167084977,0.07217993250067746
1040727,19936.0,12902,460,45,144,96,18783.0,157.0,556.0,440.0,0.03565338707177182,0.09782608695652174,0.0034878313439776778,0.6666666666666666,0.008358622158334664
4130426,40516.0,12841,2011,120,281,154,35878.0,371.0,2276.0,1991.0,0.1566077408301534,0.05967180507210343,0.009345066583599407,0.5480427046263345,0.010340598695579463
1249761,43437.0,12806,2038,299,1038,721,38277.0,1180.0,2588.0,1392.0,0.15914415117913477,0.1467124631992149,0.023348430423239107,0.6946050096339114,0.030827912323327326
2725426,35558.0,12788,1665,241,567,321,31611.0,605.0,2150.0,1192.0,0.1302001876759462,0.14474474474474475,0.01884579293087269,0.5661375661375662,0.01913890734238082
2459106,48857.0,12771,1566,274,775,492,44594.0,874.0,2316.0,1073.0,0.1226215644820296,0.17496807151979565,0.02145485866416099,0.6348387096774194,0.01959904919944387
2576484,45618.0,12768,2137,479,1433,930,39794.0,1538.0,3195.0,1091.0,0.16737155388471178,0.22414599906410856,0.037515664160401,0.6489881367759944,0.038649042569231545
4794845,54252.0,12644,2219,305,787,466,48549.0,1057.0,3454.0,1192.0,0.17549826004428978,0.13744930148715637,0.024122113255298956,0.5921219822109276,0.021771818163092958
3253210,30068.0,12583,1345,203,1219,968,26111.0,1353.0,2091.0,513.0,0.10689024874831121,0.15092936802973977,0.016132877692124296,0.7940935192780968,0.05181724177549692
2042400,39646.0,12524,2200,560,2973,2297,32340.0,3121.0,3324.0,861.0,0.17566272756307888,0.2545454545454545,0.044714148834238264,0.7726202489068281,0.09650587507730365
4921805,51314.0,12414,2369,430,1304,840,44973.0,1396.0,3318.0,1627.0,0.1908329305622684,0.18151118615449557,0.034638311583695826,0.6441717791411042,0.031040846730260377
2362370,29600.0,12318,1289,82,183,96,27202.0,200.0,1509.0,689.0,0.10464361097580777,0.06361520558572537,0.006656924825458679,0.5245901639344263,0.0073524005587824424
4639855,48686.0,12291,2175,384,1106,695,43083.0,1229.0,3222.0,1152.0,0.1769587503051013,0.17655172413793102,0.031242372467659263,0.6283905967450272,0.02852633289232412
4817527,29468.0,12282,1407,227,750,508,25855.0,801.0,1831.0,981.0,0.11455788959452858,0.1613361762615494,0.01848233186777398,0.6773333333333333,0.030980467994585186
2433095,33414.0,12248,1815,175,680,491,28822.0,707.0,2482.0,1403.0,0.14818745917700848,0.09641873278236915,0.014288047028086219,0.7220588235294118,0.024529873013670114
2748804,39443.0,12229,1442,90,178,85,35964.0,194.0,2006.0,1279.0,0.1179164281625644,0.06241331484049931,0.007359555155777251,0.47752808988764045,0.005394283172060949
553365,65699.0,12228,2749,432,1024,570,58275.0,1283.0,4013.0,2128.0,0.22481190709846255,0.15714805383775918,0.03532875368007851,0.556640625,0.022016302016302017
4583654,20332.0,12224,785,161,1165,944,16983.0,1202.0,1572.0,575.0,0.06421793193717278,0.2050955414012739,0.013170811518324606,0.8103004291845494,0.07077665901195312
2202384,44816.0,12174,1489,178,385,203,41684.0,435.0,1622.0,1075.0,0.1223098406439954,0.11954331766286098,0.014621324133399047,0.5272727272727272,0.010435658765953364
330316,34251.0,12161,1793,356,1702,1305,29037.0,1859.0,2526.0,829.0,0.14743853301537702,0.19854991634132738,0.029273908395691144,0.7667450058754407,0.06402176533388436
3209590,28057.0,12155,1646,230,731,473,24074.0,779.0,2184.0,1020.0,0.13541752365281778,0.13973268529769137,0.018922254216371864,0.6470588235294118,0.03235856110326493
4869428,43737.0,12144,2477,249,576,317,37795.0,626.0,3323.0,1993.0,0.20396903820816864,0.1005248284214776,0.02050395256916996,0.5503472222222222,0.016563037438814657
3566034,56024.0,12061,2672,374,863,478,48823.0,973.0,4145.0,2083.0,0.2215405024459,0.13997005988023953,0.031009037393250973,0.5538818076477404,0.019929131761669706
1231891,47173.0,11939,2367,545,1761,1156,39933.0,2116.0,3607.0,1517.0,0.1982578105368959,0.2302492606675116,0.045648714297679874,0.6564452015900056,0.05298875616657902
2774299,28863.0,11937,1641,345,1651,1246,23863.0,1856.0,2603.0,541.0,0.13747172656446344,0.21023765996343693,0.028901734104046242,0.7546941247728649,0.07777731215689561
1722855,49243.0,11894,1446,210,571,348,45803.0,617.0,1766.0,1057.0,0.12157390280813855,0.14522821576763487,0.017655960988733815,0.6094570928196147,0.013470733358076982
767106,27133.0,11860,1600,202,952,714,22848.0,1047.0,2354.0,884.0,0.13490725126475547,0.12625,0.01703204047217538,0.75,0.04582457983193277
2247787,51048.0,11807,1276,119,301,180,48065.0,327.0,1704.0,952.0,0.10807148301854833,0.0932601880877743,0.010078766833234522,0.5980066445182725,0.006803287215229377
5003455,28633.0,11792,965,96,282,183,26403.0,315.0,1080.0,835.0,0.08183514246947082,0.09948186528497409,0.008141112618724558,0.648936170212766,0.011930462447449153
611849,43898.0,11768,2384,480,1610,1083,36996.0,1864.0,3748.0,1290.0,0.2025832766825289,0.20134228187919462,0.04078857919782461,0.6726708074534161,0.05038382527840848
3457718,29058.0,11720,978,33,67,32,27026.0,76.0,1120.0,836.0,0.08344709897610922,0.03374233128834356,0.0028156996587030718,0.47761194029850745,0.0028121068600606824
3171095,34567.0,11643,1585,142,344,198,30755.0,370.0,2101.0,1341.0,0.13613329897792664,0.08958990536277603,0.012196169372154942,0.5755813953488372,0.01203056413591286
1438507,35288.0,11635,886,35,96,60,33589.0,119.0,939.0,641.0,0.0761495487752471,0.039503386004514675,0.0030081650193382035,0.625,0.003542826520587097
1505776,54423.0,11618,2023,216,449,231,49360.0,476.0,2833.0,1754.0,0.17412635565501808,0.10677212061295106,0.018591840247891202,0.5144766146993318,0.009643435980551054
3248072,34535.0,11593,2072,437,2415,1902,27372.0,2627.0,3057.0,1479.0,0.1787285430863452,0.2109073359073359,0.037695160872940565,0.7875776397515528,0.09597398801695163
3673049,75273.0,11560,2508,437,845,400,68382.0,978.0,3979.0,1934.0,0.21695501730103806,0.17424242424242425,0.03780276816608997,0.47337278106508873,0.014302009300693164
4138583,42857.0,11519,2294,498,2011,1478,36121.0,2270.0,3275.0,1191.0,0.19914923170414098,0.21708805579773321,0.04323291952426426,0.7349577324714073,0.06284432878380997
4825728,27263.0,11499,830,22,56,34,25660.0,63.0,757.0,783.0,0.07218018958170276,0.02650602409638554,0.00191320984433429,0.6071428571428571,0.002455183164458301
4203730,30115.0,11446,992,86,206,117,28143.0,243.0,1132.0,597.0,0.08666783155687577,0.08669354838709678,0.007513541848680762,0.5679611650485437,0.008634473936680525
3232473,41749.0,11360,1857,417,1412,972,36764.0,1536.0,2322.0,1127.0,0.16346830985915492,0.2245557350565428,0.03670774647887324,0.6883852691218131,0.04178000217604178
3087458,27361.0,11342,1510,325,1696,1300,21790.0,2257.0,2764.0,550.0,0.13313348615764414,0.2152317880794702,0.028654558278963144,0.7665094339622641,0.10357962368058743
4804883,28661.0,11274,1643,308,1473,1118,23821.0,1614.0,2509.0,717.0,0.14573354621252438,0.18746195982958003,0.027319496185914494,0.7589952477936185,0.06775534192519206
2331312,38745.0,11226,1923,317,918,577,33828.0,1015.0,2831.0,1071.0,0.1712987707108498,0.16484659386375455,0.02823801888473187,0.6285403050108932,0.030004729809625163
1020087,56445.0,11130,1931,132,279,140,51769.0,317.0,2545.0,1814.0,0.17349505840071877,0.0683583635422061,0.011859838274932614,0.5017921146953405,0.006123355676176862
2217187,33063.0,11120,1424,173,430,249,29735.0,481.0,1943.0,904.0,0.12805755395683452,0.12148876404494383,0.015557553956834532,0.5790697674418605,0.016176223305868504
2966303,48573.0,11050,1965,271,585,304,44104.0,645.0,2464.0,1360.0,0.17782805429864254,0.13791348600508907,0.024524886877828056,0.5196581196581197,0.014624523852711771
1050007,60334.0,11041,2627,436,882,437,53805.0,991.0,3574.0,1964.0,0.23793134679829725,0.16596878568709555,0.0394891767050086,0.4954648526077097,0.018418362605705788
2322253,39583.0,10995,1297,278,1086,788,35936.0,1271.0,1638.0,738.0,0.11796271032287403,0.21434078643022358,0.025284220100045475,0.7255985267034991,0.03536843276936776
2806049,46573.0,10977,1005,102,239,131,44170.0,283.0,1092.0,1028.0,0.09155506969117246,0.10149253731343283,0.009292156326865263,0.5481171548117155,0.006407063617840163
1724559,32043.0,10970,1711,193,479,269,28034.0,576.0,2255.0,1178.0,0.15597082953509572,0.11279953243717125,0.017593436645396535,0.5615866388308977,0.02054647927516587
245030,36139.0,10968,1298,201,711,497,32283.0,769.0,1778.0,1309.0,0.11834427425237053,0.15485362095531588,0.018326039387308535,0.69901547116737,0.02382058668649134
3669044,33383.0,10942,1856,514,2690,2082,26519.0,2987.0,2935.0,942.0,0.16962164138183147,0.2769396551724138,0.04697495887406324,0.7739776951672862,0.11263622308533504
3879308,50347.0,10935,2708,568,1573,961,43333.0,1806.0,3828.0,1380.0,0.24764517604023778,0.20974889217134415,0.05194330132601738,0.6109345200254291,0.04167724367110516
2581941,44710.0,10917,2388,648,1877,1183,37799.0,1994.0,3504.0,1413.0,0.21874141247595494,0.271356783919598,0.05935696619950536,0.6302610548748002,0.05275271832588164
3303026,44474.0,10835,1611,189,579,382,40469.0,637.0,2189.0,1179.0,0.14868481772035072,0.11731843575418995,0.017443470235348407,0.6597582037996546,0.01574044330228076
1288487,59685.0,10801,2635,467,1085,595,52434.0,1443.0,3622.0,2186.0,0.24395889269512083,0.17722960151802655,0.043236737339135266,0.5483870967741935,0.027520311248426594
1615537,33735.0,10729,1163,139,322,181,30859.0,349.0,1592.0,935.0,0.10839780035418026,0.11951848667239896,0.012955541056948457,0.562111801242236,0.011309504520561262
286229,24097.0,10710,1137,152,625,452,21024.0,648.0,1542.0,883.0,0.1061624649859944,0.13368513632365875,0.01419234360410831,0.7232,0.030821917808219176
2352202,33544.0,10690,1356,45,89,43,30426.0,96.0,1604.0,1418.0,0.12684752104770813,0.033185840707964605,0.00420954162768943,0.48314606741573035,0.0031551962137645437
1691699,43153.0,10686,1695,468,1395,899,38572.0,1566.0,2118.0,897.0,0.15861875350926447,0.2761061946902655,0.043795620437956206,0.6444444444444445,0.04059939852742922
448398,30912.0,10672,1279,149,606,443,27499.0,697.0,1707.0,1009.0,0.11984632683658171,0.1164972634870993,0.01396176911544228,0.731023102310231,0.025346376231862977
4282670,34243.0,10671,1303,186,483,292,31274.0,571.0,1690.0,708.0,0.12210664417580358,0.1427475057559478,0.01743041889232499,0.6045548654244306,0.01825797787299354
1046047,45016.0,10605,2425,377,1077,676,39072.0,1163.0,3043.0,1738.0,0.22866572371522867,0.15546391752577318,0.03554926921263555,0.627669452181987,0.029765561015561017
4066962,19798.0,10600,600,76,351,265,18075.0,379.0,849.0,495.0,0.05660377358490566,0.12666666666666668,0.007169811320754717,0.7549857549857549,0.020968188105117566
3672452,32847.0,10582,1913,180,517,325,28428.0,547.0,2308.0,1564.0,0.18077868077868078,0.09409304756926294,0.01701001701001701,0.6286266924564797,0.01924159279583509
450901,35856.0,10538,1976,424,1755,1291,30169.0,1929.0,2793.0,965.0,0.18751186183336496,0.2145748987854251,0.040235338773960905,0.7356125356125356,0.06393980576088037
4784134,27590.0,10532,1352,291,1639,1296,22999.0,1758.0,2105.0,728.0,0.12837067983289024,0.21523668639053253,0.027630079756931256,0.7907260524710189,0.0764381060046089
2030976,49717.0,10484,2481,578,1996,1368,42803.0,2330.0,3699.0,885.0,0.23664631819916063,0.23297057638049173,0.055131629149179705,0.685370741482966,0.05443543676845081
2890111,42275.0,10474,1275,110,242,128,39470.0,274.0,1589.0,942.0,0.12172999809050983,0.08627450980392157,0.010502195913691045,0.5289256198347108,0.006941981251583481
4276787,29281.0,10457,1774,194,738,519,25054.0,815.0,2348.0,1064.0,0.16964712632686238,0.10935738444193913,0.0185521660131969,0.7032520325203252,0.03252973577073521
1943989,26633.0,10436,1303,190,536,334,23266.0,590.0,2141.0,636.0,0.12485626676887697,0.14581734458940906,0.018206209275584515,0.6231343283582089,0.025358892804951433
4509358,45149.0,10429,1926,113,194,78,40623.0,208.0,2297.0,2021.0,0.18467734202703998,0.05867082035306334,0.010835171157349699,0.4020618556701031,0.005120252073948256
3439012,34761.0,10378,1781,495,2891,2316,28238.0,3193.0,2495.0,835.0,0.17161302755829638,0.2779337450870298,0.047697051455000965,0.8011068834313386,0.1130745803527162
1884568,28229.0,10354,1484,269,1360,1050,23697.0,1548.0,2216.0,768.0,0.14332625072435773,0.18126684636118598,0.025980297469576974,0.7720588235294118,0.06532472464868971
3880463,35026.0,10343,1909,536,2674,2027,28187.0,2921.0,2949.0,969.0,0.18456927390505656,0.28077527501309585,0.05182248863965967,0.7580403889304412,0.10362933267108951
551706,31292.0,10272,1617,284,1000,690,26791.0,1101.0,2203.0,1197.0,0.1574182242990654,0.1756338899196042,0.02764797507788162,0.69,0.0410958904109589
3904106,34676.0,10253,1728,250,632,373,30815.0,702.0,1983.0,1176.0,0.16853603823271238,0.14467592592592593,0.024383107383204917,0.5901898734177216,0.02278111309427227
4466876,43261.0,10223,1080,42,87,42,40801.0,111.0,1242.0,1107.0,0.1056441357722782,0.03888888888888889,0.004108383057810819,0.4827586206896552,0.0027205215558442197
3459562,45845.0,10191,1834,347,1098,722,40703.0,1198.0,2385.0,1559.0,0.1799627121970366,0.18920392584514723,0.03404965165341969,0.6575591985428051,0.029432719946932657
703487,37494.0,10161,1127,275,1002,716,34012.0,1481.0,1469.0,532.0,0.11091428009054227,0.2440106477373558,0.027064265328215726,0.7145708582834331,0.043543455251087854
243423,29898.0,10149,1013,164,705,520,27385.0,789.0,1219.0,505.0,0.09981278943738299,0.16189536031589338,0.016159227510099516,0.7375886524822695,0.02881139309841154
569703,25321.0,10129,1261,215,1516,1255,21244.0,1606.0,1770.0,701.0,0.12449402705104157,0.17049960348929422,0.021226182248988056,0.8278364116094987,0.07559781585388815
578983,31387.0,10122,1036,65,142,74,29324.0,157.0,1076.0,830.0,0.10235131396957123,0.06274131274131274,0.00642165579924916,0.5211267605633803,0.005353976265175283
3597057,36135.0,10055,971,87,197,108,33888.0,213.0,1246.0,788.0,0.09656887120835406,0.08959835221421215,0.008652411735454998,0.5482233502538071,0.006285410764872521
922189,22434.0,10015,1217,153,618,435,19303.0,669.0,1746.0,716.0,0.12151772341487768,0.1257189811010682,0.01527708437343984,0.7038834951456311,0.03465782520851681
1881956,34164.0,10003,1640,444,1955,1449,29073.0,2056.0,1988.0,1047.0,0.16395081475557333,0.2707317073170732,0.04438668399480156,0.7411764705882353,0.07071853609878581
3252144,27698.0,9995,932,80,184,101,25285.0,196.0,1054.0,1163.0,0.09324662331165583,0.08583690987124463,0.0080040020010005,0.5489130434782609,0.007751631402017006
4015820,46569.0,9932,2039,460,1169,680,40600.0,1449.0,2953.0,1567.0,0.20529601288763594,0.22560078469838157,0.046314941602899715,0.58169375534645,0.03568965517241379
2632873,19392.0,9930,580,165,925,747,17081.0,1165.0,817.0,329.0,0.05840886203423968,0.28448275862068967,0.01661631419939577,0.8075675675675675,0.06820443767929278
4712571,38169.0,9906,1877,208,529,309,33367.0,679.0,2774.0,1349.0,0.1894811225519887,0.1108151305274374,0.02099737532808399,0.5841209829867675,0.020349447058470943
1943877,25458.0,9900,927,139,379,232,23325.0,416.0,1112.0,605.0,0.09363636363636364,0.1499460625674218,0.01404040404040404,0.6121372031662269,0.017834941050375135
3604509,64945.0,9887,2709,625,1402,761,57427.0,1785.0,4035.0,1698.0,0.2739961565692323,0.2307124400147656,0.06321432183675534,0.5427960057061341,0.031082940080449963
739426,24233.0,9881,1183,185,1134,907,20433.0,1348.0,1998.0,454.0,0.11972472421819653,0.15638207945900254,0.018722801335897175,0.7998236331569665,0.06597171242597759
1813610,29281.0,9877,1432,324,1415,1054,25021.0,1531.0,1983.0,746.0,0.14498329452262834,0.22625698324022347,0.0328034828389187,0.7448763250883392,0.06118860157467727
3637084,26575.0,9875,730,188,1362,1151,23853.0,1463.0,987.0,272.0,0.0739240506329114,0.25753424657534246,0.019037974683544304,0.8450807635829662,0.06133400410849788
1471163,38512.0,9869,2027,496,1742,1205,32589.0,1966.0,3113.0,844.0,0.20539061708379774,0.24469659595461274,0.050258384841422636,0.6917336394948336,0.060327104237626196
181182,29494.0,9863,1492,218,701,457,25887.0,764.0,2263.0,580.0,0.15127243232282267,0.14611260053619302,0.022102808476122882,0.651925820256776,0.02951288291420404
3430419,32414.0,9859,1873,386,1499,1075,26607.0,1851.0,3046.0,910.0,0.18997869966528044,0.20608649225840897,0.039152043817831425,0.7171447631754503,0.0695681587552148
3361496,28039.0,9820,1179,131,392,251,25176.0,439.0,1486.0,938.0,0.12006109979633402,0.1111111111111111,0.013340122199592668,0.6403061224489796,0.017437241817604067
4444302,34783.0,9814,1633,297,773,470,30718.0,832.0,2131.0,1102.0,0.1663949459955166,0.18187385180649113,0.03026288974933768,0.6080206985769728,0.02708509668598216
3081594,25330.0,9802,1184,133,471,326,22655.0,505.0,1395.0,775.0,0.12079167516833299,0.11233108108108109,0.013568659457253622,0.692144373673036,0.02229088501434562
4301450,37553.0,9798,1519,370,1672,1273,32889.0,1814.0,1885.0,965.0,0.15503163911002246,0.2435813034891376,0.03776280873647683,0.7613636363636364,0.055155219070205846
3320579,48368.0,9795,1973,373,1124,726,43010.0,1276.0,2808.0,1274.0,0.20142930066360387,0.1890522047643183,0.038080653394589076,0.6459074733096085,0.029667519181585677
3836451,39013.0,9794,1890,267,697,414,33727.0,915.0,2874.0,1497.0,0.19297529099448643,0.14126984126984127,0.027261588727792527,0.593974175035868,0.02712959943072316
4321796,27052.0,9765,1403,158,403,233,23947.0,462.0,2051.0,592.0,0.14367639528929851,0.11261582323592302,0.016180235535074246,0.5781637717121588,0.01929260450160772
1431810,29079.0,9753,1169,218,745,507,25921.0,810.0,1549.0,799.0,0.11986055572644315,0.1864841745081266,0.022352096790731055,0.6805369127516778,0.031248794413795765
3075521,16384.0,9743,712,81,325,234,14437.0,338.0,1110.0,499.0,0.07307810735912963,0.11376404494382023,0.008313661090013342,0.72,0.023412066218743505
2194744,29105.0,9736,1593,378,1851,1415,23865.0,2175.0,2388.0,677.0,0.16361955628594904,0.23728813559322035,0.038824979457682825,0.7644516477579687,0.09113764927718417
2272488,19677.0,9690,972,73,189,111,17736.0,214.0,1045.0,682.0,0.10030959752321982,0.07510288065843622,0.007533539731682147,0.5873015873015873,0.012065854758682906
3388914,15493.0,9685,394,29,108,78,14575.0,117.0,401.0,400.0,0.040681466184821886,0.07360406091370558,0.002994321115126484,0.7222222222222222,0.008027444253859348
3194735,55604.0,9680,2042,253,437,180,50887.0,483.0,2303.0,1931.0,0.2109504132231405,0.12389813907933399,0.026136363636363635,0.41189931350114417,0.009491618684536325
3829421,25114.0,9646,961,108,488,366,22419.0,687.0,1483.0,525.0,0.0996267883060336,0.11238293444328824,0.011196350818992328,0.75,0.03064365047504349
1530704,33395.0,9636,1687,160,422,252,28971.0,462.0,2195.0,1767.0,0.17507264425072644,0.0948429164196799,0.016604400166044003,0.5971563981042654,0.015946981464222843
64179,36447.0,9631,2221,645,3268,2526,28721.0,3408.0,3301.0,1017.0,0.2306094901879348,0.29040972534894194,0.06697123870833765,0.7729498164014688,0.11865882107168971
3582241,23709.0,9625,648,60,142,80,22462.0,167.0,716.0,364.0,0.06732467532467533,0.09259259259259259,0.006233766233766234,0.5633802816901409,0.007434778737423204
4098232,52325.0,9615,1338,198,620,410,49070.0,692.0,1837.0,726.0,0.1391575663026521,0.14798206278026907,0.02059282371294852,0.6612903225806451,0.014102302832687997
85955,28775.0,9614,1566,454,3043,2474,22142.0,3230.0,2758.0,645.0,0.16288745579363428,0.28991060025542786,0.04722280008321198,0.813013473545843,0.14587661457862885
2087597,32546.0,9600,1631,70,168,91,29328.0,195.0,1859.0,1164.0,0.16989583333333333,0.04291845493562232,0.007291666666666667,0.5416666666666666,0.006648936170212766
3400167,31726.0,9571,1511,210,587,369,28254.0,633.0,1933.0,906.0,0.1578727405704733,0.13898080741230973,0.02194128095287849,0.6286201022146508,0.022403907411339987
1009182,29314.0,9529,1621,256,839,559,25015.0,899.0,2335.0,1065.0,0.17011228880260257,0.1579272054287477,0.026865358379683072,0.66626936829559,0.0359384369378373
1620537,17164.0,9504,641,101,443,333,14941.0,635.0,1110.0,478.0,0.0674452861952862,0.15756630265210608,0.010627104377104377,0.7516930022573364,0.04250050197443277
4310023,42346.0,9458,2030,324,740,402,37263.0,909.0,2694.0,1480.0,0.2146331148234299,0.15960591133004925,0.03425671389300063,0.5432432432432432,0.02439417116174221
4780547,27504.0,9452,1423,200,620,414,23832.0,671.0,1823.0,1178.0,0.15055014811680067,0.14054813773717498,0.021159542953872196,0.667741935483871,0.0281554212823095
3351726,36816.0,9414,1991,380,913,518,31448.0,1194.0,3138.0,1036.0,0.21149352028893137,0.19085886489201406,0.04036541321436159,0.5673603504928806,0.03796743831086238
2157356,34297.0,9410,1711,308,921,591,29751.0,1026.0,2642.0,878.0,0.18182784272051009,0.18001168907071888,0.03273113708820404,0.6416938110749185,0.03448623575678129
3561974,24133.0,9401,984,53,143,88,21915.0,161.0,904.0,1153.0,0.1046697159876609,0.05386178861788618,0.005637698117221572,0.6153846153846154,0.007346566278804472
4095810,29496.0,9324,1601,350,1834,1432,24633.0,1919.0,1980.0,964.0,0.1717074217074217,0.21861336664584635,0.03753753753753754,0.7808069792802618,0.07790362521820322
2922264,13754.0,9198,356,16,78,58,12646.0,80.0,531.0,497.0,0.03870406610132637,0.0449438202247191,0.0017395085888236572,0.7435897435897436,0.006326111023248458
2671397,40864.0,9186,1792,546,1940,1354,34560.0,2479.0,2981.0,844.0,0.19507946875680382,0.3046875,0.05943827563683867,0.6979381443298969,0.07173032407407408
2394030,23737.0,9159,1236,194,772,562,20362.0,902.0,1753.0,720.0,0.1349492302653128,0.156957928802589,0.021181351675947157,0.727979274611399,0.044298202534132206
321567,22238.0,9152,1427,142,544,384,18688.0,575.0,2017.0,958.0,0.15592220279720279,0.09950946040644709,0.015515734265734266,0.7058823529411765,0.030768407534246575
3378887,35452.0,9143,1752,280,747,456,31094.0,809.0,2454.0,1095.0,0.19162200590615772,0.1598173515981735,0.03062452149185169,0.6104417670682731,0.026017881263266224
3177877,42673.0,9091,1957,469,1690,1176,37030.0,1915.0,2741.0,987.0,0.2152678473215268,0.2396525293817067,0.05158948410515895,0.6958579881656805,0.05171482581690521
3826089,24179.0,9027,771,69,152,80,22444.0,197.0,815.0,723.0,0.08541043536058492,0.08949416342412451,0.007643735460285809,0.5263157894736842,0.008777401532703618
1573465,30078.0,8991,1706,466,2504,1952,24062.0,2666.0,2664.0,686.0,0.18974530085641197,0.2731535756154748,0.05182960738516294,0.7795527156549521,0.11079710747236306
2311290,25446.0,8932,1479,275,1103,795,21042.0,1334.0,2346.0,724.0,0.16558441558441558,0.18593644354293443,0.03078817733990148,0.7207615593834995,0.06339701549282388
4684862,20905.0,8911,1115,129,577,439,18145.0,635.0,1518.0,607.0,0.1251262484569633,0.11569506726457399,0.014476489731792167,0.7608318890814558,0.0349958666299256
3681810,37429.0,8891,1406,176,385,204,34260.0,446.0,1755.0,968.0,0.1581374423574401,0.1251778093883357,0.019795298616578562,0.5298701298701298,0.013018096906012843
4915680,28313.0,8867,1537,302,1124,799,23935.0,1204.0,2197.0,977.0,0.1733393481448066,0.19648666232921275,0.034058869967294465,0.7108540925266904,0.0503029036975141
4969568,35578.0,8844,1729,366,1500,1091,29247.0,2014.0,3335.0,982.0,0.1954997738579828,0.21168305378831695,0.041383989145183174,0.7273333333333334,0.06886176359968543
2815065,27978.0,8839,1437,263,1034,744,24104.0,1122.0,2023.0,729.0,0.16257495191763774,0.18302018093249825,0.029754497115058263,0.7195357833655706,0.04654829074012612
2290623,32147.0,8837,1390,287,925,622,28830.0,981.0,1541.0,795.0,0.15729319904945116,0.20647482014388488,0.03247708498359172,0.6724324324324324,0.03402705515088449
3767409,28166.0,8825,1444,235,922,655,24027.0,983.0,2301.0,855.0,0.1636260623229462,0.16274238227146814,0.026628895184135977,0.710412147505423,0.040912306987971866
3455617,21140.0,8813,1218,201,1125,890,17233.0,1282.0,1883.0,742.0,0.13820492454328834,0.16502463054187191,0.022807216611823444,0.7911111111111111,0.07439215458712935
796856,29913.0,8765,1605,244,861,580,25429.0,1008.0,2502.0,974.0,0.18311466058185966,0.15202492211838006,0.027837992013690815,0.6736353077816493,0.039639781351999685
643645,43914.0,8755,1124,121,461,331,40989.0,539.0,1879.0,507.0,0.12838378069674472,0.10765124555160142,0.013820673900628213,0.7180043383947939,0.013149869477176803
4470576,31170.0,8729,1499,291,868,572,27363.0,925.0,1932.0,950.0,0.17172642914423186,0.1941294196130754,0.03333715202199564,0.6589861751152074,0.03380477286847203
3745824,16294.0,8728,386,36,98,59,15221.0,108.0,524.0,441.0,0.04422548120989918,0.09326424870466321,0.004124656278643446,0.6020408163265306,0.0070954602194336774
4580532,90657.0,8728,1802,396,822,416,85266.0,987.0,3246.0,1158.0,0.20646196150320806,0.21975582685904552,0.04537121906507791,0.5060827250608273,0.011575540074590105
5064,27793.0,8714,1301,100,240,136,24493.0,286.0,1509.0,1505.0,0.14929997704842782,0.07686395080707148,0.011475786091347258,0.5666666666666667,0.011676805617931654
133377,23334.0,8685,1279,97,256,153,20168.0,287.0,1728.0,1151.0,0.14726540011514105,0.07584050039093042,0.011168681635002878,0.59765625,0.014230464101547005
2596428,22955.0,8682,961,83,217,126,20808.0,229.0,1300.0,618.0,0.11068878138677724,0.08636836628511967,0.009560009214466713,0.5806451612903226,0.011005382545174932
2732466,32571.0,8643,1536,210,474,256,29046.0,522.0,1964.0,1039.0,0.17771607080874696,0.13671875,0.024297119055883373,0.540084388185654,0.017971493493079943
2626421,38084.0,8579,1689,310,836,517,33806.0,920.0,2396.0,962.0,0.19687609278470683,0.18354055654233273,0.03613474763958503,0.618421052631579,0.027214104005206175
3504022,22766.0,8573,1096,140,409,256,20316.0,446.0,1469.0,535.0,0.12784322874139742,0.12773722627737227,0.016330339437769743,0.6259168704156479,0.021953140381964952
2924150,25500.0,8553,1075,117,370,243,22907.0,405.0,1252.0,936.0,0.12568689348766515,0.10883720930232559,0.013679410733076113,0.6567567567567567,0.017680185096258787
924708,24880.0,8551,682,90,286,190,23364.0,329.0,693.0,494.0,0.07975675359607064,0.13196480938416422,0.010525084785405215,0.6643356643356644,0.014081492895052217
856718,21928.0,8529,1102,170,580,393,19177.0,620.0,1454.0,677.0,0.12920623754250204,0.1542649727767695,0.019931996717082893,0.6775862068965517,0.032330395786619386
863375,20352.0,8519,1330,297,1261,922,16412.0,1387.0,2151.0,402.0,0.1561216105176664,0.22330827067669173,0.03486324685996009,0.7311657414750198,0.08451133317085059
1819175,23239.0,8509,917,53,154,93,21463.0,165.0,1006.0,605.0,0.10776824538723705,0.05779716466739367,0.006228699024562228,0.6038961038961039,0.007687648511391697
4152994,31783.0,8445,1080,154,564,403,29203.0,604.0,1162.0,814.0,0.12788632326820604,0.1425925925925926,0.018235642391947898,0.7145390070921985,0.02068280656096976
996449,28670.0,8419,702,73,236,158,27133.0,267.0,720.0,550.0,0.08338282456348735,0.10398860398860399,0.008670863522983727,0.6694915254237288,0.009840415729922973
1127566,22200.0,8417,1269,280,1131,811,18236.0,1354.0,2023.0,587.0,0.15076630628489962,0.22064617809298662,0.033266009266959724,0.7170645446507515,0.07424873875849967
4051859,33907.0,8396,1264,104,211,99,31405.0,239.0,1323.0,940.0,0.15054787994282992,0.08227848101265822,0.012386850881372083,0.46919431279620855,0.007610253144403757
1392527,24505.0,8394,659,57,107,48,23252.0,117.0,724.0,412.0,0.07850845842268286,0.08649468892261002,0.006790564689063617,0.4485981308411215,0.0050318252193359714
2154669,19771.0,8369,1042,111,812,690,16771.0,874.0,1456.0,670.0,0.12450710957103596,0.10652591170825336,0.013263233361214004,0.8497536945812808,0.05211376781348757
4449178,24789.0,8358,1011,131,376,239,22448.0,406.0,1172.0,763.0,0.12096195262024408,0.12957467853610286,0.01567360612586743,0.6356382978723404,0.01808624376336422
2479420,39715.0,8350,1400,164,289,120,36636.0,331.0,1794.0,954.0,0.16766467065868262,0.11714285714285715,0.019640718562874252,0.41522491349480967,0.009034829129817666
4655941,29547.0,8343,1110,26,57,31,27098.0,60.0,1288.0,1101.0,0.13304566702624954,0.023423423423423424,0.003116384993407647,0.543859649122807,0.002214185548748985
562672,25437.0,8342,1101,124,343,213,22844.0,389.0,1399.0,805.0,0.13198273795252938,0.11262488646684832,0.014864540877487413,0.6209912536443148,0.017028541411311503
2612027,18903.0,8338,1084,129,436,290,16357.0,454.0,1414.0,678.0,0.13000719597025664,0.11900369003690037,0.015471336051810987,0.6651376146788991,0.027755700923152167
1875258,21866.0,8336,1267,205,715,481,18243.0,794.0,1978.0,851.0,0.15199136276391556,0.16179952644041043,0.024592130518234164,0.6727272727272727,0.04352354327687332
3962843,29924.0,8320,1114,203,890,662,26413.0,1027.0,1572.0,912.0,0.13389423076923077,0.1822262118491921,0.02439903846153846,0.7438202247191011,0.03888236853064779
401765,19761.0,8313,776,73,257,174,18134.0,278.0,871.0,478.0,0.09334776855527487,0.09407216494845361,0.008781426681101889,0.6770428015564203,0.015330318738281681
4267003,28802.0,8310,1134,139,312,169,26089.0,352.0,1529.0,832.0,0.13646209386281588,0.12257495590828923,0.016726835138387484,0.5416666666666666,0.013492276438345663
1108912,20765.0,8263,842,86,246,155,18689.0,271.0,1063.0,742.0,0.10190003630642623,0.1021377672209026,0.010407842188067288,0.6300813008130082,0.014500508320402375
163196,31367.0,8251,1558,273,836,537,27322.0,946.0,2219.0,880.0,0.18882559689734577,0.17522464698331194,0.03308689855775058,0.6423444976076556,0.034624112436864064
3794706,25540.0,8248,1234,185,546,353,22737.0,596.0,1568.0,639.0,0.14961202715809893,0.14991896272285252,0.02242967992240543,0.6465201465201466,0.02621278092976206
2154867,33479.0,8246,1161,210,522,306,30339.0,588.0,1545.0,1007.0,0.1407955372301722,0.18087855297157623,0.025466893039049237,0.5862068965517241,0.019380994759220806
4763051,24872.0,8230,1101,280,1438,1121,20947.0,1561.0,1693.0,671.0,0.13377885783718105,0.254314259763851,0.03402187120291616,0.7795549374130737,0.07452141118059866
3790396,26636.0,8192,944,103,269,164,24609.0,293.0,1156.0,578.0,0.115234375,0.10911016949152542,0.0125732421875,0.6096654275092936,0.011906213174042017
662846,32967.0,8180,794,97,299,192,30933.0,344.0,1169.0,521.0,0.09706601466992665,0.12216624685138538,0.011858190709046455,0.6421404682274248,0.011120809491481589
3675758,16221.0,8180,795,68,397,313,13991.0,434.0,1224.0,572.0,0.09718826405867971,0.08553459119496855,0.008312958435207823,0.7884130982367759,0.031019941390894146
3829657,21104.0,8164,934,108,301,183,18731.0,335.0,1491.0,547.0,0.1144047035766781,0.11563169164882227,0.013228809407153356,0.6079734219269103,0.017884789920452726
4894095,27524.0,8102,1428,320,1054,714,23377.0,1118.0,2139.0,890.0,0.17625277709207604,0.22408963585434175,0.03949642063687978,0.6774193548387096,0.047824785045129825
1612623,27161.0,8069,1261,168,422,246,24430.0,487.0,1357.0,887.0,0.15627710992688065,0.13322759714512292,0.020820423844342545,0.5829383886255924,0.019934506753990996
2436637,23014.0,8063,967,228,1022,769,20149.0,1147.0,1201.0,517.0,0.11993054694282525,0.23578076525336092,0.02827731613543346,0.7524461839530333,0.056925902029877413
1189158,24518.0,8059,1058,126,346,218,21940.0,378.0,1211.0,989.0,0.1312817967489763,0.11909262759924386,0.015634694130785456,0.630057803468208,0.017228805834092982
1676308,11789.0,8045,214,10,32,21,11254.0,35.0,211.0,289.0,0.026600372902423865,0.04672897196261682,0.001243008079552517,0.65625,0.003110005331437711
2492895,22569.0,8027,997,191,951,729,19449.0,1035.0,1374.0,711.0,0.12420580540675222,0.19157472417251756,0.023794692911423942,0.7665615141955836,0.05321610365571495
2106073,23733.0,7999,901,129,498,359,21380.0,553.0,1203.0,597.0,0.11263907988498563,0.14317425083240842,0.016127015876984622,0.7208835341365462,0.02586529466791394
284968,23586.0,7980,782,157,627,460,21269.0,710.0,1074.0,533.0,0.09799498746867168,0.20076726342711,0.01967418546365915,0.733652312599681,0.03338191734449198
1429156,19977.0,7975,980,203,950,716,16882.0,1088.0,1522.0,485.0,0.12288401253918495,0.20714285714285716,0.025454545454545455,0.7536842105263157,0.06444734036251629
869231,27224.0,7969,1180,182,583,388,24294.0,629.0,1383.0,918.0,0.1480737859204417,0.15423728813559323,0.022838499184339316,0.6655231560891939,0.025891166543179387
873792,24151.0,7960,923,160,474,303,21836.0,512.0,1145.0,658.0,0.11595477386934673,0.1733477789815818,0.020100502512562814,0.6392405063291139,0.023447517860413995
865039,25963.0,7946,857,173,701,518,23527.0,753.0,1089.0,594.0,0.107853007802668,0.20186697782963828,0.021771960734960988,0.738944365192582,0.03200578059251073
3425094,22313.0,7937,1203,139,436,282,19418.0,480.0,1553.0,862.0,0.1515686027466297,0.11554447215295095,0.01751291419931964,0.6467889908256881,0.024719332578020392
65362,25207.0,7927,1167,114,241,126,22439.0,341.0,1414.0,1013.0,0.14721836760439005,0.09768637532133675,0.014381228711996973,0.5228215767634855,0.015196755648647444
876318,22215.0,7900,1172,214,1034,770,18743.0,1156.0,1710.0,606.0,0.14835443037974683,0.1825938566552901,0.027088607594936708,0.7446808510638298,0.06167635917409166
751494,12398.0,7895,447,48,184,125,11171.0,196.0,591.0,440.0,0.05661811272957568,0.10738255033557047,0.0060797973400886635,0.6793478260869565,0.017545430131590725
1868423,27827.0,7846,1057,160,436,269,25061.0,503.0,1470.0,793.0,0.13471832781034923,0.15137180700094607,0.02039255671679837,0.6169724770642202,0.02007102669486453
1169503,16683.0,7839,781,83,479,379,14587.0,514.0,1155.0,427.0,0.09963005485393545,0.10627400768245839,0.010588085214950886,0.791231732776618,0.035236854733666965
4565874,19574.0,7835,1094,208,1164,921,16161.0,1275.0,1727.0,411.0,0.13962986598596044,0.19012797074954296,0.026547543075941288,0.7912371134020618,0.07889363281975126
2085893,17901.0,7828,1105,232,1267,978,13690.0,1317.0,1879.0,1015.0,0.1411599386816556,0.20995475113122172,0.02963719979560552,0.7719021310181531,0.09620160701241783
2241047,21645.0,7795,1050,172,672,473,18790.0,761.0,1530.0,564.0,0.13470173187940987,0.16380952380952382,0.022065426555484286,0.7038690476190477,0.040500266098988824
841696,23977.0,7787,1214,145,507,354,21019.0,553.0,1724.0,681.0,0.15590086040837292,0.11943986820428336,0.01862077822011044,0.6982248520710059,0.02630952947333365
5063923,20974.0,7714,1285,274,1282,968,16967.0,1475.0,2107.0,425.0,0.16658024371273011,0.2132295719844358,0.03551983406792844,0.7550702028081123,0.08693345906760182
941706,9356.0,7687,161,11,73,62,8653.0,75.0,356.0,272.0,0.02094445167165344,0.06832298136645963,0.0014309873812930923,0.8493150684931506,0.00866751415693979
550660,23952.0,7686,1191,89,200,107,21073.0,212.0,1604.0,1063.0,0.15495706479313037,0.07472712006717044,0.011579495186052563,0.535,0.010060266691975513
431452,26100.0,7678,1422,326,1032,667,22139.0,1150.0,1928.0,883.0,0.18520448033342016,0.22925457102672292,0.04245897369106538,0.6463178294573644,0.05194453227336375
2066955,34721.0,7672,1304,182,475,284,31642.0,520.0,1737.0,822.0,0.16996871741397288,0.13957055214723926,0.023722627737226276,0.5978947368421053,0.016433853738701727
1457367,20718.0,7660,1002,91,235,134,18646.0,253.0,1391.0,428.0,0.1308093994778068,0.09081836327345309,0.011879895561357703,0.5702127659574469,0.01356859380027888
3788576,14443.0,7576,561,61,213,149,12911.0,227.0,807.0,498.0,0.07404963041182683,0.10873440285204991,0.008051742344244984,0.6995305164319249,0.01758190690109209
4062559,25061.0,7573,1391,270,861,571,21230.0,954.0,1908.0,969.0,0.18367885910471413,0.19410496046010065,0.03565297768387693,0.6631823461091754,0.044936410739519546
3147903,26406.0,7536,669,32,85,51,25002.0,108.0,734.0,562.0,0.08877388535031847,0.04783258594917788,0.004246284501061571,0.6,0.004319654427645789
1354236,27055.0,7517,1061,124,352,219,24455.0,399.0,1359.0,842.0,0.1411467340694426,0.11687087653157399,0.016495942530264734,0.6221590909090909,0.016315681864649358
4244990,16847.0,7511,590,84,228,138,15447.0,251.0,733.0,416.0,0.07855145786180269,0.1423728813559322,0.011183597390493943,0.6052631578947368,0.016249109859519648
2896142,25124.0,7493,1200,301,984,663,21659.0,1102.0,1626.0,737.0,0.16014947284131856,0.25083333333333335,0.04017082610436407,0.6737804878048781,0.050879541991781706
1269883,20095.0,7486,535,60,220,154,18948.0,257.0,520.0,370.0,0.07146673791076677,0.11214953271028037,0.008014961261020572,0.7,0.013563436774329744
2579035,28799.0,7486,1127,77,159,81,26129.0,175.0,1446.0,1049.0,0.15054768901950308,0.06832298136645963,0.010285866951643068,0.5094339622641509,0.006697539132764362
4512393,23948.0,7461,1354,168,368,192,20865.0,413.0,1943.0,727.0,0.18147701380511996,0.1240768094534712,0.02251708886208283,0.5217391304347826,0.019793913251857177
3274258,20957.0,7460,1139,126,345,208,18516.0,373.0,1222.0,846.0,0.15268096514745308,0.1106233538191396,0.016890080428954422,0.6028985507246377,0.020144739684597106
446701,29942.0,7432,1543,261,849,565,25534.0,984.0,2311.0,1113.0,0.20761571582346608,0.16915100453661697,0.035118406889128095,0.6654888103651354,0.03853685282368607
4853207,21810.0,7431,999,196,638,426,18973.0,675.0,1459.0,703.0,0.1344368187323375,0.1961961961961962,0.026375992464002154,0.6677115987460815,0.03557687239761767
4006013,22839.0,7423,1349,280,1006,701,19071.0,1091.0,1882.0,795.0,0.1817324531860434,0.20756115641215717,0.03772059814091338,0.6968190854870775,0.057207278066173775
2986945,29105.0,7378,725,66,197,130,27478.0,212.0,820.0,595.0,0.09826511249661155,0.0910344827586207,0.008945513689346707,0.6598984771573604,0.0077152631195865785
1888306,27504.0,7374,1252,122,332,206,24389.0,371.0,1729.0,1015.0,0.1697857336588012,0.09744408945686901,0.01654461621914836,0.6204819277108434,0.01521177580056583
1297992,29715.0,7369,1527,361,1545,1142,24862.0,1858.0,2057.0,938.0,0.20721943275885465,0.2364112639161755,0.048989008006513776,0.7391585760517799,0.07473252352988496
2528824,17600.0,7364,879,70,166,92,15699.0,192.0,1019.0,690.0,0.11936447582835416,0.07963594994311718,0.009505703422053232,0.5542168674698795,0.012230078348939423
4331400,19098.0,7356,1098,259,1588,1250,14715.0,1752.0,2082.0,549.0,0.14926590538336051,0.23588342440801457,0.03520935290918978,0.7871536523929471,0.11906218144750255
3184456,19640.0,7346,850,100,410,299,17398.0,441.0,1229.0,572.0,0.11570922951265995,0.11764705882352941,0.013612850530901171,0.7292682926829268,0.025347741119668928
2794147,18243.0,7336,1023,200,1087,845,14370.0,1546.0,1841.0,486.0,0.13944929116684843,0.19550342130987292,0.027262813522355506,0.7773689052437902,0.10758524704244955
1629035,21311.0,7288,1014,129,346,208,18770.0,370.0,1595.0,576.0,0.13913282107574093,0.12721893491124261,0.01770032930845225,0.6011560693641619,0.019712306872669155
237446,39311.0,7283,843,100,286,180,37068.0,350.0,1333.0,560.0,0.11574900453109982,0.11862396204033215,0.013730605519703419,0.6293706293706294,0.009442106399050394
4169506,15587.0,7279,886,148,948,757,12564.0,1021.0,1600.0,402.0,0.12172001648578101,0.1670428893905192,0.02033246325044649,0.7985232067510548,0.08126392868513212
58836,21176.0,7243,1102,347,1628,1244,17243.0,1802.0,1328.0,803.0,0.15214690045561233,0.31488203266787657,0.047908325279580284,0.7641277641277642,0.10450617641941658
2486578,10613.0,7223,195,22,150,127,10027.0,161.0,258.0,167.0,0.026997092620794683,0.11282051282051282,0.003045825834140939,0.8466666666666667,0.016056647052957018
3090850,18243.0,7216,944,184,707,502,15504.0,775.0,1282.0,682.0,0.13082039911308205,0.19491525423728814,0.025498891352549888,0.71004243281471,0.04998710010319917
1528701,25239.0,7214,1281,217,604,371,21786.0,660.0,2106.0,687.0,0.17757138896589963,0.16939890710382513,0.030080399223731635,0.6142384105960265,0.030294684659873315
522951,17684.0,7204,906,163,870,686,14807.0,963.0,1269.0,645.0,0.1257634647418101,0.17991169977924945,0.022626318711826764,0.7885057471264367,0.065036806915648
5150761,18713.0,7202,761,82,211,127,17155.0,262.0,903.0,393.0,0.10566509302971397,0.10775295663600526,0.011385726187170231,0.6018957345971564,0.015272515301661323
5046132,18081.0,7177,1146,231,1101,824,14529.0,1255.0,1910.0,387.0,0.15967674515814406,0.20157068062827224,0.032186150202034275,0.7484105358764759,0.08637896620551999
2489066,20749.0,7176,978,138,418,277,18270.0,441.0,1271.0,767.0,0.1362876254180602,0.1411042944785276,0.019230769230769232,0.6626794258373205,0.02413793103448276
4662072,22065.0,7170,919,88,187,99,20170.0,203.0,1171.0,521.0,0.12817294281729427,0.0957562568008705,0.012273361227336122,0.5294117647058824,0.010064452156668319
3004643,19651.0,7162,978,140,389,237,17455.0,447.0,1280.0,469.0,0.1365540351857023,0.14314928425357873,0.019547612398771293,0.609254498714653,0.025608708106559724
1611144,24623.0,7143,1250,254,1090,809,21007.0,1201.0,1696.0,719.0,0.1749965000699986,0.2032,0.03555928881422372,0.7422018348623853,0.05717141905079259
2430608,23580.0,7132,756,63,202,133,21933.0,225.0,952.0,470.0,0.10600112170499158,0.08333333333333333,0.008833426808749299,0.6584158415841584,0.010258514567090685
4338287,25262.0,7129,1294,153,339,179,22047.0,461.0,1826.0,928.0,0.18151213353906578,0.11823802163833076,0.02146163557301164,0.528023598820059,0.020909874359323264
2321836,20543.0,7127,1241,320,1986,1585,15927.0,2065.0,1928.0,623.0,0.17412656096534307,0.257856567284448,0.04489967728356952,0.798086606243706,0.12965404658755572
2366905,25482.0,7119,944,197,893,684,22755.0,965.0,1087.0,675.0,0.13260289366484057,0.2086864406779661,0.027672425902514397,0.7659574468085106,0.04240826192045704
160181,22849.0,7111,938,217,1088,845,20017.0,1156.0,1102.0,574.0,0.13190831106736042,0.23134328358208955,0.030516101814090844,0.7766544117647058,0.05775091172503372
1073768,24154.0,7087,1346,120,279,155,21182.0,302.0,1775.0,895.0,0.18992521518272895,0.08915304606240713,0.01693241145759842,0.5555555555555556,0.014257388348597867
4364882,13449.0,7085,632,57,285,215,11923.0,302.0,817.0,407.0,0.08920254057868737,0.09018987341772151,0.008045165843330981,0.7543859649122807,0.025329195672230142
3100759,28788.0,7081,1013,146,360,206,26499.0,388.0,1096.0,805.0,0.14305888998728994,0.1441263573543929,0.020618556701030927,0.5722222222222222,0.014642061964602437
1013319,22767.0,7059,980,158,465,302,20229.0,552.0,1368.0,618.0,0.13882986258676866,0.16122448979591836,0.022382773763989235,0.6494623655913978,0.02728755746700282
2878148,20993.0,7035,1200,226,701,455,17691.0,778.0,1921.0,603.0,0.17057569296375266,0.18833333333333332,0.03212508884150675,0.6490727532097005,0.043977163529478266
2014414,19701.0,7028,678,57,153,93,18054.0,167.0,881.0,599.0,0.0964712578258395,0.084070796460177,0.008110415480933409,0.6078431372549019,0.009250027694693696
383530,20709.0,7024,995,136,454,301,18317.0,488.0,1205.0,699.0,0.14165717539863326,0.13668341708542714,0.0193621867881549,0.6629955947136564,0.026641917344543322
2739327,18705.0,7023,927,207,1054,814,15879.0,1157.0,1361.0,308.0,0.1319948739854763,0.22330097087378642,0.02947458351131995,0.7722960151802657,0.07286353044902072
4696710,24399.0,6995,1227,187,468,274,21336.0,503.0,1809.0,751.0,0.17541100786275912,0.15240423797881011,0.02673338098641887,0.5854700854700855,0.023575178102737158
5045733,20887.0,6969,1112,122,304,174,18366.0,329.0,1458.0,734.0,0.15956378246520303,0.10971223021582734,0.01750609843593055,0.5723684210526315,0.017913535881520202
757910,21966.0,6965,1100,233,980,713,18531.0,1087.0,1634.0,714.0,0.15793251974156497,0.21181818181818182,0.0334529791816224,0.7275510204081632,0.05865846419513248
1689624,29376.0,6956,1036,275,1041,745,25517.0,1661.0,1599.0,599.0,0.14893617021276595,0.26544401544401547,0.03953421506612996,0.7156580211335255,0.06509385899596347
4498047,22204.0,6954,1108,157,473,309,19338.0,509.0,1697.0,660.0,0.15933275812482026,0.14169675090252706,0.02257693413862525,0.653276955602537,0.026321232805874444
113102,25222.0,6934,1323,119,346,221,21956.0,369.0,1753.0,1144.0,0.190798961638304,0.08994708994708994,0.017161811364291894,0.638728323699422,0.01680633995263254
4078249,26888.0,6930,924,177,396,211,24555.0,467.0,1274.0,592.0,0.13333333333333333,0.19155844155844157,0.02554112554112554,0.5328282828282829,0.01901852983099165
3695050,26072.0,6927,1223,294,872,566,22674.0,945.0,1714.0,739.0,0.1765555074346759,0.2403924775143091,0.04244261585101776,0.6490825688073395,0.04167769251124636
1040356,28099.0,6926,1147,141,366,221,25411.0,397.0,1478.0,813.0,0.1656078544614496,0.12292938099389712,0.020358071036673406,0.6038251366120219,0.015623155326433434
35290,26494.0,6922,1071,117,218,91,24348.0,243.0,1174.0,729.0,0.15472406818838486,0.1092436974789916,0.016902629297890784,0.41743119266055045,0.009980285855101035
4141018,17694.0,6900,740,71,206,125,16098.0,214.0,840.0,542.0,0.1072463768115942,0.09594594594594595,0.010289855072463768,0.6067961165048543,0.013293576841843707
2421366,15246.0,6893,535,24,57,30,13987.0,61.0,710.0,488.0,0.07761497171043087,0.044859813084112146,0.003481793123458581,0.5263157894736842,0.004361192535926217
5002819,19736.0,6892,1183,78,163,80,16992.0,177.0,1462.0,1105.0,0.1716482878699942,0.06593406593406594,0.011317469529889728,0.49079754601226994,0.010416666666666666
5028097,11185.0,6870,421,26,136,106,10108.0,147.0,250.0,680.0,0.06128093158660844,0.06175771971496437,0.003784570596797671,0.7794117647058824,0.014542936288088643
2201685,18839.0,6854,826,208,731,515,16653.0,825.0,990.0,371.0,0.12051356871899621,0.25181598062953997,0.03034724248613948,0.7045143638850889,0.04954062331111511
535180,17358.0,6846,764,130,581,436,15264.0,633.0,1046.0,415.0,0.11159801343850424,0.17015706806282724,0.018989190768331873,0.7504302925989673,0.04147012578616352
3253357,27022.0,6828,1219,144,322,174,24093.0,341.0,1700.0,888.0,0.17852958406561217,0.11812961443806398,0.0210896309314587,0.5403726708074534,0.014153488565143403
3410245,18294.0,6821,892,164,686,509,15883.0,761.0,1115.0,535.0,0.13077261398621903,0.18385650224215247,0.02404339539656942,0.7419825072886297,0.04791286280929295
4285553,18043.0,6815,778,187,1212,1012,15360.0,1292.0,977.0,414.0,0.11415994130594277,0.2403598971722365,0.02743947175348496,0.834983498349835,0.08411458333333334
1609467,25338.0,6803,1468,314,1090,756,21430.0,1173.0,1879.0,856.0,0.2157871527267382,0.21389645776566757,0.046156107599588415,0.6935779816513762,0.054736350909939335
1104592,17062.0,6788,886,121,711,575,14523.0,821.0,1261.0,457.0,0.13052445492044784,0.136568848758465,0.017825574543311726,0.8087201125175809,0.056531019761757215
3860845,37124.0,6779,1053,322,1006,666,33634.0,1260.0,1290.0,940.0,0.15533264493288096,0.3057929724596391,0.04749963121404337,0.6620278330019881,0.03746209193078433
500212,21306.0,6775,848,45,127,78,19480.0,145.0,891.0,790.0,0.12516605166051661,0.05306603773584906,0.006642066420664207,0.6141732283464567,0.007443531827515401
784830,18155.0,6774,508,24,65,41,17158.0,83.0,586.0,328.0,0.07499261883672867,0.047244094488188976,0.00354295837023915,0.6307692307692307,0.004837393635621867
4273662,26557.0,6770,1070,176,582,400,23935.0,618.0,1310.0,694.0,0.15805022156573117,0.16448598130841122,0.025997045790251107,0.6872852233676976,0.02581992897430541
3530487,22873.0,6761,1337,305,1287,947,18863.0,1399.0,2091.0,520.0,0.19775181186215057,0.2281226626776365,0.04511166987132081,0.7358197358197358,0.07416635741928643
3159480,16837.0,6751,641,48,122,73,15441.0,133.0,813.0,450.0,0.09494889645978373,0.0748829953198128,0.007110057769219375,0.5983606557377049,0.008613431772553592
3164550,17070.0,6740,926,172,1215,1004,13728.0,1298.0,1475.0,569.0,0.1373887240356083,0.1857451403887689,0.025519287833827894,0.8263374485596707,0.09455128205128205
135038,27173.0,6739,665,85,249,156,25555.0,268.0,900.0,450.0,0.09867932927734085,0.12781954887218044,0.012613147351239057,0.6265060240963856,0.010487184504010956
2964603,28509.0,6731,1254,225,614,383,25309.0,665.0,1604.0,931.0,0.18630218392512257,0.17942583732057416,0.03342742534541673,0.6237785016286646,0.026275238057607966
476283,19460.0,6724,1123,236,1186,912,15866.0,1292.0,1692.0,610.0,0.16701368233194527,0.21015138023152272,0.03509815585960738,0.7689713322091062,0.08143199294087987
1419417,32686.0,6702,1438,354,1059,689,28759.0,1159.0,1800.0,968.0,0.21456281706953148,0.24617524339360222,0.052820053715308866,0.6506137865911237,0.0403004276922007
3796207,18092.0,6685,909,141,440,288,15841.0,481.0,1167.0,603.0,0.13597606581899777,0.1551155115511551,0.021091997008227375,0.6545454545454545,0.030364244681522632
1158475,41046.0,6681,1494,428,1220,775,36879.0,1336.0,2112.0,719.0,0.22361921867983836,0.28647925033467203,0.06406226612782517,0.6352459016393442,0.03622657881178991
3415144,19644.0,6656,993,257,1150,865,16436.0,1299.0,1347.0,562.0,0.14918870192307693,0.2588116817724068,0.03861177884615385,0.7521739130434782,0.07903382818203943
2837163,17574.0,6652,811,164,833,646,14986.0,1016.0,1143.0,429.0,0.12191822008418521,0.20221948212083848,0.02465423932651834,0.7755102040816326,0.06779661016949153
1689352,14483.0,6649,760,150,963,781,11826.0,1077.0,1389.0,191.0,0.11430290269213415,0.19736842105263158,0.02255978342607911,0.8110072689511942,0.09107052257737189
1253595,21819.0,6619,481,41,86,44,20867.0,92.0,474.0,386.0,0.07266958755098958,0.08523908523908524,0.006194289167547968,0.5116279069767442,0.004408875257583745
2425725,19239.0,6609,815,116,264,144,17268.0,295.0,1068.0,608.0,0.12331668936298987,0.1423312883435583,0.017551823271296715,0.5454545454545454,0.017083622886263607
22129,18883.0,6609,591,22,52,27,17472.0,56.0,662.0,693.0,0.08942351339083068,0.03722504230118443,0.0033287940686942048,0.5192307692307693,0.003205128205128205
3980900,15734.0,6601,919,149,673,493,13193.0,724.0,1243.0,574.0,0.13922133010149979,0.16213275299238303,0.022572337524617483,0.7325408618127786,0.05487758659895399
4238377,18204.0,6593,936,213,844,609,15421.0,935.0,1283.0,565.0,0.14196875473987564,0.22756410256410256,0.03230699226452298,0.7215639810426541,0.06063160625121587
1281171,24917.0,6577,1292,176,444,253,21741.0,464.0,1654.0,1058.0,0.19644214687547515,0.13622291021671826,0.026759920936597233,0.5698198198198198,0.021342164573846648
4350978,23615.0,6573,1328,225,971,717,19998.0,1061.0,1827.0,729.0,0.2020386429332116,0.1694277108433735,0.03423094477407576,0.7384140061791967,0.05305530553055306
1026507,26620.0,6552,593,71,148,76,25221.0,207.0,797.0,395.0,0.0905067155067155,0.11973018549747048,0.010836385836385836,0.5135135135135135,0.008207446175805875
1963052,16279.0,6515,700,157,686,512,14217.0,759.0,1003.0,300.0,0.10744435917114352,0.22428571428571428,0.02409823484267076,0.7463556851311953,0.05338679046212281
4897718,17878.0,6504,986,194,890,661,14803.0,930.0,1555.0,590.0,0.1515990159901599,0.19675456389452334,0.02982779827798278,0.7426966292134831,0.06282510301965817
3805065,28545.0,6501,671,120,361,238,26820.0,426.0,836.0,463.0,0.10321489001692047,0.17883755588673622,0.018458698661744346,0.6592797783933518,0.015883668903803133
3563906,10727.0,6498,521,66,348,267,8937.0,360.0,938.0,492.0,0.08017851646660511,0.12667946257197696,0.010156971375807941,0.7672413793103449,0.04028197381671702
223690,24345.0,6494,1176,285,842,546,20971.0,923.0,1626.0,825.0,0.18109023714197722,0.2423469387755102,0.043886664613489376,0.6484560570071259,0.0440131610319012
4355436,35910.0,6492,1020,96,171,74,33136.0,188.0,1659.0,927.0,0.15711645101663585,0.09411764705882353,0.014787430683918669,0.4327485380116959,0.005673587638821825
1936748,30191.0,6482,1359,465,2026,1519,25329.0,2282.0,1879.0,701.0,0.20965751311323666,0.34216335540838855,0.07173711817340327,0.7497532082922014,0.09009435824548936
3409740,13417.0,6474,720,73,260,185,11738.0,280.0,931.0,468.0,0.11121408711770157,0.10138888888888889,0.011275872721655854,0.7115384615384616,0.02385414891804396
2050292,30394.0,6456,1258,108,190,78,27804.0,203.0,1203.0,1184.0,0.19485749690210658,0.08585055643879173,0.016728624535315983,0.4105263157894737,0.00730110775427996
2407396,16932.0,6403,1045,148,731,558,13991.0,819.0,1594.0,528.0,0.1632047477744807,0.1416267942583732,0.023114165235046072,0.7633378932968536,0.058537631334429276
5144469,22481.0,6378,1110,190,623,424,19449.0,678.0,1581.0,773.0,0.17403574788334902,0.17117117117117117,0.029789902790843526,0.680577849117175,0.034860404133888634
4188178,25263.0,6377,1173,180,416,231,22490.0,442.0,1669.0,662.0,0.18394229261408185,0.1534526854219949,0.028226438764309237,0.5552884615384616,0.019653179190751446
4715650,21645.0,6367,1289,221,903,657,18225.0,982.0,1562.0,876.0,0.20245013350086383,0.17145073700543056,0.03471022459557091,0.7275747508305648,0.053882030178326476
3155703,16466.0,6364,853,161,977,777,13577.0,1116.0,1331.0,442.0,0.13403519798868635,0.18874560375146543,0.02529855436832181,0.7952917093142272,0.08219783457317523
2156574,21129.0,6359,831,129,378,247,19052.0,444.0,1127.0,506.0,0.13068092467369083,0.1552346570397112,0.02028620852335273,0.6534391534391535,0.023304639932815452
2196412,20690.0,6356,743,165,459,292,18795.0,576.0,964.0,355.0,0.11689741976085588,0.22207267833109018,0.025959723096286972,0.6361655773420479,0.030646448523543496
3123187,12779.0,6348,776,89,438,329,10771.0,472.0,1058.0,478.0,0.12224322621298046,0.11469072164948453,0.014020163831127913,0.7511415525114156,0.04382137220313806
690811,16726.0,6343,761,102,502,379,14497.0,711.0,1140.0,378.0,0.11997477534289769,0.1340341655716163,0.016080718902727414,0.7549800796812749,0.049044629923432434
1929875,17091.0,6330,776,168,659,478,14905.0,714.0,980.0,492.0,0.1225908372827804,0.21649484536082475,0.026540284360189573,0.7253414264036419,0.047903388124790336
3570656,18828.0,6313,621,75,263,184,17378.0,288.0,814.0,348.0,0.09836844606367813,0.12077294685990338,0.01188024710913987,0.6996197718631179,0.01657267809874554
3886822,23835.0,6306,963,116,332,209,21579.0,356.0,1162.0,738.0,0.1527117031398668,0.12045690550363447,0.018395179194418014,0.6295180722891566,0.016497520737754297
4988911,16075.0,6287,640,152,497,336,14176.0,562.0,978.0,359.0,0.10179735963098457,0.2375,0.024176872912358836,0.676056338028169,0.03964446952595937
5008221,19434.0,6286,1188,249,956,679,16024.0,1070.0,1733.0,607.0,0.1889914094813872,0.20959595959595959,0.03961183582564429,0.7102510460251046,0.06677483774338493
949648,12809.0,6258,637,83,394,291,11095.0,418.0,1090.0,206.0,0.1017897091722595,0.130298273155416,0.013263023330137425,0.7385786802030457,0.037674628210905815
3392099,14259.0,6248,606,99,344,235,12484.0,377.0,866.0,532.0,0.0969910371318822,0.16336633663366337,0.01584507042253521,0.6831395348837209,0.03019865427747517
3139583,18839.0,6233,934,146,352,196,16705.0,395.0,1132.0,607.0,0.14984758543237606,0.15631691648822268,0.023423712497994544,0.5568181818181818,0.0236456150853038
399287,17581.0,6191,856,36,81,43,15756.0,85.0,932.0,808.0,0.13826522371183977,0.04205607476635514,0.005814892586011953,0.5308641975308642,0.005394770246255395
3294401,11190.0,6188,468,29,102,69,10052.0,112.0,479.0,547.0,0.07563025210084033,0.06196581196581197,0.0046864899806076275,0.6764705882352942,0.011142061281337047
3354186,15092.0,6185,942,218,937,687,12127.0,1054.0,1613.0,298.0,0.15230396119644302,0.23142250530785563,0.03524656426839127,0.7331910352187834,0.08691349880432093
2672762,25053.0,6174,1036,173,356,170,22542.0,411.0,1270.0,830.0,0.16780045351473924,0.166988416988417,0.028020732102364755,0.47752808988764045,0.01823263241948363
428367,24584.0,6136,1301,412,1697,1247,19839.0,2066.0,2066.0,613.0,0.21202737940026076,0.3166794773251345,0.06714471968709257,0.7348261638185032,0.1041383134230556
2156156,15085.0,6132,696,118,681,540,12868.0,801.0,952.0,464.0,0.11350293542074363,0.16954022988505746,0.019243313763861708,0.7929515418502202,0.06224743549891203
1343555,23299.0,6118,429,15,51,35,22394.0,55.0,428.0,422.0,0.07012095456031382,0.03496503496503497,0.0024517816279830008,0.6862745098039216,0.002456015004018934
970709,22074.0,6103,1246,396,1980,1542,17566.0,2094.0,1746.0,668.0,0.20416188759626414,0.31781701444622795,0.06488612157955104,0.7787878787878788,0.11920756005920528
957119,19854.0,6097,1203,320,1437,1074,16019.0,1554.0,1805.0,476.0,0.19731015253403314,0.2660016625103907,0.05248482860423159,0.7473903966597077,0.097009800861477
3619575,28450.0,6087,1434,388,1226,807,24034.0,1390.0,1989.0,1037.0,0.23558403154263183,0.2705718270571827,0.06374240183998686,0.6582381729200653,0.05783473412665391
2409814,14798.0,6083,873,104,627,512,12332.0,679.0,1262.0,525.0,0.1435147131349663,0.11912943871706758,0.0170968272234095,0.8165869218500797,0.055060006487187806
274067,21217.0,6075,956,140,455,308,18768.0,515.0,1329.0,605.0,0.15736625514403293,0.14644351464435146,0.023045267489711935,0.676923076923077,0.027440323955669223
2644878,21361.0,6074,1032,190,474,279,18841.0,521.0,1420.0,579.0,0.16990451103062232,0.18410852713178294,0.03128086927889365,0.5886075949367089,0.027652460060506343
3490970,20898.0,6066,583,99,343,240,19485.0,377.0,590.0,446.0,0.09610946257830531,0.16981132075471697,0.016320474777448073,0.6997084548104956,0.01934821657685399
2314022,16830.0,6057,978,166,538,348,14230.0,601.0,1402.0,597.0,0.16146607231302626,0.16973415132924335,0.027406306752517748,0.6468401486988847,0.042234715390021084
1737857,21733.0,6055,1187,245,782,515,18769.0,859.0,1620.0,485.0,0.19603633360858794,0.2064026958719461,0.04046242774566474,0.6585677749360613,0.04576695615110022
605882,21681.0,6054,717,108,418,305,19929.0,446.0,839.0,467.0,0.11843409316154609,0.1506276150627615,0.017839444995044598,0.7296650717703349,0.022379447036981283
2540093,19087.0,6039,891,184,478,277,16678.0,510.0,1272.0,627.0,0.14754098360655737,0.20650953984287318,0.03046862063255506,0.5794979079497908,0.03057920613982492
306202,16025.0,6030,739,83,269,179,14170.0,300.0,1153.0,402.0,0.12255389718076286,0.11231393775372124,0.013764510779436153,0.6654275092936803,0.02117148906139732
2020240,17493.0,6029,1071,163,665,485,14561.0,753.0,1573.0,606.0,0.177641399900481,0.15219421101774042,0.027035992701940622,0.7293233082706767,0.05171348121694939
1872294,16663.0,6021,941,157,589,410,14038.0,640.0,1427.0,558.0,0.15628633117422355,0.16684378320935175,0.026075402757017106,0.6960950764006791,0.045590539962957685
211810,19223.0,6015,521,67,185,117,17907.0,225.0,707.0,384.0,0.08661679135494597,0.12859884836852206,0.01113881961762261,0.6324324324324324,0.01256491874685877
4688770,19897.0,6010,447,70,124,51,18661.0,139.0,580.0,517.0,0.07437603993344426,0.15659955257270694,0.011647254575707155,0.4112903225806452,0.0074486897808263225
5030562,29370.0,5997,1022,150,331,176,26816.0,349.0,1468.0,737.0,0.17041854260463565,0.14677103718199608,0.02501250625312656,0.5317220543806647,0.01301461813842482
2174838,15682.0,5972,477,66,193,123,14345.0,214.0,541.0,582.0,0.07987273945077027,0.13836477987421383,0.011051574012056262,0.6373056994818653,0.014918089926803765
2195789,23822.0,5969,1313,294,1004,690,20208.0,1045.0,1963.0,606.0,0.21996984419500754,0.22391469916222392,0.04925448148768638,0.6872509960159362,0.05171219319081552
393045,14249.0,5969,696,110,299,181,12600.0,345.0,990.0,314.0,0.11660244597084939,0.15804597701149425,0.018428547495392862,0.6053511705685619,0.02738095238095238
3909718,13828.0,5968,704,81,225,141,12378.0,243.0,903.0,304.0,0.11796246648793565,0.11505681818181818,0.013572386058981234,0.6266666666666667,0.019631604459524964
2604507,15187.0,5963,649,113,607,486,13283.0,675.0,842.0,387.0,0.1088378333053832,0.17411402157164868,0.018950192855944993,0.800658978583196,0.05081683354663856
4418144,23276.0,5962,922,89,169,79,21122.0,182.0,1243.0,729.0,0.1546460919154646,0.09652928416485901,0.014927876551492787,0.46745562130177515,0.008616608275731465
2301954,16324.0,5956,745,113,371,243,14441.0,435.0,919.0,529.0,0.1250839489590329,0.15167785234899328,0.018972464741437205,0.6549865229110512,0.0301225676892182
3740459,32820.0,5955,1513,491,1173,656,27295.0,1894.0,2726.0,905.0,0.2540722082283795,0.3245208195637806,0.08245172124265324,0.5592497868712702,0.06938999816816267
999755,21774.0,5932,986,205,720,508,19158.0,787.0,1269.0,560.0,0.16621712744436953,0.2079107505070994,0.034558327714093055,0.7055555555555556,0.04107944461843616
1485951,20479.0,5922,632,95,317,217,19015.0,358.0,709.0,397.0,0.10672070246538332,0.15031645569620253,0.016041877744005402,0.6845425867507886,0.0188272416513279
4540978,17872.0,5918,1018,164,763,570,14872.0,850.0,1592.0,558.0,0.17201757350456234,0.16110019646365423,0.027712064886786077,0.747051114023591,0.057154384077461
1730594,14724.0,5908,811,117,502,373,12244.0,566.0,1452.0,462.0,0.1372714962762356,0.1442663378545006,0.01980365605958023,0.7430278884462151,0.04622672329304149
1630295,8958.0,5907,248,24,117,88,8190.0,122.0,374.0,272.0,0.04198408667682411,0.0967741935483871,0.004062976130015236,0.7521367521367521,0.014896214896214897
3924783,19110.0,5888,1012,216,562,335,16529.0,595.0,1380.0,606.0,0.171875,0.2134387351778656,0.036684782608695655,0.5960854092526691,0.03599733801197895
3126258,11494.0,5870,246,6,20,14,10941.0,22.0,251.0,280.0,0.041908006814310055,0.024390243902439025,0.0010221465076660989,0.7,0.0020107851201901106
202297,16722.0,5858,549,21,59,36,15618.0,65.0,556.0,483.0,0.09371799248890406,0.03825136612021858,0.003584841242744964,0.6101694915254238,0.0041618645153028554
1338377,15873.0,5857,902,135,495,340,13582.0,530.0,1104.0,657.0,0.15400375618917533,0.14966740576496673,0.023049342666894315,0.6868686868686869,0.03902223531144161
1331853,22910.0,5836,1408,185,655,455,19024.0,817.0,2141.0,928.0,0.24126113776559288,0.13139204545454544,0.03169979437971213,0.6946564885496184,0.0429457527333894
4197505,18470.0,5830,1037,223,766,527,15619.0,840.0,1550.0,461.0,0.17787307032590052,0.21504339440694312,0.03825042881646655,0.6879895561357703,0.05378065177027979
4789674,20824.0,5828,1159,259,892,615,17632.0,967.0,1712.0,513.0,0.1988675360329444,0.22346850733390855,0.044440631434454356,0.6894618834080718,0.054843466424682394
724320,20989.0,5807,913,156,471,308,18553.0,508.0,1385.0,543.0,0.15722403995178233,0.17086527929901424,0.026864129498880663,0.6539278131634819,0.027381016547189135
3118167,22118.0,5793,947,196,614,401,19611.0,673.0,1266.0,568.0,0.16347315725876058,0.20696937697993664,0.033833937510788885,0.6530944625407166,0.03431747488654327
4517019,10389.0,5781,427,48,230,172,9257.0,239.0,603.0,290.0,0.07386265352015223,0.11241217798594848,0.008303061754021795,0.7478260869565218,0.02581829966511829
3544253,10690.0,5776,321,17,41,23,10137.0,45.0,363.0,145.0,0.05557479224376731,0.0529595015576324,0.002943213296398892,0.5609756097560976,0.004439183190292986
2370324,19303.0,5773,973,198,902,677,16350.0,989.0,1471.0,493.0,0.16854321843062534,0.20349434737923947,0.034297592239736704,0.7505543237250555,0.06048929663608563
845650,19958.0,5760,985,208,735,510,17246.0,810.0,1363.0,539.0,0.17100694444444445,0.21116751269035533,0.03611111111111111,0.6938775510204082,0.046967412733387455
3795317,15914.0,5758,275,5,14,9,15428.0,16.0,212.0,258.0,0.04775963876345953,0.01818181818181818,0.0008683570684265369,0.6428571428571429,0.0010370754472387865
3497230,18730.0,5749,1037,160,560,379,16086.0,596.0,1388.0,660.0,0.18037919638197947,0.15429122468659595,0.02783092711775961,0.6767857142857143,0.037050851672261596
2891509,14918.0,5743,678,57,175,109,13410.0,183.0,780.0,545.0,0.11805676475709559,0.084070796460177,0.00992512624064078,0.6228571428571429,0.013646532438478748
532507,13036.0,5731,538,45,251,196,11688.0,330.0,772.0,246.0,0.09387541441284243,0.08364312267657993,0.00785203280404816,0.7808764940239044,0.028234086242299793
1852398,10338.0,5728,455,29,67,36,9463.0,79.0,550.0,246.0,0.07943435754189944,0.06373626373626373,0.005062849162011173,0.5373134328358209,0.008348303920532601
1628657,13736.0,5725,901,219,1009,746,10837.0,1125.0,1511.0,263.0,0.15737991266375545,0.24306326304106549,0.03825327510917031,0.7393458870168483,0.10381101780935684
1202097,19066.0,5712,908,43,78,33,16937.0,87.0,1108.0,934.0,0.15896358543417366,0.0473568281938326,0.007528011204481793,0.4230769230769231,0.005136683001712228
4718134,20058.0,5687,818,94,194,99,18095.0,222.0,1051.0,690.0,0.1438368208194127,0.11491442542787286,0.01652892561983471,0.5103092783505154,0.012268582481348439
4177144,12950.0,5673,602,33,84,48,11573.0,95.0,753.0,529.0,0.10611669310770315,0.054817275747508304,0.005817028027498678,0.5714285714285714,0.008208761773092543
1842993,20327.0,5653,1126,248,807,540,17324.0,879.0,1648.0,476.0,0.19918627277551743,0.2202486678507993,0.04387051123297364,0.6691449814126395,0.050738859385823135
283996,14689.0,5651,719,84,229,141,12956.0,243.0,918.0,572.0,0.12723411785524685,0.1168289290681502,0.014864625729959299,0.6157205240174672,0.018755788823711022
2675427,12945.0,5648,630,70,512,427,10998.0,559.0,987.0,401.0,0.11154390934844192,0.1111111111111111,0.012393767705382436,0.833984375,0.0508274231678487
3917972,18502.0,5637,750,100,308,202,16736.0,341.0,887.0,538.0,0.13304949441192124,0.13333333333333333,0.017739932588256166,0.6558441558441559,0.020375239005736137
440901,22300.0,5610,832,76,186,108,20326.0,197.0,1191.0,586.0,0.1483065953654189,0.09134615384615384,0.013547237076648842,0.5806451612903226,0.009692020072813145
1631778,14059.0,5607,759,115,366,241,12124.0,379.0,1005.0,551.0,0.135366506153023,0.15151515151515152,0.02051007668985197,0.6584699453551912,0.03126031012867041
4847838,24176.0,5602,1051,107,215,103,21957.0,249.0,1334.0,636.0,0.18761156729739378,0.10180780209324453,0.019100321313816494,0.4790697674418605,0.011340347041945621
3177764,19749.0,5599,1008,201,681,471,17015.0,730.0,1490.0,514.0,0.18003214859796393,0.19940476190476192,0.03589926772637971,0.6916299559471366,0.04290332059947106
3328511,17049.0,5598,719,102,253,147,15370.0,269.0,1007.0,403.0,0.1284387281171847,0.14186369958275383,0.01822079314040729,0.5810276679841897,0.017501626545217957
1293225,18718.0,5580,610,108,368,252,17074.0,417.0,899.0,328.0,0.10931899641577061,0.17704918032786884,0.01935483870967742,0.6847826086956522,0.024423099449455313
3456641,15572.0,5577,631,102,517,405,13652.0,606.0,793.0,521.0,0.11314326698942083,0.16164817749603805,0.01828940290478752,0.7833655705996132,0.04438910049809552
1014564,23070.0,5561,748,150,454,293,21148.0,504.0,1043.0,375.0,0.13450818198165798,0.20053475935828877,0.026973565905412694,0.6453744493392071,0.02383204085492718
3422001,14573.0,5560,745,134,659,502,12239.0,781.0,1265.0,288.0,0.13399280575539568,0.17986577181208055,0.02410071942446043,0.7617602427921093,0.0638124029740992
1725832,11972.0,5556,326,15,34,19,11358.0,37.0,305.0,272.0,0.05867530597552196,0.046012269938650305,0.0026997840172786176,0.5588235294117647,0.0032576157774256032
3343095,20222.0,5531,887,221,740,506,17865.0,794.0,1072.0,491.0,0.1603688302296149,0.2491544532130778,0.0399566082082806,0.6837837837837838,0.044444444444444446
1829891,9999.0,5530,206,5,25,20,9530.0,28.0,261.0,180.0,0.03725135623869801,0.024271844660194174,0.0009041591320072332,0.8,0.002938090241343127
3335147,11527.0,5526,344,35,123,85,10610.0,131.0,466.0,320.0,0.062251176257690916,0.10174418604651163,0.006333695258776692,0.6910569105691057,0.01234684260131951
1278525,21950.0,5523,714,112,285,169,20099.0,308.0,992.0,551.0,0.12927756653992395,0.1568627450980392,0.020278833967046894,0.5929824561403508,0.01532414547987462
3711641,13295.0,5503,648,50,184,131,11861.0,205.0,846.0,383.0,0.11775395238960568,0.07716049382716049,0.009085953116481919,0.7119565217391305,0.017283534271983814
2043591,14463.0,5497,502,8,62,51,13409.0,69.0,423.0,562.0,0.09132253956703656,0.01593625498007968,0.0014553392759687103,0.8225806451612904,0.005145797598627788
3938045,17682.0,5480,655,69,183,110,16123.0,218.0,771.0,570.0,0.11952554744525548,0.10534351145038168,0.012591240875912409,0.6010928961748634,0.013521056875271352
1526856,16461.0,5470,650,76,154,76,15067.0,179.0,721.0,494.0,0.11882998171846434,0.11692307692307692,0.013893967093235832,0.4935064935064935,0.011880268135660715
1678374,19168.0,5466,858,100,221,119,17144.0,258.0,1353.0,413.0,0.15697036223929747,0.11655011655011654,0.018294914013904134,0.5384615384615384,0.015048996733551097
153285,11716.0,5458,257,10,24,14,11253.0,28.0,247.0,188.0,0.04708684499816783,0.038910505836575876,0.001832172957127153,0.5833333333333334,0.0024882253621256556
339124,10049.0,5456,463,64,284,203,8568.0,313.0,759.0,409.0,0.08486070381231671,0.13822894168466524,0.011730205278592375,0.7147887323943662,0.036531279178338004
4011278,16096.0,5455,561,69,246,175,14855.0,279.0,627.0,335.0,0.10284142988084326,0.12299465240641712,0.012648945921173235,0.7113821138211383,0.018781555031975764
2800021,20149.0,5454,616,58,233,172,18491.0,258.0,926.0,474.0,0.11294462779611295,0.09415584415584416,0.010634396773010634,0.7381974248927039,0.013952733762370884
4391390,11029.0,5447,595,93,473,361,9326.0,504.0,783.0,416.0,0.10923444097668442,0.15630252100840336,0.017073618505599412,0.7632135306553911,0.05404246193437701
1988433,17606.0,5445,590,91,297,201,16114.0,325.0,760.0,407.0,0.10835629017447199,0.15423728813559323,0.016712580348943986,0.6767676767676768,0.020168797319101404
1420205,19103.0,5431,960,168,541,358,16588.0,593.0,1367.0,555.0,0.17676302706683852,0.175,0.03093352973669674,0.6617375231053605,0.03574873402459609
2684959,9545.0,5431,310,15,61,44,8716.0,70.0,447.0,312.0,0.05707972749033327,0.04838709677419355,0.002761922297919352,0.7213114754098361,0.008031206975676917
4003932,14943.0,5428,635,173,856,657,12896.0,907.0,769.0,371.0,0.11698599852616065,0.27244094488188975,0.03187177597641857,0.7675233644859814,0.0703318858560794
791327,15542.0,5417,877,150,541,368,13119.0,586.0,1307.0,530.0,0.1618977293705003,0.17103762827822122,0.02769060365515968,0.6802218114602587,0.0446680387224636
4286569,14607.0,5402,860,201,946,697,11865.0,993.0,1235.0,514.0,0.15920029618659756,0.23372093023255813,0.03720844131803036,0.7367864693446089,0.08369152970922883
1089685,21144.0,5399,1230,216,617,384,17818.0,813.0,1804.0,709.0,0.22781996666049267,0.17560975609756097,0.04000740877940359,0.6223662884927067,0.04562801661241441
1733868,19052.0,5397,721,146,332,182,17262.0,388.0,975.0,427.0,0.13359273670557717,0.20249653259361997,0.0270520659625718,0.5481927710843374,0.022477117367628318
2979796,14667.0,5369,646,156,736,559,12622.0,768.0,847.0,430.0,0.1203203576084932,0.24148606811145512,0.029055690072639227,0.7595108695652174,0.060846141657423546
374584,17595.0,5366,899,189,583,382,15185.0,633.0,1227.0,550.0,0.16753633991800224,0.21023359288097887,0.03522176667909057,0.6552315608919382,0.041685874217978265
3933554,16163.0,5345,812,139,534,378,14053.0,571.0,1164.0,375.0,0.1519176800748363,0.17118226600985223,0.02600561272217025,0.7078651685393258,0.040631893545862094
2440364,23702.0,5341,1041,165,359,191,20748.0,452.0,1410.0,1092.0,0.19490732072645572,0.1585014409221902,0.030893091181426698,0.532033426183844,0.0217852323115481
1820842,13712.0,5320,648,84,262,169,12016.0,308.0,841.0,547.0,0.12180451127819548,0.12962962962962962,0.015789473684210527,0.6450381679389313,0.02563249001331558
927764,13231.0,5317,480,54,158,102,12111.0,177.0,630.0,313.0,0.0902764716945646,0.1125,0.010156103065638519,0.6455696202531646,0.014614812979935596
3102560,20596.0,5315,1049,280,1128,821,17114.0,1390.0,1207.0,885.0,0.1973659454374412,0.2669208770257388,0.05268109125117592,0.7278368794326241,0.08122005375715788
4692440,19169.0,5303,643,78,176,97,17687.0,225.0,816.0,441.0,0.12125212144069394,0.12130637636080871,0.014708655478031303,0.5511363636363636,0.01272120766664782
2221749,11867.0,5282,628,91,460,358,10171.0,496.0,950.0,250.0,0.1188943581976524,0.1449044585987261,0.017228322605073836,0.7782608695652173,0.048766099695211874
715319,12572.0,5271,581,88,585,476,10703.0,628.0,857.0,384.0,0.1102257636122178,0.1514629948364888,0.01669512426484538,0.8136752136752137,0.05867513781182846
3577636,19228.0,5266,631,150,760,597,17292.0,802.0,652.0,482.0,0.11982529434105584,0.23771790808240886,0.0284846183061147,0.7855263157894737,0.046379828822576914
2753808,14813.0,5266,824,170,948,741,12140.0,1059.0,1279.0,335.0,0.15647550322825673,0.20631067961165048,0.032282567413596655,0.7816455696202531,0.08723228995057661
4921617,15040.0,5266,625,123,589,451,13144.0,650.0,816.0,430.0,0.11868590960881124,0.1968,0.02335738701101405,0.765704584040747,0.049452221545952524
562852,17526.0,5263,888,59,101,39,15702.0,114.0,1052.0,658.0,0.16872506175185256,0.06644144144144144,0.011210336310089303,0.38613861386138615,0.0072602216278181125
466400,14182.0,5260,749,153,700,521,11829.0,809.0,1231.0,313.0,0.14239543726235743,0.20427236315086783,0.02908745247148289,0.7442857142857143,0.06839124186321752
3865465,15130.0,5252,830,117,378,250,13063.0,420.0,1217.0,430.0,0.15803503427265803,0.14096385542168674,0.022277227722772276,0.6613756613756614,0.03215187935390033
4134433,13740.0,5230,425,88,246,154,12684.0,330.0,503.0,223.0,0.08126195028680688,0.20705882352941177,0.016826003824091777,0.6260162601626016,0.026017029328287606
58498,18143.0,5214,991,169,548,366,15400.0,610.0,1445.0,688.0,0.19006520905255084,0.1705348133198789,0.03241273494438052,0.6678832116788321,0.03961038961038961
2026832,20774.0,5212,823,138,395,254,18797.0,421.0,1047.0,509.0,0.1579048349961627,0.16767922235722965,0.026477359938603222,0.6430379746835443,0.022397191041123584
542908,26631.0,5204,997,197,419,220,24022.0,456.0,1396.0,757.0,0.19158339738662566,0.19759277833500502,0.037855495772482706,0.5250596658711217,0.018982599283989675
3985610,14190.0,5201,859,145,881,702,11506.0,943.0,1379.0,362.0,0.16516054604883676,0.16880093131548313,0.02787925398961738,0.7968217934165721,0.08195723970102556
2782399,11573.0,5194,624,98,401,289,9834.0,456.0,820.0,463.0,0.12013862148633038,0.15705128205128205,0.018867924528301886,0.7206982543640897,0.04636973764490543
79451,15709.0,5184,454,80,383,294,14399.0,459.0,533.0,318.0,0.08757716049382716,0.1762114537444934,0.015432098765432098,0.7676240208877284,0.031877213695395513
2247880,13304.0,5180,406,34,78,41,12312.0,85.0,594.0,313.0,0.07837837837837838,0.08374384236453201,0.006563706563706564,0.5256410256410257,0.006903833658219623
3850614,13993.0,5169,542,87,263,167,12538.0,315.0,792.0,348.0,0.1048558715418843,0.16051660516605165,0.016831108531630876,0.6349809885931559,0.025123624182485246
2453525,12112.0,5160,364,26,102,73,11370.0,110.0,434.0,198.0,0.07054263565891473,0.07142857142857142,0.0050387596899224806,0.7156862745098039,0.009674582233948988
4826471,13010.0,5159,598,95,274,171,11637.0,305.0,714.0,354.0,0.1159139368094592,0.1588628762541806,0.018414421399496027,0.6240875912408759,0.026209504167740826
3935940,15744.0,5142,950,154,555,384,13104.0,585.0,1461.0,594.0,0.18475301439128744,0.16210526315789472,0.029949436017113962,0.6918918918918919,0.044642857142857144
2448593,13781.0,5139,755,168,728,535,11333.0,803.0,1193.0,452.0,0.1469157423623273,0.22251655629139072,0.03269118505545826,0.7348901098901099,0.07085502514779847
582243,22328.0,5116,803,199,712,498,19957.0,824.0,1050.0,497.0,0.15695856137607506,0.24782067247820672,0.03889757623143081,0.699438202247191,0.04128877085734329
1277467,21347.0,5115,1071,138,433,279,18701.0,459.0,1518.0,669.0,0.2093841642228739,0.12885154061624648,0.026979472140762465,0.6443418013856813,0.024544142024490668
4743234,20260.0,5114,911,89,215,121,18166.0,226.0,1271.0,597.0,0.17813844348846306,0.09769484083424808,0.017403206883066093,0.5627906976744186,0.01244082351645932
3937192,11949.0,5103,566,103,360,244,10430.0,379.0,770.0,370.0,0.11091514795218499,0.18197879858657243,0.020184205369390553,0.6777777777777778,0.03633748801534036
4294583,12950.0,5102,691,144,662,499,10696.0,710.0,1089.0,455.0,0.13543708349666797,0.20839363241678727,0.02822422579380635,0.7537764350453172,0.06637995512341062
1582197,12931.0,5095,662,162,834,642,10564.0,946.0,979.0,442.0,0.12993130520117763,0.24471299093655588,0.03179587831207066,0.7697841726618705,0.08954941310109807
2644484,15251.0,5090,657,117,354,232,13461.0,440.0,904.0,446.0,0.12907662082514734,0.1780821917808219,0.022986247544204322,0.655367231638418,0.03268702176658495
2678261,21180.0,5088,787,129,288,158,19207.0,320.0,1077.0,576.0,0.15467767295597484,0.1639135959339263,0.02535377358490566,0.5486111111111112,0.01666059249232051
4604594,15234.0,5083,778,59,134,72,13467.0,150.0,1002.0,615.0,0.15305921699783592,0.07583547557840617,0.011607318512689356,0.5373134328358209,0.011138338159946536
3993644,13797.0,5069,603,141,657,491,11908.0,713.0,861.0,315.0,0.11895837443282699,0.23383084577114427,0.0278161373051884,0.7473363774733638,0.05987571380584481
1572948,19881.0,5064,1094,338,1288,903,15904.0,1682.0,1775.0,520.0,0.2160347551342812,0.30895795246800734,0.06674565560821485,0.7010869565217391,0.10575955734406439
838946,15035.0,5051,774,167,676,484,12645.0,772.0,1248.0,370.0,0.15323698277568798,0.2157622739018088,0.033062759849534745,0.7159763313609467,0.06105179913009094
721664,12992.0,5041,776,161,698,501,10392.0,784.0,1343.0,473.0,0.1539377107716723,0.20747422680412372,0.03193810751834954,0.7177650429799427,0.07544264819091609
3768664,23302.0,5036,851,163,414,245,21197.0,447.0,1182.0,476.0,0.16898332009531375,0.19153936545240893,0.032366957903097696,0.5917874396135265,0.02108788979572581
3999977,30101.0,5032,929,251,700,439,27132.0,969.0,1471.0,529.0,0.18461844197138313,0.27018299246501615,0.049880763116057235,0.6271428571428571,0.03571428571428571
3091480,10794.0,5009,592,47,210,153,9333.0,221.0,791.0,449.0,0.11818726292673189,0.07939189189189189,0.0093831104012777,0.7285714285714285,0.023679417122040074
3230909,19320.0,4977,656,108,343,230,17645.0,401.0,855.0,419.0,0.1318063090214989,0.16463414634146342,0.0216998191681736,0.6705539358600583,0.022725984698214793
3973395,16460.0,4976,885,206,765,532,14062.0,837.0,1287.0,274.0,0.17785369774919615,0.2327683615819209,0.04139871382636656,0.6954248366013072,0.05952211634191438
1526484,9000.0,4968,373,38,136,97,7776.0,141.0,646.0,437.0,0.0750805152979066,0.10187667560321716,0.007648953301127214,0.7132352941176471,0.018132716049382717
181348,10605.0,4963,290,25,58,31,9868.0,66.0,417.0,254.0,0.05843239975821076,0.08620689655172414,0.005037275841225065,0.5344827586206896,0.006688285366842318
1669167,15534.0,4946,884,188,685,475,12679.0,951.0,1531.0,373.0,0.17873028710068742,0.21266968325791855,0.03801051354630004,0.6934306569343066,0.07500591529300418
2426236,14328.0,4935,742,141,439,286,12504.0,470.0,986.0,368.0,0.150354609929078,0.19002695417789758,0.02857142857142857,0.6514806378132119,0.03758797184900832
882095,12731.0,4928,416,63,182,113,11591.0,220.0,661.0,259.0,0.08441558441558442,0.15144230769230768,0.01278409090909091,0.6208791208791209,0.018980243292209473
4339360,14654.0,4918,648,121,331,202,13086.0,365.0,824.0,379.0,0.13176087840585604,0.1867283950617284,0.024603497356649046,0.6102719033232629,0.027892404095980438
1277731,15890.0,4908,766,142,546,388,13834.0,583.0,1015.0,458.0,0.1560717196414018,0.185378590078329,0.02893235533822331,0.7106227106227107,0.042142547347115804
2256028,19633.0,4899,805,133,355,216,17677.0,391.0,1020.0,545.0,0.1643192488262911,0.16521739130434782,0.02714839763216983,0.6084507042253521,0.022119137862759517
4212922,5517.0,4891,59,2,18,16,5247.0,21.0,114.0,135.0,0.012062972807196893,0.03389830508474576,0.0004089143324473523,0.8888888888888888,0.004002287021154946
3404739,9137.0,4891,177,7,47,39,8624.0,55.0,217.0,241.0,0.03618891842159068,0.03954802259887006,0.0014312001635657329,0.8297872340425532,0.006377551020408163
781315,18266.0,4879,627,96,420,316,16622.0,451.0,741.0,452.0,0.12850994056159049,0.15311004784688995,0.019676163148186102,0.7523809523809524,0.027132715678017085
4382196,13744.0,4879,571,18,42,22,12465.0,44.0,610.0,625.0,0.1170321787251486,0.03152364273204904,0.0036892805902848944,0.5238095238095238,0.0035298836742880062
1462446,15137.0,4878,797,128,611,465,12882.0,675.0,1203.0,377.0,0.16338663386633867,0.1606022584692597,0.026240262402624025,0.7610474631751227,0.05239869585468095
3367924,16655.0,4832,839,104,223,113,14951.0,242.0,1018.0,444.0,0.1736341059602649,0.12395709177592372,0.02152317880794702,0.5067264573991032,0.016186208280382582
3214361,20172.0,4830,887,186,484,292,17655.0,651.0,1323.0,543.0,0.1836438923395445,0.20969560315670802,0.03850931677018633,0.6033057851239669,0.03687340696686491
1922644,11857.0,4821,468,75,334,256,10254.0,380.0,763.0,460.0,0.0970752955818295,0.16025641025641027,0.015556938394523958,0.7664670658682635,0.03705870879656719
750949,18639.0,4818,906,269,597,319,15574.0,1157.0,1506.0,402.0,0.18804483188044832,0.2969094922737307,0.055832295558322954,0.5343383584589615,0.07429048414023372
1447685,12665.0,4795,574,80,205,120,11116.0,233.0,897.0,419.0,0.11970802919708029,0.13937282229965156,0.016684045881126174,0.5853658536585366,0.020960777258006477
1953179,14107.0,4791,509,75,231,150,12894.0,253.0,637.0,323.0,0.10624086829471927,0.14734774066797643,0.015654351909830933,0.6493506493506493,0.019621529393516364
3995818,11913.0,4786,495,56,277,215,10643.0,316.0,674.0,280.0,0.10342666109486001,0.11313131313131314,0.011700793982448809,0.776173285198556,0.029690876632528423
2591545,11597.0,4783,580,99,355,250,10029.0,378.0,781.0,409.0,0.12126280577043697,0.1706896551724138,0.020698306502195275,0.704225352112676,0.03769069697876159
854059,18142.0,4769,755,156,542,380,15861.0,662.0,1071.0,548.0,0.15831411197316,0.20662251655629138,0.03271126022226882,0.7011070110701108,0.04173759535968728
3935164,15337.0,4747,610,49,106,57,13924.0,119.0,819.0,475.0,0.12850221192331998,0.08032786885245902,0.010322308826627343,0.5377358490566038,0.008546394714162598
1850548,15694.0,4720,592,93,349,251,14252.0,379.0,657.0,406.0,0.12542372881355932,0.1570945945945946,0.019703389830508476,0.7191977077363897,0.02659275891103003
1506018,16590.0,4704,931,232,707,455,14040.0,764.0,1393.0,393.0,0.19791666666666666,0.24919441460794844,0.04931972789115646,0.6435643564356436,0.05441595441595442
4757812,12999.0,4701,522,57,119,59,11759.0,129.0,684.0,427.0,0.11104020421186982,0.10919540229885058,0.012125079770261647,0.4957983193277311,0.010970320605493664
1898686,12401.0,4691,605,79,262,171,10858.0,280.0,740.0,523.0,0.1289703687913025,0.1305785123966942,0.01684075890002132,0.6526717557251909,0.02578743783385522
1990869,12000.0,4691,626,122,510,370,10093.0,603.0,964.0,340.0,0.1334470262204221,0.19488817891373802,0.02600724792155191,0.7254901960784313,0.05974437729119191
4869837,17606.0,4682,807,209,1098,859,14977.0,1192.0,1090.0,347.0,0.17236223835967535,0.2589838909541512,0.04463904314395557,0.7823315118397086,0.07958870267743874
620409,14481.0,4680,763,146,696,529,12217.0,767.0,1092.0,405.0,0.16303418803418804,0.1913499344692005,0.031196581196581197,0.7600574712643678,0.06278137022182205
120033,11979.0,4676,440,93,517,412,10634.0,557.0,538.0,250.0,0.09409751924721985,0.21136363636363636,0.019888793840889648,0.7969052224371374,0.05237916118111717
3001296,12657.0,4672,667,96,415,292,10840.0,459.0,892.0,466.0,0.1427654109589041,0.14392803598200898,0.02054794520547945,0.7036144578313253,0.04234317343173432
4292119,16722.0,4663,793,142,414,261,14762.0,451.0,1025.0,484.0,0.17006219172206735,0.17906683480453972,0.030452498391593395,0.6304347826086957,0.030551415797317436
888094,16861.0,4661,799,160,391,225,14902.0,420.0,1049.0,490.0,0.17142244153615105,0.2002503128911139,0.034327397554172925,0.5754475703324808,0.028184136357535902
2923541,12148.0,4657,563,79,255,169,10725.0,270.0,745.0,408.0,0.12089327893493665,0.14031971580817051,0.016963710543268198,0.6627450980392157,0.025174825174825177
1902453,10161.0,4653,449,71,289,212,8944.0,322.0,578.0,317.0,0.09649688373092628,0.15812917594654788,0.015258972705781216,0.7335640138408305,0.03600178890876565
960102,13882.0,4650,653,159,529,359,11963.0,568.0,887.0,464.0,0.14043010752688173,0.2434915773353752,0.034193548387096775,0.6786389413988658,0.04747972916492518
3470850,12877.0,4639,523,41,86,37,11928.0,102.0,487.0,360.0,0.1127398146152188,0.07839388145315487,0.00883811166199612,0.43023255813953487,0.008551307847082495
1957261,8546.0,4636,285,50,148,92,7730.0,168.0,426.0,222.0,0.06147540983606557,0.17543859649122806,0.010785159620362382,0.6216216216216216,0.021733505821474774
749203,10731.0,4628,545,73,219,138,9292.0,239.0,806.0,394.0,0.11776145203111495,0.13394495412844037,0.015773552290406223,0.6301369863013698,0.025721050365906155
2218582,18868.0,4618,1105,324,1190,821,15100.0,1459.0,1882.0,427.0,0.23928107405803378,0.29321266968325793,0.07016024252923343,0.6899159663865546,0.0966225165562914
3736936,12210.0,4613,374,52,158,104,11279.0,165.0,492.0,274.0,0.0810752221981357,0.13903743315508021,0.011272490786906569,0.6582278481012658,0.014628956467771966
903158,5334.0,4600,51,0,0,0,5155.0,0.0,71.0,108.0,0.01108695652173913,0.0,0.0,,0.0
5147460,11968.0,4594,470,78,457,367,10480.0,521.0,684.0,283.0,0.1023073574227253,0.16595744680851063,0.01697866782760122,0.8030634573304157,0.049713740458015264
3459125,15064.0,4593,385,60,157,94,14112.0,176.0,462.0,314.0,0.08382320923143914,0.15584415584415584,0.013063357282821686,0.5987261146496815,0.012471655328798186
1276095,9083.0,4591,301,22,75,53,8402.0,83.0,441.0,157.0,0.06556305815726421,0.07308970099667775,0.004791984317142235,0.7066666666666667,0.009878600333253986
810632,12694.0,4588,704,195,644,420,10584.0,718.0,1161.0,231.0,0.15344376634699217,0.27698863636363635,0.04250217959895379,0.6521739130434783,0.06783824640967498
1454470,14380.0,4583,636,92,226,131,12758.0,256.0,840.0,526.0,0.13877372899847262,0.14465408805031446,0.020074187213615535,0.5796460176991151,0.020065841040915505
5099474,13659.0,4578,865,123,469,326,11298.0,506.0,1246.0,609.0,0.1889471384884229,0.14219653179190753,0.026867627785058978,0.6950959488272921,0.04478668790936449
3156448,12849.0,4577,538,85,248,162,11589.0,269.0,646.0,345.0,0.11754424295389994,0.1579925650557621,0.01857111645182434,0.6532258064516129,0.023211666235223055
3995452,13188.0,4575,551,124,813,667,11241.0,860.0,728.0,359.0,0.12043715846994535,0.2250453720508167,0.027103825136612022,0.8204182041820418,0.07650564896361534
4621949,12862.0,4570,669,100,293,185,11205.0,313.0,925.0,419.0,0.14638949671772428,0.14947683109118087,0.02188183807439825,0.6313993174061433,0.027933958054439982
295183,8659.0,4556,491,58,265,196,7128.0,279.0,806.0,446.0,0.10776997366110623,0.11812627291242363,0.012730465320456541,0.7396226415094339,0.039141414141414144
1610764,12527.0,4549,660,148,652,484,10574.0,706.0,917.0,330.0,0.14508683227082875,0.22424242424242424,0.03253462299406463,0.7423312883435583,0.06676754303007376
1286537,13722.0,4544,932,165,654,464,10690.0,835.0,1577.0,620.0,0.2051056338028169,0.17703862660944206,0.03631161971830986,0.709480122324159,0.07811038353601497
2880419,9827.0,4540,473,67,233,155,8710.0,254.0,633.0,230.0,0.10418502202643172,0.1416490486257928,0.014757709251101321,0.6652360515021459,0.029161882893226177
3694486,14192.0,4532,378,62,135,72,13346.0,145.0,409.0,292.0,0.08340688437775816,0.164021164021164,0.013680494263018535,0.5333333333333333,0.010864678555372397
3730378,14496.0,4528,707,167,759,568,12210.0,807.0,1039.0,440.0,0.15613957597173145,0.2362093352192362,0.03688162544169611,0.7483530961791831,0.0660933660933661
815311,13024.0,4522,751,191,626,407,10806.0,688.0,1171.0,359.0,0.16607695709862894,0.25432756324900135,0.04223794781070323,0.6501597444089456,0.06366833240792152
772894,14330.0,4494,637,191,1470,1245,11495.0,1603.0,859.0,373.0,0.14174454828660435,0.29984301412872844,0.04250111259457054,0.8469387755102041,0.13945193562418443
3483675,14343.0,4493,901,190,579,370,11690.0,728.0,1523.0,402.0,0.20053416425550857,0.21087680355160932,0.042288003561095036,0.6390328151986183,0.06227544910179641
902556,15963.0,4490,626,42,92,48,14754.0,104.0,511.0,594.0,0.13942093541202671,0.0670926517571885,0.009354120267260579,0.5217391304347826,0.0070489358817947675
858800,10842.0,4475,369,41,114,69,10079.0,123.0,359.0,281.0,0.08245810055865922,0.1111111111111111,0.009162011173184357,0.6052631578947368,0.012203591626153388
3160684,10977.0,4469,562,66,240,164,9635.0,275.0,700.0,367.0,0.1257552025061535,0.11743772241992882,0.014768404564779593,0.6833333333333333,0.028541774779449924
2651305,14576.0,4466,864,225,803,561,11964.0,896.0,1239.0,477.0,0.19346171070309,0.2604166666666667,0.05038065382892969,0.6986301369863014,0.07489134068873286
944818,12849.0,4465,818,133,356,218,10756.0,385.0,1181.0,527.0,0.1832026875699888,0.1625916870415648,0.029787234042553193,0.6123595505617978,0.035793975455559686
3077776,9088.0,4464,344,69,608,516,7723.0,649.0,500.0,216.0,0.07706093189964158,0.2005813953488372,0.015456989247311828,0.8486842105263158,0.084034701540852
3454970,11881.0,4440,549,88,313,219,10364.0,407.0,776.0,334.0,0.12364864864864865,0.16029143897996356,0.01981981981981982,0.6996805111821086,0.039270551910459285
3947859,8161.0,4432,345,30,218,182,7181.0,236.0,454.0,290.0,0.07784296028880866,0.08695652173913043,0.006768953068592058,0.8348623853211009,0.03286450355103746
4877478,13191.0,4428,826,187,709,503,10746.0,764.0,1181.0,500.0,0.18654019873532068,0.22639225181598063,0.042231255645889795,0.7094499294781382,0.07109622184999069
4222240,15810.0,4414,743,166,534,358,13760.0,581.0,1045.0,424.0,0.16832804712279112,0.2234185733512786,0.037607612143180785,0.6704119850187266,0.042223837209302326
2393184,15978.0,4410,974,247,798,529,12955.0,879.0,1648.0,496.0,0.22086167800453516,0.2535934291581109,0.05600907029478458,0.6629072681704261,0.06785025086839058
2204852,10142.0,4409,395,72,469,379,8846.0,502.0,521.0,273.0,0.08958947607167159,0.18227848101265823,0.016330233613064186,0.8081023454157783,0.05674881302283518
4282651,10613.0,4398,500,81,357,264,9160.0,372.0,702.0,379.0,0.11368804001819009,0.162,0.018417462482946793,0.7394957983193278,0.04061135371179039
4129924,13977.0,4371,817,128,413,273,11920.0,438.0,1107.0,512.0,0.18691374971402425,0.15667074663402691,0.029283916723861818,0.6610169491525424,0.03674496644295302
410749,12133.0,4371,639,72,194,119,10685.0,212.0,798.0,438.0,0.14619080301990392,0.11267605633802817,0.016472203157172273,0.6134020618556701,0.01984089845577913
815501,11211.0,4344,482,104,470,354,9805.0,506.0,658.0,242.0,0.11095764272559852,0.2157676348547718,0.02394106813996317,0.7531914893617021,0.05160632330443651
2772071,13065.0,4334,684,87,230,130,11492.0,248.0,949.0,376.0,0.15782187355791416,0.12719298245614036,0.02007383479464698,0.5652173913043478,0.021580229725026105
1213320,11017.0,4332,669,110,443,308,9123.0,472.0,1000.0,422.0,0.15443213296398892,0.16442451420029897,0.025392428439519853,0.6952595936794582,0.051737367094157626
3231861,13783.0,4328,619,65,271,203,12253.0,310.0,709.0,511.0,0.14302218114602588,0.1050080775444265,0.015018484288354898,0.7490774907749077,0.025299926548600343
4762182,13435.0,4325,733,185,772,563,10970.0,967.0,1236.0,262.0,0.16947976878612717,0.252387448840382,0.04277456647398844,0.7292746113989638,0.08814949863263445
3715529,11876.0,4323,703,155,815,635,9584.0,867.0,1116.0,309.0,0.16261855193152902,0.22048364153627312,0.03585473051121906,0.7791411042944786,0.09046327212020033
5048062,12274.0,4319,558,130,380,241,10808.0,415.0,745.0,306.0,0.12919657328085205,0.23297491039426524,0.030099560083352628,0.6342105263157894,0.03839748334566987
1964754,11999.0,4312,526,138,965,794,9845.0,1055.0,681.0,418.0,0.12198515769944342,0.2623574144486692,0.03200371057513915,0.8227979274611399,0.10716099542915185
3751366,11995.0,4303,192,3,16,11,11649.0,16.0,140.0,190.0,0.04462003253544039,0.015625,0.0006971880083662561,0.6875,0.00137350845566143
1422474,14396.0,4303,804,148,516,350,11749.0,753.0,1404.0,490.0,0.18684638624215663,0.18407960199004975,0.034394608412735304,0.6782945736434108,0.0640905608987999
882707,12814.0,4292,693,131,542,390,10846.0,580.0,1021.0,367.0,0.1614631873252563,0.18903318903318903,0.030521901211556384,0.7195571955719557,0.053475935828877004
1717476,10598.0,4286,556,94,586,483,8828.0,620.0,749.0,401.0,0.1297246850209986,0.16906474820143885,0.021931871208586095,0.8242320819112628,0.07023108291798821
898327,10158.0,4284,498,59,187,121,8902.0,223.0,621.0,412.0,0.11624649859943978,0.11847389558232932,0.013772175536881419,0.6470588235294118,0.025050550438103798
4883737,6993.0,4267,315,33,116,79,5937.0,116.0,517.0,423.0,0.07382235762831028,0.10476190476190476,0.007733770799156316,0.6810344827586207,0.019538487451574868
4302328,11738.0,4267,502,67,191,119,10512.0,201.0,695.0,330.0,0.11764705882352941,0.13346613545816732,0.015701898289196155,0.6230366492146597,0.019121004566210045
1010656,13582.0,4265,656,145,690,525,11511.0,754.0,1061.0,256.0,0.153810082063306,0.22103658536585366,0.03399765533411489,0.7608695652173914,0.06550256276604986
2649368,11903.0,4263,585,90,278,180,10591.0,297.0,755.0,260.0,0.13722730471498945,0.15384615384615385,0.0211118930330753,0.6474820143884892,0.028042677745255404
3582485,15360.0,4263,831,68,166,97,13260.0,181.0,1004.0,915.0,0.19493314567206194,0.08182912154031288,0.01595120806943467,0.5843373493975904,0.013650075414781297
1776295,8597.0,4262,298,61,305,236,7633.0,327.0,396.0,241.0,0.06992022524636321,0.20469798657718122,0.014312529328953542,0.7737704918032787,0.04284029870300013
4482419,9450.0,4256,461,86,711,591,7635.0,772.0,830.0,213.0,0.10831766917293233,0.18655097613882862,0.020206766917293232,0.8312236286919831,0.10111329404060249
3419760,11392.0,4254,605,97,474,363,9682.0,532.0,854.0,324.0,0.14221908791725435,0.16033057851239668,0.022802068641278796,0.7658227848101266,0.05494732493286511
2515942,12680.0,4251,553,148,678,514,10971.0,712.0,659.0,338.0,0.13008703834391908,0.26763110307414106,0.034815337567631145,0.7581120943952803,0.06489836842584996
3250334,10638.0,4241,358,64,234,161,9732.0,268.0,419.0,219.0,0.08441405328931856,0.1787709497206704,0.01509078047630276,0.688034188034188,0.027538018906699546
3343024,12607.0,4235,715,142,615,454,10629.0,672.0,966.0,340.0,0.16883116883116883,0.1986013986013986,0.03353010625737898,0.7382113821138211,0.06322325712672876
3338209,12311.0,4232,657,122,341,205,10501.0,380.0,913.0,517.0,0.15524574669187147,0.1856925418569254,0.028827977315689982,0.6011730205278593,0.036187029806685075
2810146,13359.0,4230,471,49,108,59,12188.0,119.0,637.0,415.0,0.11134751773049645,0.1040339702760085,0.011583924349881796,0.5462962962962963,0.00976370200196915
4627820,13296.0,4220,738,120,410,275,11342.0,442.0,1060.0,452.0,0.17488151658767773,0.16260162601626016,0.02843601895734597,0.6707317073170732,0.03897019925938988
1168596,10375.0,4218,584,94,400,282,8628.0,438.0,916.0,393.0,0.13845424371740161,0.16095890410958905,0.022285443338074917,0.705,0.050764951321279554
2862512,11566.0,4208,443,79,610,509,10085.0,657.0,619.0,205.0,0.10527566539923955,0.17832957110609482,0.018773764258555134,0.8344262295081967,0.06514625681705503
1528133,11482.0,4205,652,165,886,691,9170.0,972.0,1044.0,296.0,0.15505350772889417,0.25306748466257667,0.039239001189060645,0.7799097065462754,0.10599781897491821
542584,14486.0,4205,939,293,1119,761,11310.0,1340.0,1557.0,279.0,0.22330558858501784,0.31203407880724177,0.06967895362663495,0.680071492403932,0.1184792219274978
2191219,21540.0,4203,1029,265,842,558,18548.0,1031.0,1484.0,477.0,0.244825124910778,0.2575315840621963,0.06305020223649774,0.66270783847981,0.05558550787146862
4121221,12097.0,4200,562,142,715,549,10218.0,749.0,809.0,321.0,0.13380952380952382,0.2526690391459075,0.03380952380952381,0.7678321678321678,0.07330201605010765
1686309,13972.0,4190,177,33,189,155,13438.0,234.0,0.0,300.0,0.04224343675417661,0.1864406779661017,0.007875894988066826,0.8201058201058201,0.017413305551421343
5028877,18979.0,4189,953,218,537,313,16492.0,578.0,1397.0,512.0,0.22750059680114587,0.22875131164742918,0.05204105991883504,0.5828677839851024,0.03504729565850109
3779369,16575.0,4180,825,169,708,524,14265.0,755.0,1144.0,411.0,0.19736842105263158,0.20484848484848484,0.04043062200956938,0.7401129943502824,0.052926743778478794
902410,12672.0,4175,677,142,382,223,10836.0,475.0,1077.0,284.0,0.16215568862275448,0.20974889217134415,0.034011976047904194,0.5837696335078534,0.04383536360280546
3919304,13034.0,4174,573,94,232,129,11626.0,252.0,803.0,353.0,0.13727839003354098,0.16404886561954624,0.022520364159080018,0.5560344827586207,0.02167555479098572
895939,12395.0,4169,685,167,809,612,10193.0,858.0,1036.0,308.0,0.1643079875269849,0.24379562043795622,0.04005756776205325,0.7564894932014833,0.08417541450014716
2251446,9093.0,4164,405,58,332,266,7838.0,375.0,650.0,230.0,0.09726224783861671,0.14320987654320988,0.013928914505283382,0.8012048192771084,0.04784383771370247
2805193,10754.0,4148,572,83,419,329,9165.0,463.0,819.0,307.0,0.13789778206364514,0.1451048951048951,0.02000964320154291,0.7852028639618138,0.05051827605019094
884828,9463.0,4139,374,19,58,39,8698.0,65.0,414.0,286.0,0.0903599903358299,0.05080213903743316,0.004590480792461948,0.6724137931034483,0.00747298229478041
1545822,13900.0,4137,408,19,81,61,13027.0,94.0,335.0,444.0,0.09862218999274837,0.04656862745098039,0.004592700024172105,0.7530864197530864,0.007215782605358103
893651,9867.0,4131,501,63,306,229,8398.0,343.0,796.0,330.0,0.12127814088598403,0.12574850299401197,0.015250544662309368,0.7483660130718954,0.04084305787092165
4625363,12649.0,4129,444,51,104,52,11595.0,117.0,610.0,327.0,0.10753209009445386,0.11486486486486487,0.012351658997335917,0.5,0.010090556274256144
3010483,14112.0,4120,711,119,280,156,12367.0,297.0,997.0,451.0,0.17257281553398057,0.16736990154711673,0.02888349514563107,0.5571428571428572,0.024015525188000323
4167958,21034.0,4116,426,75,206,128,19874.0,317.0,645.0,198.0,0.10349854227405247,0.176056338028169,0.018221574344023325,0.6213592233009708,0.01595048807487169
1723409,9042.0,4096,493,78,420,328,7659.0,451.0,656.0,276.0,0.120361328125,0.15821501014198783,0.01904296875,0.780952380952381,0.058884971928450186
1487591,7777.0,4094,353,37,205,153,6760.0,220.0,551.0,246.0,0.08622374206155349,0.1048158640226629,0.00903761602344895,0.7463414634146341,0.03254437869822485
3100520,16907.0,4091,632,122,250,125,15369.0,271.0,846.0,421.0,0.15448545587875825,0.1930379746835443,0.029821559520899536,0.5,0.017632897390851714
982081,9177.0,4085,418,32,295,250,7974.0,314.0,664.0,225.0,0.10232558139534884,0.07655502392344497,0.007833537331701347,0.847457627118644,0.03937797842989717
583014,20297.0,4085,522,27,59,29,19075.0,70.0,632.0,520.0,0.1277845777233782,0.05172413793103448,0.006609547123623011,0.4915254237288136,0.003669724770642202
4434812,9001.0,4073,313,61,278,212,7938.0,312.0,487.0,264.0,0.0768475325313037,0.19488817891373802,0.01497667566904002,0.762589928057554,0.039304610733182165
2101190,11293.0,4071,358,16,47,30,10556.0,52.0,388.0,297.0,0.08793908130680422,0.0446927374301676,0.003930238270695161,0.6382978723404256,0.0049261083743842365
4868797,14503.0,4059,598,147,507,353,12695.0,625.0,804.0,379.0,0.1473269278147327,0.24581939799331104,0.03621581670362158,0.6962524654832347,0.04923198109491926
4983053,8242.0,4052,209,14,54,38,7736.0,72.0,252.0,182.0,0.05157946692991115,0.06698564593301436,0.0034550839091806516,0.7037037037037037,0.009307135470527405
2972679,11777.0,4049,505,138,953,787,9788.0,1010.0,682.0,297.0,0.12472215361817733,0.2732673267326733,0.03408248950358113,0.825813221406086,0.10318757662443809
2737340,8203.0,4046,325,61,225,155,7308.0,259.0,452.0,184.0,0.08032624814631735,0.18769230769230769,0.015076618882847257,0.6888888888888889,0.035440613026819924
3188631,7799.0,4042,455,85,472,351,6152.0,534.0,908.0,205.0,0.11256803562592776,0.18681318681318682,0.021029193468579913,0.7436440677966102,0.08680104031209362
4160459,14544.0,4040,669,119,257,128,12950.0,282.0,939.0,373.0,0.1655940594059406,0.17787742899850523,0.029455445544554454,0.4980544747081712,0.021776061776061777
3248864,12654.0,4021,608,144,781,603,10510.0,854.0,1031.0,259.0,0.15120616761999503,0.23684210526315788,0.035811987067893555,0.7720870678617158,0.08125594671741199
1273811,8957.0,4006,266,28,83,54,8316.0,91.0,360.0,190.0,0.06640039940089865,0.10526315789473684,0.006989515726410384,0.6506024096385542,0.010942760942760943
3791831,10390.0,4004,576,88,313,216,8883.0,348.0,764.0,395.0,0.14385614385614387,0.1527777777777778,0.02197802197802198,0.6900958466453674,0.03917595406957109
3595690,19002.0,4004,895,162,352,187,16873.0,373.0,1091.0,665.0,0.22352647352647353,0.18100558659217877,0.040459540459540456,0.53125,0.022106323712439993
1170772,10141.0,3998,440,84,445,351,8583.0,471.0,708.0,379.0,0.11005502751375688,0.19090909090909092,0.021010505252626314,0.7887640449438202,0.054875917511359666
5007081,14507.0,3994,512,74,147,73,13362.0,155.0,696.0,294.0,0.12819228843264896,0.14453125,0.018527791687531298,0.4965986394557823,0.011600059871276755
1249923,9153.0,3987,269,7,27,20,8636.0,29.0,318.0,170.0,0.06746927514421872,0.026022304832713755,0.0017557060446450965,0.7407407407407407,0.0033580361278369615
4052307,22898.0,3978,545,97,275,171,21389.0,324.0,884.0,301.0,0.13700351935646055,0.1779816513761468,0.024384112619406737,0.6218181818181818,0.01514797325728178
2951233,12182.0,3959,573,118,569,434,10494.0,598.0,742.0,348.0,0.14473351856529426,0.20593368237347295,0.02980550644102046,0.7627416520210897,0.05698494377739661
4368942,6557.0,3956,245,16,76,55,5993.0,84.0,324.0,156.0,0.06193124368048534,0.0653061224489796,0.004044489383215369,0.7236842105263158,0.014016352411146337
1081037,9253.0,3953,363,68,221,144,8344.0,243.0,452.0,214.0,0.09182899064002024,0.18732782369146006,0.017202124968378446,0.6515837104072398,0.029122722914669222
3567828,8527.0,3926,382,50,145,90,7700.0,157.0,445.0,225.0,0.09730005094243505,0.13089005235602094,0.01273560876209883,0.6206896551724138,0.020389610389610388
1601543,10127.0,3921,646,156,943,752,7698.0,985.0,1019.0,425.0,0.16475388931395052,0.24148606811145512,0.03978576893649579,0.7974549310710498,0.12795531306832944
1795157,15484.0,3918,397,29,122,93,14575.0,131.0,632.0,146.0,0.10132720775906075,0.07304785894206549,0.007401735579377233,0.7622950819672131,0.008987993138936536
539513,11099.0,3912,161,28,194,165,10615.0,222.0,0.0,262.0,0.04115541922290389,0.17391304347826086,0.007157464212678937,0.8505154639175257,0.020913801224682053
4718907,13544.0,3909,839,198,722,491,10826.0,893.0,1324.0,501.0,0.2146328984394986,0.2359952324195471,0.05065234075211052,0.6800554016620498,0.08248660631812303
1765288,12399.0,3907,432,46,126,79,11471.0,134.0,501.0,293.0,0.11057077041208088,0.10648148148148148,0.01177373944202713,0.626984126984127,0.011681631941417487
1665992,7882.0,3899,131,1,7,6,7604.0,7.0,91.0,180.0,0.033598358553475254,0.007633587786259542,0.00025647601949217746,0.8571428571428571,0.000920568122041031
4848899,11151.0,3897,348,78,335,253,10099.0,358.0,453.0,241.0,0.08929946112394149,0.22413793103448276,0.020015396458814474,0.755223880597015,0.035449054361818
2875366,10101.0,3894,567,89,473,376,8420.0,541.0,864.0,276.0,0.14560862865947613,0.15696649029982362,0.02285567539804828,0.7949260042283298,0.06425178147268408
344221,13738.0,3889,737,159,501,334,11646.0,620.0,1051.0,421.0,0.18950887117510928,0.2157394843962008,0.04088454615582412,0.6666666666666666,0.05323716297441181
2056274,13689.0,3889,488,51,138,85,12510.0,161.0,561.0,457.0,0.12548212908202622,0.10450819672131148,0.013113911031113397,0.6159420289855072,0.012869704236610711
1367932,13028.0,3884,743,95,269,168,11244.0,286.0,1029.0,469.0,0.19129763130792998,0.1278600269179004,0.024459320288362514,0.6245353159851301,0.02543578797580932
3026556,9712.0,3850,364,30,71,39,8968.0,77.0,473.0,194.0,0.09454545454545454,0.08241758241758242,0.007792207792207792,0.5492957746478874,0.008586083853702051
583485,10285.0,3848,560,101,537,425,8461.0,684.0,832.0,308.0,0.14553014553014554,0.18035714285714285,0.02624740124740125,0.7914338919925512,0.08084150809596974
4003886,10024.0,3845,444,43,145,100,9011.0,156.0,547.0,310.0,0.11547464239271782,0.09684684684684684,0.01118335500650195,0.6896551724137931,0.01731217400954389
4733463,20082.0,3835,517,60,115,55,18943.0,135.0,628.0,376.0,0.1348109517601043,0.11605415860735009,0.01564537157757497,0.4782608695652174,0.007126643087156205
1867533,12252.0,3833,709,156,452,282,10460.0,479.0,892.0,421.0,0.1849726063135925,0.22002820874471085,0.04069919123402035,0.6238938053097345,0.04579349904397705
4700878,15822.0,3824,599,122,368,236,14340.0,405.0,899.0,178.0,0.15664225941422594,0.2036727879799666,0.03190376569037657,0.6413043478260869,0.028242677824267783
4345501,11975.0,3808,540,82,246,161,10554.0,259.0,806.0,356.0,0.14180672268907563,0.15185185185185185,0.02153361344537815,0.6544715447154471,0.024540458593898046
4980533,11664.0,3804,622,78,187,105,10217.0,197.0,783.0,467.0,0.16351209253417456,0.12540192926045016,0.02050473186119874,0.5614973262032086,0.019281589507683272
4858656,9892.0,3794,287,32,146,114,9134.0,162.0,350.0,246.0,0.07564575645756458,0.11149825783972125,0.008434370057986295,0.7808219178082192,0.0177359316838187
4827153,10959.0,3792,380,39,92,51,9745.0,94.0,455.0,665.0,0.10021097046413502,0.10263157894736842,0.010284810126582278,0.5543478260869565,0.009645972293483837
3191556,6296.0,3791,268,23,101,74,5490.0,105.0,423.0,278.0,0.07069374835135848,0.08582089552238806,0.006067000791347929,0.7326732673267327,0.01912568306010929
4411949,11604.0,3787,599,92,273,172,10146.0,295.0,891.0,272.0,0.1581726960654872,0.15358931552587646,0.02429363612358067,0.63003663003663,0.029075497733096787
1090997,18744.0,3774,605,149,446,292,17030.0,592.0,849.0,273.0,0.16030736618971914,0.2462809917355372,0.03948065712771595,0.6547085201793722,0.03476218438050499
715487,9891.0,3771,563,54,127,70,8695.0,140.0,748.0,308.0,0.14929726862901088,0.09591474245115453,0.014319809069212411,0.5511811023622047,0.016101207590569294
3448250,11868.0,3763,486,63,191,122,10608.0,206.0,631.0,423.0,0.12915227212330588,0.12962962962962962,0.01674196120116928,0.6387434554973822,0.019419306184012067
3053420,7818.0,3760,343,42,201,154,6810.0,226.0,493.0,289.0,0.09122340425531915,0.12244897959183673,0.011170212765957447,0.7661691542288557,0.03318649045521292
3912910,14859.0,3752,756,224,754,516,12527.0,855.0,993.0,484.0,0.20149253731343283,0.2962962962962963,0.05970149253731343,0.6843501326259946,0.0682525744392113
2306045,9847.0,3750,422,33,70,34,9108.0,79.0,425.0,235.0,0.11253333333333333,0.07819905213270142,0.0088,0.4857142857142857,0.008673693456302152
2656238,8271.0,3749,205,39,172,132,7733.0,181.0,222.0,135.0,0.05468124833288877,0.1902439024390244,0.010402774073086157,0.7674418604651163,0.023406181300918143
2914063,6953.0,3743,112,1,15,14,6733.0,16.0,71.0,133.0,0.029922522041143467,0.008928571428571428,0.0002671653753673524,0.9333333333333333,0.002376355265112134
4708348,7207.0,3739,165,16,30,14,6858.0,33.0,164.0,152.0,0.04412944637603637,0.09696969696969697,0.004279219042524739,0.4666666666666667,0.004811898512685914
2507053,10967.0,3734,659,101,471,348,9123.0,510.0,1018.0,316.0,0.17648634172469202,0.15326251896813353,0.027048741296197106,0.7388535031847133,0.055902663597500825
3632786,8346.0,3722,416,76,392,304,7109.0,414.0,647.0,176.0,0.11176786673831274,0.18269230769230768,0.02041912950026867,0.7755102040816326,0.058236038824025886
2952458,10284.0,3710,344,45,211,159,9321.0,221.0,560.0,182.0,0.09272237196765498,0.1308139534883721,0.012129380053908356,0.7535545023696683,0.023709902370990237
4611962,9743.0,3704,465,60,255,189,8654.0,270.0,531.0,288.0,0.12553995680345573,0.12903225806451613,0.016198704103671708,0.7411764705882353,0.0311994453431939
2721770,10174.0,3701,554,146,602,441,8551.0,657.0,721.0,245.0,0.14968927316941366,0.26353790613718414,0.039448797622264255,0.7325581395348837,0.07683311893345808
1829221,10238.0,3698,493,108,271,151,8891.0,296.0,734.0,317.0,0.1333153055705787,0.21906693711967545,0.029204975662520283,0.5571955719557196,0.03329209312788213
2747756,8941.0,3697,342,15,32,15,8259.0,38.0,409.0,235.0,0.09250743846361915,0.043859649122807015,0.004057343792263998,0.46875,0.004601041288291561
2853993,25974.0,3695,692,155,397,239,24117.0,490.0,985.0,382.0,0.18728010825439784,0.2239884393063584,0.04194857916102842,0.6020151133501259,0.020317618277563544
1846937,8904.0,3695,454,63,262,193,7659.0,285.0,618.0,342.0,0.12286874154262517,0.13876651982378854,0.017050067658998646,0.7366412213740458,0.03721112416764591
3464786,10439.0,3682,461,46,110,59,9391.0,126.0,547.0,375.0,0.12520369364475828,0.09978308026030369,0.012493210211841391,0.5363636363636364,0.01341710148014056
4669265,8395.0,3678,250,45,238,192,7683.0,270.0,294.0,148.0,0.06797172376291463,0.18,0.012234910277324634,0.8067226890756303,0.035142522452167126
2328673,13937.0,3678,693,136,412,268,12162.0,445.0,892.0,438.0,0.18841761827079934,0.19624819624819625,0.036976617727025554,0.6504854368932039,0.03658937674724552
1655632,6314.0,3668,342,29,105,73,5513.0,108.0,441.0,252.0,0.09323882224645584,0.0847953216374269,0.007906215921483098,0.6952380952380952,0.019590059858516234
4334077,13803.0,3666,647,148,559,396,11977.0,596.0,918.0,312.0,0.17648663393344244,0.2287480680061824,0.040370976541189305,0.7084078711985689,0.04976204391750856
1382264,8810.0,3662,357,62,273,203,7801.0,291.0,465.0,253.0,0.09748771163298744,0.17366946778711484,0.016930638995084655,0.7435897435897436,0.037302909883348286
358773,10104.0,3657,562,115,511,383,8411.0,537.0,800.0,356.0,0.15367787804211103,0.20462633451957296,0.031446540880503145,0.7495107632093934,0.06384496492688146
1626599,8794.0,3652,407,57,203,139,7726.0,247.0,548.0,273.0,0.11144578313253012,0.14004914004914004,0.0156078860898138,0.6847290640394089,0.03196997152472172
3883310,9225.0,3645,491,75,254,166,8026.0,271.0,728.0,200.0,0.1347050754458162,0.15274949083503056,0.0205761316872428,0.6535433070866141,0.033765262895589336
2672392,8035.0,3642,388,66,304,232,6964.0,325.0,520.0,226.0,0.10653487095002746,0.17010309278350516,0.018121911037891267,0.7631578947368421,0.04666858127512924
380289,8837.0,3642,472,99,608,490,7210.0,672.0,740.0,215.0,0.12959912136188906,0.2097457627118644,0.027182866556836903,0.805921052631579,0.09320388349514563
2792484,10231.0,3641,527,79,267,180,8837.0,303.0,840.0,251.0,0.14474045591870366,0.14990512333965844,0.021697335896731666,0.6741573033707865,0.03428765418128324
3985474,10694.0,3641,503,91,261,164,9389.0,284.0,646.0,375.0,0.13814886020324088,0.18091451292246521,0.02499313375446306,0.6283524904214559,0.03024816274363617
1829804,16231.0,3627,689,209,1141,905,13633.0,1253.0,981.0,364.0,0.18996415770609318,0.3033381712626996,0.05762338020402537,0.7931638913234005,0.09190933763661703
4723214,10243.0,3624,484,35,119,78,9203.0,130.0,598.0,312.0,0.1335540838852097,0.07231404958677685,0.009657836644591612,0.6554621848739496,0.01412582853417364
1308457,16826.0,3612,394,49,171,117,15799.0,195.0,548.0,284.0,0.10908084163898117,0.12436548223350254,0.013565891472868217,0.6842105263157895,0.012342553326159883
289692,15775.0,3610,401,52,129,75,14830.0,149.0,472.0,324.0,0.1110803324099723,0.12967581047381546,0.014404432132963989,0.5813953488372093,0.0100472016183412
3132593,9516.0,3598,509,83,361,264,8140.0,382.0,730.0,264.0,0.141467481934408,0.16306483300589392,0.023068371317398556,0.7313019390581718,0.04692874692874693
2204097,10859.0,3589,491,78,302,216,9585.0,333.0,708.0,233.0,0.1368069100027863,0.15885947046843177,0.021733073279465033,0.7152317880794702,0.03474178403755868
2176263,6586.0,3584,251,22,86,62,5899.0,90.0,285.0,312.0,0.07003348214285714,0.08764940239043825,0.006138392857142857,0.7209302325581395,0.01525682319037125
4622605,5177.0,3577,190,14,75,58,4627.0,79.0,275.0,196.0,0.05311713726586525,0.07368421052631578,0.003913894324853229,0.7733333333333333,0.0170736978603847
668498,10788.0,3573,478,99,228,129,9527.0,243.0,607.0,411.0,0.133781136300028,0.20711297071129708,0.027707808564231738,0.5657894736842105,0.02550645533746195
1025720,13376.0,3570,654,199,871,654,10771.0,1172.0,1149.0,284.0,0.18319327731092436,0.30428134556574926,0.05574229691876751,0.7508610792192881,0.10881069538575805
4307317,9515.0,3569,589,87,269,175,8013.0,284.0,805.0,413.0,0.16503222191089942,0.14770797962648557,0.024376576071728776,0.6505576208178439,0.03544240609010358
3228699,10647.0,3566,458,104,337,226,9461.0,397.0,611.0,178.0,0.12843522153673584,0.22707423580786026,0.029164329781267526,0.6706231454005934,0.04196173765986682
1194737,11494.0,3565,700,128,517,381,9426.0,627.0,1054.0,387.0,0.19635343618513323,0.18285714285714286,0.035904628330995794,0.7369439071566731,0.06651814131126671
4559624,9348.0,3557,505,63,400,324,7898.0,437.0,791.0,222.0,0.14197357323587292,0.12475247524752475,0.01771155468091088,0.81,0.05533046340845784
2337395,12952.0,3547,534,130,526,382,11370.0,553.0,753.0,276.0,0.15054976036086834,0.24344569288389514,0.036650690724555963,0.7262357414448669,0.04863676341248901
1180629,9341.0,3546,443,59,246,182,8233.0,266.0,515.0,327.0,0.12492949802594473,0.13318284424379231,0.016638465877044557,0.7398373983739838,0.03230900036438722
864424,9113.0,3524,412,41,140,98,8200.0,149.0,482.0,282.0,0.11691259931895573,0.09951456310679611,0.011634506242905789,0.7,0.018170731707317072
2070852,7787.0,3524,330,42,108,65,6953.0,124.0,575.0,135.0,0.09364358683314415,0.12727272727272726,0.01191827468785471,0.6018518518518519,0.01783402847691644
3083452,10769.0,3520,419,79,277,191,9716.0,300.0,536.0,217.0,0.11903409090909091,0.18854415274463007,0.022443181818181817,0.6895306859205776,0.03087690407575134
3570834,9787.0,3520,479,79,252,167,8604.0,262.0,638.0,283.0,0.13607954545454545,0.1649269311064718,0.022443181818181817,0.6626984126984127,0.030450953045095305
2812445,11837.0,3517,445,82,240,152,10298.0,462.0,701.0,376.0,0.1265282911572363,0.1842696629213483,0.023315325561558145,0.6333333333333333,0.04486308020974947
1954691,9521.0,3517,445,82,282,191,8424.0,313.0,546.0,238.0,0.1265282911572363,0.1842696629213483,0.023315325561558145,0.6773049645390071,0.03715574548907882
685988,10392.0,3513,603,193,992,767,8039.0,1074.0,1048.0,231.0,0.17164816396242527,0.3200663349917081,0.05493879874750925,0.7731854838709677,0.13359870630675458
1910296,6278.0,3513,214,19,67,48,5618.0,94.0,391.0,175.0,0.06091659550241958,0.08878504672897196,0.005408482778252206,0.7164179104477612,0.01673193307226771
55312,15824.0,3508,741,167,733,552,13443.0,897.0,1065.0,419.0,0.2112314709236032,0.2253711201079622,0.0476054732041049,0.7530695770804912,0.06672617719259094
4908092,8303.0,3499,454,56,242,177,7099.0,252.0,578.0,374.0,0.12975135753072306,0.12334801762114538,0.01600457273506716,0.731404958677686,0.03549795745879701
4236628,8148.0,3495,228,35,101,63,7545.0,110.0,224.0,269.0,0.06523605150214593,0.15350877192982457,0.010014306151645207,0.6237623762376238,0.0145791915175613
2089582,9010.0,3495,591,86,356,260,7473.0,382.0,889.0,266.0,0.16909871244635194,0.1455160744500846,0.024606580829756794,0.7303370786516854,0.05111735581426469
363144,6900.0,3491,245,16,58,40,6340.0,60.0,336.0,164.0,0.07018046405041535,0.0653061224489796,0.004583213978802635,0.6896551724137931,0.00946372239747634
564681,18981.0,3490,552,146,474,324,17398.0,583.0,739.0,261.0,0.15816618911174785,0.2644927536231884,0.04183381088825215,0.6835443037974683,0.033509598804460285
4713427,8400.0,3480,343,50,213,157,7595.0,224.0,375.0,206.0,0.09856321839080459,0.1457725947521866,0.014367816091954023,0.7370892018779343,0.029493087557603687
4370528,11870.0,3479,535,106,356,241,10319.0,421.0,735.0,395.0,0.15377982178787009,0.19813084112149532,0.03046852543834435,0.6769662921348315,0.04079852698904932
1587961,10309.0,3476,588,141,537,378,8662.0,581.0,732.0,334.0,0.16915995397008055,0.23979591836734693,0.0405638665132336,0.7039106145251397,0.06707457861925652
3252563,10391.0,3472,373,20,61,40,9513.0,70.0,433.0,375.0,0.10743087557603687,0.05361930294906166,0.00576036866359447,0.6557377049180327,0.007358351729212656
2903469,12235.0,3469,606,64,189,113,10828.0,223.0,774.0,410.0,0.17469011242432977,0.10561056105610561,0.018449120784087635,0.5978835978835979,0.02059475434059845
2595793,9406.0,3468,504,100,310,201,7955.0,393.0,791.0,267.0,0.1453287197231834,0.1984126984126984,0.02883506343713956,0.6483870967741936,0.04940289126335638
1711596,18575.0,3464,699,158,541,372,16592.0,627.0,1030.0,326.0,0.20178983833718245,0.22603719599427755,0.04561200923787529,0.6876155268022182,0.03778929604628737
21059,9878.0,3458,264,5,31,26,9314.0,34.0,324.0,206.0,0.07634470792365529,0.01893939393939394,0.0014459224985540775,0.8387096774193549,0.0036504187245007514
226341,7935.0,3454,343,43,195,147,7036.0,243.0,446.0,210.0,0.09930515344528083,0.12536443148688048,0.012449334105385061,0.7538461538461538,0.034536668561682776
4004564,14090.0,3451,362,20,56,35,13322.0,59.0,320.0,389.0,0.10489713126629963,0.055248618784530384,0.005795421616922631,0.625,0.004428764449782315
1274818,8580.0,3450,344,67,361,283,7564.0,386.0,414.0,216.0,0.09971014492753623,0.19476744186046513,0.019420289855072465,0.7839335180055401,0.05103120042305658
4728774,10616.0,3447,592,119,507,364,8932.0,547.0,890.0,247.0,0.17174354511169132,0.20101351351351351,0.034522773426167684,0.717948717948718,0.061240483654276756
3435808,12495.0,3437,657,195,808,590,10406.0,882.0,980.0,227.0,0.19115507710212395,0.2968036529680365,0.05673552516729706,0.7301980198019802,0.08475879300403613
3864364,8827.0,3437,554,117,443,311,7182.0,504.0,858.0,283.0,0.16118708175734653,0.2111913357400722,0.034041315100378236,0.7020316027088036,0.07017543859649122
4018452,8465.0,3433,342,32,93,58,7753.0,104.0,380.0,228.0,0.09962132245849112,0.0935672514619883,0.00932129332944946,0.6236559139784946,0.013414162259770412
477292,12202.0,3432,501,99,407,297,10775.0,481.0,655.0,291.0,0.145979020979021,0.19760479041916168,0.028846153846153848,0.7297297297297297,0.044640371229698377
2340518,11354.0,3430,408,50,137,84,10467.0,144.0,437.0,306.0,0.11895043731778426,0.12254901960784313,0.014577259475218658,0.6131386861313869,0.013757523645743766
432873,14091.0,3429,587,94,252,149,12327.0,308.0,893.0,563.0,0.17118693496646253,0.16013628620102216,0.02741324001166521,0.5912698412698413,0.02498580352072686
2478177,7056.0,3428,262,22,60,36,6585.0,63.0,259.0,149.0,0.0764294049008168,0.08396946564885496,0.006417736289381563,0.6,0.009567198177676537
4537973,10697.0,3404,640,106,472,347,8968.0,521.0,898.0,310.0,0.18801410105757932,0.165625,0.031139835487661575,0.7351694915254238,0.05809545049063336
3108882,10890.0,3399,327,12,35,22,10219.0,37.0,373.0,261.0,0.09620476610767872,0.03669724770642202,0.00353045013239188,0.6285714285714286,0.003620706527057442
4835015,7354.0,3397,396,83,313,215,6133.0,344.0,568.0,309.0,0.11657344715925817,0.20959595959595959,0.024433323520753607,0.6869009584664537,0.05609000489157019
547478,5988.0,3387,221,41,131,90,5397.0,138.0,281.0,172.0,0.065249483318571,0.18552036199095023,0.01210510776498376,0.6870229007633588,0.02556976097832129
957385,7569.0,3383,303,18,39,21,6859.0,40.0,359.0,311.0,0.08956547443097843,0.0594059405940594,0.0053207212533254505,0.5384615384615384,0.005831753899985421
2240104,7019.0,3380,368,29,180,145,5994.0,190.0,587.0,248.0,0.10887573964497041,0.07880434782608696,0.008579881656804733,0.8055555555555556,0.031698365031698365
3952744,8470.0,3378,419,69,558,458,6881.0,619.0,811.0,159.0,0.12403789224393132,0.16467780429594273,0.020426287744227355,0.8207885304659498,0.08995785496294144
820597,15497.0,3375,528,70,150,75,14152.0,162.0,722.0,461.0,0.15644444444444444,0.13257575757575757,0.02074074074074074,0.5,0.011447145279819108
4393424,11598.0,3371,287,32,78,46,10874.0,90.0,414.0,220.0,0.08513794126371997,0.11149825783972125,0.009492732126965293,0.5897435897435898,0.008276623137759793
4956748,11395.0,3366,586,77,224,146,9923.0,252.0,782.0,438.0,0.1740938799762329,0.13139931740614336,0.02287581699346405,0.6517857142857143,0.025395545701904665
4551297,8529.0,3362,444,67,197,121,7458.0,211.0,668.0,192.0,0.132064247471743,0.15090090090090091,0.019928613920285543,0.6142131979695431,0.02829176722982033
1451814,10348.0,3360,695,156,639,459,8314.0,719.0,1089.0,226.0,0.20684523809523808,0.22446043165467625,0.04642857142857143,0.7183098591549296,0.08648063507337021
128357,8318.0,3359,437,98,559,429,6725.0,601.0,780.0,212.0,0.13009824352485858,0.2242562929061785,0.029175349806490027,0.7674418604651163,0.08936802973977695
3922126,10152.0,3356,397,96,475,370,8950.0,523.0,522.0,157.0,0.11829558998808105,0.24181360201511334,0.028605482717520857,0.7789473684210526,0.058435754189944136
3944885,7432.0,3344,263,47,287,235,6635.0,297.0,356.0,144.0,0.07864832535885168,0.17870722433460076,0.014055023923444977,0.818815331010453,0.04476262245666918
2253970,8789.0,3343,471,85,372,274,7476.0,416.0,608.0,289.0,0.1408914148967993,0.18046709129511676,0.02542626383487885,0.7365591397849462,0.05564472980203317
693937,7073.0,3337,294,22,85,61,6378.0,99.0,333.0,263.0,0.08810308660473479,0.07482993197278912,0.006592747977225052,0.7176470588235294,0.015522107243650047
2750247,8859.0,3337,320,9,31,21,8071.0,34.0,302.0,452.0,0.0958945160323644,0.028125,0.0026970332634102486,0.6774193548387096,0.004212613059100483
307335,6779.0,3332,321,36,379,327,5606.0,442.0,481.0,250.0,0.09633853541416566,0.11214953271028037,0.010804321728691477,0.862796833773087,0.07884409561184445
964912,6705.0,3325,294,49,317,256,5734.0,354.0,392.0,225.0,0.08842105263157894,0.16666666666666666,0.014736842105263158,0.807570977917981,0.061737007324729684
3323163,10825.0,3325,526,41,111,67,9590.0,123.0,665.0,447.0,0.1581954887218045,0.0779467680608365,0.012330827067669173,0.6036036036036037,0.012825860271115746
1227327,8480.0,3320,331,62,223,157,7603.0,246.0,443.0,188.0,0.09969879518072289,0.18731117824773413,0.018674698795180723,0.7040358744394619,0.03235564908588715
1086659,3914.0,3316,53,0,1,1,3548.0,1.0,150.0,215.0,0.015983112183353437,0.0,0.0,1.0,0.0002818489289740699
2452793,13528.0,3312,553,84,201,116,12158.0,208.0,888.0,274.0,0.16696859903381642,0.1518987341772152,0.025362318840579712,0.5771144278606966,0.01710807698634644
3902231,7499.0,3312,477,90,481,379,6019.0,522.0,826.0,132.0,0.14402173913043478,0.18867924528301888,0.02717391304347826,0.7879417879417879,0.08672536966273467
222147,5207.0,3312,201,34,163,119,4492.0,181.0,370.0,164.0,0.06068840579710145,0.1691542288557214,0.010265700483091788,0.7300613496932515,0.04029385574354408
4871255,10988.0,3299,556,105,348,235,9570.0,377.0,695.0,346.0,0.16853591997575024,0.18884892086330934,0.03182782661412549,0.6752873563218391,0.03939393939393939
1391195,10337.0,3296,504,74,286,209,9080.0,301.0,687.0,269.0,0.1529126213592233,0.14682539682539683,0.022451456310679612,0.7307692307692307,0.03314977973568282
4121590,11306.0,3291,451,88,323,229,10069.0,344.0,643.0,250.0,0.1370404132482528,0.1951219512195122,0.026739592828927378,0.7089783281733746,0.03416426656073095
2626154,8287.0,3286,402,67,245,173,7261.0,259.0,585.0,182.0,0.12233718807060255,0.16666666666666666,0.020389531345100426,0.7061224489795919,0.03567001790386999
3867633,9183.0,3285,318,50,199,144,8392.0,229.0,348.0,214.0,0.09680365296803653,0.15723270440251572,0.015220700152207,0.7236180904522613,0.02728789323164919
2124307,7826.0,3283,459,94,561,427,6152.0,603.0,813.0,258.0,0.139811148339933,0.2047930283224401,0.028632348461772768,0.7611408199643493,0.09801690507152146
4874492,8318.0,3280,419,45,195,148,7241.0,222.0,575.0,280.0,0.1277439024390244,0.10739856801909307,0.013719512195121951,0.7589743589743589,0.03065874879160337
3466318,7568.0,3274,436,23,87,57,6425.0,92.0,583.0,468.0,0.13317043372021992,0.052752293577981654,0.007025045815516188,0.6551724137931034,0.014319066147859922
2652700,8891.0,3261,297,8,20,11,8236.0,25.0,392.0,238.0,0.09107635694572216,0.026936026936026935,0.0024532352039251764,0.55,0.0030354541039339486
4779633,7267.0,3256,399,96,571,448,5787.0,595.0,609.0,276.0,0.12254299754299754,0.24060150375939848,0.029484029484029485,0.7845884413309983,0.10281665802661137
5008466,12094.0,3253,753,192,843,626,9757.0,925.0,1034.0,378.0,0.23147863510605596,0.2549800796812749,0.0590224408238549,0.7425860023724793,0.09480373065491442
2383838,14513.0,3244,454,84,237,152,13334.0,262.0,656.0,261.0,0.1399506781750925,0.18502202643171806,0.025893958076448828,0.6413502109704642,0.019649017549122544
1019260,9060.0,3242,494,104,706,581,7203.0,769.0,753.0,335.0,0.15237507711289328,0.21052631578947367,0.032078963602714373,0.8229461756373938,0.10676107177564903
151648,12476.0,3240,344,42,117,75,11763.0,132.0,399.0,182.0,0.10617283950617284,0.12209302325581395,0.012962962962962963,0.6410256410256411,0.011221627135934711
2313309,12582.0,3239,656,149,453,294,10628.0,527.0,930.0,497.0,0.20253164556962025,0.22713414634146342,0.04600185242358753,0.6490066225165563,0.04958599924727136
4071732,5963.0,3236,197,14,47,33,5608.0,54.0,202.0,99.0,0.06087762669962917,0.07106598984771574,0.004326328800988875,0.7021276595744681,0.00962910128388017
2989452,9759.0,3234,427,97,495,390,8425.0,521.0,574.0,239.0,0.13203463203463203,0.22716627634660422,0.02999381570810142,0.7878787878787878,0.06183976261127597
4222383,12546.0,3230,476,90,231,139,11383.0,250.0,609.0,304.0,0.14736842105263157,0.18907563025210083,0.02786377708978328,0.6017316017316018,0.02196257577088641
2685357,11228.0,3226,580,116,380,254,9675.0,454.0,781.0,318.0,0.17978921264724115,0.2,0.03595784252944823,0.6684210526315789,0.0469250645994832
3818081,5333.0,3223,141,10,38,25,5010.0,42.0,154.0,127.0,0.043748060812907226,0.07092198581560284,0.003102699348433137,0.6578947368421053,0.008383233532934131
139590,6501.0,3209,252,37,129,92,5864.0,168.0,317.0,152.0,0.07852913680274229,0.14682539682539683,0.011530071673418511,0.7131782945736435,0.0286493860845839
4928116,4355.0,3186,70,0,3,3,4167.0,3.0,54.0,131.0,0.02197112366603892,0.0,0.0,1.0,0.0007199424046076314
1914382,10591.0,3183,762,210,758,513,8309.0,829.0,1164.0,289.0,0.23939679547596607,0.2755905511811024,0.06597549481621112,0.6767810026385225,0.09977133229028765
4966058,12780.0,3181,454,63,166,100,11536.0,214.0,602.0,428.0,0.14272241433511473,0.13876651982378854,0.019805092738132662,0.6024096385542169,0.018550624133148404
940822,11677.0,3179,585,91,254,149,9989.0,399.0,888.0,401.0,0.18402013211701793,0.15555555555555556,0.028625353884869455,0.5866141732283464,0.039943938332165384
3053292,7836.0,3175,531,62,337,257,6085.0,387.0,875.0,489.0,0.16724409448818897,0.1167608286252354,0.01952755905511811,0.7626112759643917,0.06359901396877568
4989387,11504.0,3173,579,189,655,452,9444.0,871.0,910.0,279.0,0.18247715096123543,0.32642487046632124,0.05956508036558462,0.6900763358778625,0.0922278695468022
3519978,5475.0,3142,281,40,201,152,4553.0,219.0,459.0,244.0,0.08943348185868873,0.1423487544483986,0.012730744748567792,0.7562189054726368,0.04810015374478366
545259,8301.0,3140,487,91,500,398,6688.0,568.0,782.0,263.0,0.15509554140127388,0.1868583162217659,0.028980891719745223,0.796,0.08492822966507177
2409937,5425.0,3138,190,35,207,162,4720.0,219.0,329.0,157.0,0.06054811982154239,0.18421052631578946,0.011153601019757807,0.782608695652174,0.04639830508474576
3571884,5556.0,3136,297,48,174,112,4718.0,185.0,456.0,197.0,0.09470663265306123,0.16161616161616163,0.015306122448979591,0.6436781609195402,0.03921153030945316
3234738,8211.0,3133,384,79,232,145,7213.0,247.0,498.0,253.0,0.12256623045004787,0.20572916666666666,0.025215448451962975,0.625,0.03424372660474144
2615320,14339.0,3132,642,114,297,173,12713.0,322.0,906.0,398.0,0.2049808429118774,0.17757009345794392,0.03639846743295019,0.5824915824915825,0.025328403995909698
1653613,10521.0,3127,603,119,290,163,8755.0,340.0,873.0,553.0,0.19283658458586506,0.19734660033167495,0.038055644387591944,0.5620689655172414,0.038834951456310676
2066340,10066.0,3123,234,3,18,15,9641.0,18.0,226.0,181.0,0.07492795389048991,0.01282051282051282,0.0009606147934678194,0.8333333333333334,0.0018670262420910693
4519460,8757.0,3116,543,137,588,422,6912.0,725.0,899.0,221.0,0.17426187419768935,0.2523020257826888,0.04396662387676508,0.717687074829932,0.1048900462962963
5053648,6555.0,3115,195,21,40,19,6158.0,49.0,228.0,120.0,0.06260032102728733,0.1076923076923077,0.006741573033707865,0.475,0.007957128937966872
3763517,7078.0,3107,191,9,40,30,6692.0,46.0,178.0,162.0,0.06147409076279369,0.04712041884816754,0.002896684905053106,0.75,0.006873879258816497
994002,14514.0,3103,648,73,181,105,12946.0,189.0,894.0,485.0,0.2088301643570738,0.11265432098765432,0.0235256203673864,0.580110497237569,0.01459910397033833
1258177,10611.0,3095,643,140,408,258,8663.0,581.0,1052.0,315.0,0.20775444264943457,0.2177293934681182,0.045234248788368334,0.6323529411764706,0.06706683596906383
3876855,6216.0,3092,253,14,34,19,5654.0,37.0,306.0,219.0,0.08182406209573091,0.05533596837944664,0.004527813712807244,0.5588235294117647,0.006544039617969579
2052526,11445.0,3091,591,70,145,72,10043.0,156.0,823.0,423.0,0.19120025881591718,0.11844331641285956,0.022646392753154318,0.496551724137931,0.015533207209001294
4896062,10409.0,3080,521,127,346,214,8986.0,374.0,720.0,329.0,0.16915584415584414,0.2437619961612284,0.041233766233766234,0.6184971098265896,0.041620298241709326
3544014,7985.0,3078,450,92,532,416,6474.0,577.0,727.0,207.0,0.14619883040935672,0.20444444444444446,0.029889538661468484,0.7819548872180451,0.08912573370404696
2863168,14984.0,3076,795,188,566,363,12616.0,735.0,1161.0,472.0,0.25845253576072824,0.23647798742138365,0.0611183355006502,0.6413427561837456,0.058259353202282815
1609851,7460.0,3075,383,74,479,377,6068.0,529.0,671.0,192.0,0.12455284552845529,0.19321148825065274,0.024065040650406506,0.7870563674321504,0.08717864205669083
2547494,8306.0,3059,210,19,64,44,7872.0,68.0,199.0,167.0,0.06864988558352403,0.09047619047619047,0.006211180124223602,0.6875,0.008638211382113821
327651,6624.0,3059,348,72,263,173,5532.0,279.0,562.0,251.0,0.11376266753841124,0.20689655172413793,0.02353710362863681,0.6577946768060836,0.050433839479392624
16219,8543.0,3054,376,77,217,134,7586.0,229.0,451.0,277.0,0.12311722331368696,0.2047872340425532,0.0252128356254093,0.6175115207373272,0.030187186923279725
2092246,8173.0,3054,465,64,217,149,7031.0,230.0,637.0,275.0,0.15225933202357564,0.13763440860215054,0.020956123117223315,0.6866359447004609,0.03271227421419428
4911958,7940.0,3051,465,93,530,413,6471.0,553.0,705.0,211.0,0.15240904621435594,0.2,0.03048180924287119,0.779245283018868,0.08545819811466543
322805,6766.0,3050,376,86,720,617,5230.0,749.0,532.0,255.0,0.12327868852459016,0.22872340425531915,0.02819672131147541,0.8569444444444444,0.14321223709369024
3054014,12488.0,3049,683,152,532,371,10536.0,638.0,979.0,335.0,0.22400787143325682,0.2225475841874085,0.0498524106264349,0.6973684210526315,0.0605542900531511
4397248,5381.0,3041,133,19,132,105,4911.0,141.0,197.0,132.0,0.043735613285103586,0.14285714285714285,0.006247944755014798,0.7954545454545454,0.028711056811240074
2276883,9320.0,3039,528,105,263,155,7957.0,287.0,819.0,257.0,0.17374136229022705,0.19886363636363635,0.034550839091806514,0.5893536121673004,0.036068870177202464
2130314,7357.0,3039,437,37,154,107,6174.0,172.0,680.0,331.0,0.14379730174399474,0.08466819221967964,0.01217505758473182,0.6948051948051948,0.027858762552640103
1544586,6445.0,3026,283,61,244,172,5572.0,264.0,435.0,174.0,0.09352280237937871,0.21554770318021202,0.02015862524785195,0.7049180327868853,0.04737975592246949
2975713,11011.0,3025,483,122,535,402,9521.0,563.0,705.0,222.0,0.1596694214876033,0.2525879917184265,0.04033057851239669,0.7514018691588785,0.05913244407100095
4656779,7808.0,3025,398,41,114,72,6795.0,128.0,457.0,428.0,0.1315702479338843,0.10301507537688442,0.013553719008264463,0.631578947368421,0.0188373804267844
4491457,7843.0,3024,202,22,69,47,7398.0,74.0,245.0,126.0,0.0667989417989418,0.10891089108910891,0.007275132275132275,0.6811594202898551,0.010002703433360368
3332130,9878.0,3023,198,12,37,25,9485.0,46.0,204.0,143.0,0.06549784981806153,0.06060606060606061,0.0039695666556400925,0.6756756756756757,0.004849762783342119
1023710,6667.0,3021,322,60,437,368,5566.0,459.0,458.0,184.0,0.10658722277391593,0.18633540372670807,0.019860973187686197,0.8421052631578947,0.08246496586417534
4065839,5809.0,3011,235,14,49,34,5300.0,58.0,251.0,200.0,0.07804716041182332,0.059574468085106386,0.004649618067087346,0.6938775510204082,0.010943396226415094
4664549,7791.0,3007,315,51,221,166,6925.0,234.0,386.0,246.0,0.10475557033588294,0.1619047619047619,0.016960425673428665,0.751131221719457,0.03379061371841155
2706436,8309.0,3002,333,44,125,78,7489.0,146.0,440.0,234.0,0.11092604930046636,0.13213213213213212,0.014656895403064623,0.624,0.019495259714247565
382910,8517.0,3001,400,40,109,67,7572.0,121.0,464.0,360.0,0.13328890369876709,0.1,0.013328890369876709,0.6146788990825688,0.015979926043317487
3835723,7257.0,2987,388,47,223,173,6168.0,232.0,497.0,360.0,0.12989621694007364,0.1211340206185567,0.015734851021091397,0.7757847533632287,0.03761348897535668
4482016,7457.0,2986,403,52,151,97,6459.0,162.0,597.0,239.0,0.13496316141995982,0.12903225806451613,0.017414601473543203,0.6423841059602649,0.025081281932187643
2948269,11231.0,2986,505,85,281,185,9932.0,315.0,661.0,323.0,0.16912257200267916,0.16831683168316833,0.028466175485599463,0.6583629893238434,0.03171566653242046
103181,7141.0,2986,303,38,155,112,6260.0,245.0,440.0,196.0,0.10147354320160751,0.1254125412541254,0.012726054922973878,0.7225806451612903,0.03913738019169329
378698,9109.0,2979,307,21,86,64,8410.0,91.0,321.0,287.0,0.10305471634776771,0.06840390879478828,0.007049345417925478,0.7441860465116279,0.010820451843043996
4098379,6125.0,2973,229,42,165,123,5458.0,174.0,336.0,157.0,0.07702657248570467,0.18340611353711792,0.014127144298688193,0.7454545454545455,0.03187980945401246
3731995,7888.0,2973,273,45,117,70,7242.0,125.0,343.0,178.0,0.09182643794147326,0.16483516483516483,0.015136226034308779,0.5982905982905983,0.017260425296879316
1481335,6692.0,2969,201,8,22,14,6336.0,24.0,207.0,125.0,0.0676995621421354,0.03980099502487562,0.002694509936005389,0.6363636363636364,0.003787878787878788
3326628,7798.0,2957,260,10,23,12,7301.0,25.0,243.0,229.0,0.08792695299289821,0.038461538461538464,0.0033818058843422386,0.5217391304347826,0.003424188467333242
4776297,7751.0,2956,399,77,389,290,6601.0,410.0,581.0,159.0,0.13497970230040596,0.19298245614035087,0.026048714479025712,0.7455012853470437,0.062111801242236024
2466971,9504.0,2956,457,147,639,474,7894.0,683.0,691.0,236.0,0.15460081190798375,0.32166301969365424,0.04972936400541272,0.7417840375586855,0.08652140866480872
1929516,10352.0,2955,561,77,251,167,9006.0,276.0,761.0,309.0,0.18984771573604062,0.13725490196078433,0.026057529610829102,0.6653386454183267,0.030646235842771485
1416713,13220.0,2954,771,224,635,392,10776.0,827.0,1242.0,375.0,0.2610020311442112,0.2905317769130999,0.07582938388625593,0.6173228346456693,0.07674461766889384
2553450,7338.0,2953,370,64,209,137,6398.0,223.0,410.0,307.0,0.12529630883846934,0.17297297297297298,0.021672875042329835,0.6555023923444976,0.03485464207564864
1125484,8152.0,2951,213,25,77,49,7418.0,91.0,262.0,381.0,0.07217892239918672,0.11737089201877934,0.008471704506946797,0.6363636363636364,0.012267457535723916
3391862,16155.0,2943,520,129,398,264,14624.0,503.0,722.0,306.0,0.17669045191980973,0.24807692307692308,0.04383282364933741,0.6633165829145728,0.03439551422319475
624370,6206.0,2943,354,48,175,121,5237.0,200.0,545.0,224.0,0.12028542303771661,0.13559322033898305,0.0163098878695209,0.6914285714285714,0.038189803322512886
1023823,11687.0,2938,634,231,1041,783,9122.0,1364.0,955.0,246.0,0.2157930565010211,0.3643533123028391,0.07862491490810075,0.7521613832853026,0.1495286121464591
2271402,6963.0,2933,397,32,92,57,5895.0,120.0,550.0,398.0,0.1353562904875554,0.08060453400503778,0.010910330719399931,0.6195652173913043,0.020356234096692113
2475942,7397.0,2917,324,50,369,312,6270.0,408.0,466.0,253.0,0.11107302022625985,0.15432098765432098,0.017140898183064794,0.8455284552845529,0.06507177033492823
860357,6715.0,2914,384,78,379,278,5420.0,428.0,626.0,241.0,0.13177762525737818,0.203125,0.026767330130404943,0.7335092348284961,0.07896678966789668
4464320,7592.0,2914,401,72,421,337,6295.0,492.0,609.0,196.0,0.13761153054221,0.17955112219451372,0.024708304735758406,0.8004750593824228,0.07815726767275616
1132429,15375.0,2902,534,92,180,83,13989.0,208.0,739.0,439.0,0.18401102687801515,0.17228464419475656,0.03170227429359063,0.46111111111111114,0.014868825505754522
4096107,7500.0,2902,436,58,192,129,6391.0,216.0,583.0,310.0,0.15024121295658166,0.13302752293577982,0.019986216402481046,0.671875,0.03379752777343139
2994558,9066.0,2901,394,80,204,120,8049.0,218.0,567.0,232.0,0.13581523612547397,0.20304568527918782,0.027576697690451568,0.5882352941176471,0.02708410982730774
3531700,7981.0,2885,162,11,20,8,7688.0,24.0,168.0,101.0,0.056152512998266894,0.06790123456790123,0.0038128249566724438,0.4,0.003121748178980229
3694648,9284.0,2884,386,36,92,55,8366.0,106.0,504.0,308.0,0.13384188626907073,0.09326424870466321,0.012482662968099861,0.5978260869565217,0.012670332297394215
2026907,6928.0,2878,189,35,223,183,6317.0,230.0,287.0,94.0,0.06567060458651841,0.18518518518518517,0.012161223071577484,0.820627802690583,0.036409688143105905
4374048,8721.0,2875,443,94,387,284,7418.0,461.0,616.0,226.0,0.15408695652173912,0.21218961625282168,0.03269565217391304,0.7338501291989664,0.06214613103262335
4174564,7211.0,2874,144,14,48,34,6945.0,50.0,120.0,96.0,0.05010438413361169,0.09722222222222222,0.0048712595685455815,0.7083333333333334,0.007199424046076314
1281227,9051.0,2869,476,61,181,116,7979.0,194.0,562.0,316.0,0.16591146741024748,0.12815126050420167,0.02126176368072499,0.6408839779005525,0.024313823787442037
2419332,6476.0,2867,341,71,669,575,4972.0,705.0,609.0,190.0,0.11893965817928148,0.20821114369501467,0.0247645622602023,0.85949177877429,0.1417940466613033
48094,6381.0,2866,327,58,337,263,5355.0,354.0,499.0,173.0,0.11409630146545709,0.17737003058103976,0.020237264480111653,0.7804154302670623,0.06610644257703081
2091359,8928.0,2856,389,87,378,279,7787.0,421.0,599.0,121.0,0.13620448179271707,0.2236503856041131,0.03046218487394958,0.7380952380952381,0.05406446641838963
2158870,8369.0,2854,505,126,457,306,6841.0,518.0,806.0,204.0,0.1769446391030133,0.2495049504950495,0.04414856341976174,0.6695842450765864,0.0757199239877211
90791,11237.0,2852,519,95,282,184,9929.0,306.0,707.0,295.0,0.18197755960729312,0.18304431599229287,0.033309957924263674,0.6524822695035462,0.030818813576392386
863775,7379.0,2851,386,44,145,93,6357.0,152.0,567.0,303.0,0.13539109084531742,0.11398963730569948,0.015433181339880744,0.6413793103448275,0.023910649677520844
749692,9610.0,2847,328,18,36,18,8880.0,41.0,407.0,282.0,0.11520899192132068,0.054878048780487805,0.006322444678609062,0.5,0.004617117117117117
4167298,9383.0,2839,460,142,669,509,7576.0,902.0,626.0,279.0,0.1620288834096513,0.30869565217391304,0.05001761183515322,0.7608370702541106,0.11906019007391763
3220984,6899.0,2829,364,82,603,489,5508.0,637.0,597.0,157.0,0.12866737363025804,0.22527472527472528,0.028985507246376812,0.8109452736318408,0.11564996368917937
4119922,6144.0,2822,300,59,365,294,5098.0,378.0,482.0,186.0,0.10630758327427356,0.19666666666666666,0.020907158043940468,0.8054794520547945,0.07414672420557081
4830705,6491.0,2822,377,59,372,301,5369.0,392.0,506.0,224.0,0.13359319631467045,0.15649867374005305,0.020907158043940468,0.8091397849462365,0.07301173402868318
1297791,12124.0,2820,273,32,77,44,11555.0,83.0,334.0,152.0,0.09680851063829787,0.11721611721611722,0.011347517730496455,0.5714285714285714,0.007183037646040675
1104384,7594.0,2819,350,13,33,18,6830.0,34.0,394.0,336.0,0.12415750266051792,0.037142857142857144,0.0046115643845335225,0.5454545454545454,0.004978038067349927
350027,5805.0,2812,245,16,68,50,5206.0,75.0,292.0,232.0,0.08712660028449502,0.0653061224489796,0.005689900426742532,0.7352941176470589,0.014406454091432963
5041153,8398.0,2810,399,98,494,383,7079.0,534.0,564.0,221.0,0.14199288256227757,0.24561403508771928,0.034875444839857654,0.7753036437246964,0.07543438338748411
3141941,7534.0,2807,427,90,297,201,6328.0,319.0,546.0,341.0,0.15211970074812967,0.2107728337236534,0.03206270039187745,0.6767676767676768,0.05041087231352718
3547172,7154.0,2806,340,49,251,190,6208.0,273.0,490.0,183.0,0.12116892373485388,0.14411764705882352,0.017462580185317177,0.7569721115537849,0.04397551546391753
3369303,5595.0,2803,271,13,39,25,5044.0,43.0,292.0,216.0,0.09668212629325723,0.04797047970479705,0.00463788797716732,0.6410256410256411,0.00852498017446471
2983928,5907.0,2795,281,64,393,314,4793.0,422.0,471.0,221.0,0.10053667262969589,0.2277580071174377,0.02289803220035778,0.7989821882951654,0.08804506572084289
65720,10829.0,2791,367,95,355,255,9769.0,381.0,490.0,189.0,0.13149408814045144,0.25885558583106266,0.03403797921891795,0.7183098591549296,0.03900092128160508
3076855,6529.0,2791,362,92,335,230,5451.0,358.0,551.0,169.0,0.12970261554998208,0.2541436464088398,0.03296309566463633,0.6865671641791045,0.06567602274811961
3682757,4807.0,2782,151,20,177,151,4240.0,188.0,288.0,91.0,0.054277498202731846,0.13245033112582782,0.007189072609633357,0.8531073446327684,0.04433962264150943
3415505,7665.0,2779,280,43,184,133,6862.0,229.0,411.0,163.0,0.10075566750629723,0.15357142857142858,0.015473191795609931,0.7228260869565217,0.03337219469542407
1817077,6958.0,2776,385,59,191,126,6066.0,221.0,496.0,175.0,0.13868876080691642,0.15324675324675324,0.021253602305475506,0.6596858638743456,0.036432575008242665
472985,8775.0,2775,424,88,336,239,7612.0,345.0,590.0,228.0,0.1527927927927928,0.20754716981132076,0.031711711711711714,0.7113095238095238,0.0453231739358907
3627351,11880.0,2773,530,185,764,567,9910.0,960.0,722.0,288.0,0.19112874143526867,0.3490566037735849,0.06671474936891453,0.7421465968586387,0.09687184661957618
720666,5757.0,2773,165,20,83,60,5361.0,87.0,187.0,122.0,0.059502344031734586,0.12121212121212122,0.00721240533717995,0.7228915662650602,0.016228315612758813
499642,5344.0,2770,144,6,27,20,5022.0,36.0,153.0,133.0,0.05198555956678701,0.041666666666666664,0.0021660649819494585,0.7407407407407407,0.007168458781362007
5091223,5766.0,2769,311,59,422,344,4696.0,438.0,405.0,227.0,0.11231491513181655,0.18971061093247588,0.021307331166486095,0.8151658767772512,0.09327086882453152
5120683,7401.0,2766,378,68,328,244,6136.0,426.0,512.0,327.0,0.13665943600867678,0.17989417989417988,0.024584237165582067,0.7439024390243902,0.06942633637548892
140970,4505.0,2766,122,21,80,56,4138.0,83.0,176.0,108.0,0.044107013738250184,0.1721311475409836,0.007592190889370932,0.7,0.020057999033349445
950439,6648.0,2763,218,26,94,67,6186.0,106.0,218.0,138.0,0.07889974665218964,0.11926605504587157,0.009410061527325372,0.7127659574468085,0.01713546718396379
1672064,7545.0,2761,444,58,255,193,6381.0,280.0,578.0,306.0,0.16081130025353133,0.13063063063063063,0.021006881564650488,0.7568627450980392,0.04388026955022724
4223012,8675.0,2760,390,88,327,228,7345.0,521.0,609.0,200.0,0.14130434782608695,0.22564102564102564,0.03188405797101449,0.6972477064220184,0.07093260721579306
2200343,6433.0,2755,263,36,125,86,5831.0,141.0,335.0,126.0,0.0954627949183303,0.13688212927756654,0.013067150635208712,0.688,0.024181101011833305
475867,8063.0,2742,289,33,78,43,7322.0,89.0,319.0,333.0,0.10539752005835157,0.11418685121107267,0.012035010940919038,0.5512820512820513,0.012155148866429938
1807584,9529.0,2742,474,143,568,417,8048.0,623.0,622.0,236.0,0.17286652078774617,0.30168776371308015,0.05215171407731583,0.7341549295774648,0.07741053677932405
317647,8207.0,2741,273,42,216,170,7517.0,238.0,262.0,190.0,0.09959868661072602,0.15384615384615385,0.015322874863188618,0.7870370370370371,0.03166156711454037
3030023,8195.0,2739,342,45,100,49,7404.0,116.0,371.0,304.0,0.1248630887185104,0.13157894736842105,0.01642935377875137,0.49,0.015667206915180983
3590468,6321.0,2738,251,38,119,79,5645.0,127.0,376.0,173.0,0.091672753834916,0.15139442231075698,0.013878743608473338,0.6638655462184874,0.0224977856510186
1368970,11926.0,2736,492,153,808,636,9702.0,1218.0,720.0,286.0,0.17982456140350878,0.31097560975609756,0.05592105263157895,0.7871287128712872,0.12554112554112554
3777112,5395.0,2732,201,20,103,75,4879.0,109.0,241.0,166.0,0.07357247437774524,0.09950248756218906,0.007320644216691069,0.7281553398058253,0.022340643574502973
751105,8557.0,2725,384,34,111,74,7663.0,126.0,494.0,274.0,0.14091743119266056,0.08854166666666667,0.012477064220183486,0.6666666666666666,0.016442646483100613
1015419,5724.0,2723,268,58,200,134,4902.0,206.0,416.0,200.0,0.09842085934630922,0.21641791044776118,0.02130003672420125,0.67,0.04202366381068951
3825280,7484.0,2723,322,42,139,94,6693.0,159.0,416.0,216.0,0.11825192802056556,0.13043478260869565,0.015424164524421594,0.6762589928057554,0.023756163155535633
989763,11714.0,2716,535,89,200,110,10351.0,229.0,769.0,365.0,0.19698085419734904,0.16635514018691588,0.03276877761413844,0.55,0.022123466331755385
2023387,6058.0,2715,326,87,666,534,4468.0,719.0,708.0,163.0,0.12007366482504604,0.2668711656441718,0.032044198895027624,0.8018018018018018,0.1609221128021486
2493530,9775.0,2714,227,30,93,62,9260.0,97.0,259.0,159.0,0.08364038319823139,0.13215859030837004,0.01105379513633014,0.6666666666666666,0.010475161987041036
4515486,6323.0,2712,228,13,34,20,5852.0,42.0,302.0,127.0,0.084070796460177,0.05701754385964912,0.004793510324483776,0.5882352941176471,0.007177033492822967
3758226,7026.0,2709,447,103,472,355,5552.0,515.0,766.0,193.0,0.16500553709856036,0.23042505592841164,0.03802141011443337,0.7521186440677966,0.09275936599423631
3833912,8059.0,2707,351,41,97,55,7280.0,100.0,414.0,265.0,0.12966383450314,0.1168091168091168,0.015145917990395271,0.5670103092783505,0.013736263736263736
2422417,7848.0,2707,410,70,335,257,6744.0,341.0,529.0,234.0,0.15145917990395272,0.17073170731707318,0.025858884373845585,0.7671641791044777,0.050563463819691574
833866,6362.0,2707,271,27,102,74,5755.0,122.0,310.0,175.0,0.10011082379017362,0.0996309963099631,0.009974141115626155,0.7254901960784313,0.021198957428323197
2970453,7514.0,2704,278,56,209,151,6759.0,217.0,411.0,127.0,0.10281065088757396,0.2014388489208633,0.020710059171597635,0.722488038277512,0.03210534102677911
4220691,8043.0,2701,308,85,513,421,6887.0,597.0,442.0,117.0,0.11403184005923732,0.275974025974026,0.031469825990373936,0.8206627680311891,0.08668505880644693
212449,6092.0,2699,310,41,171,126,5304.0,200.0,411.0,177.0,0.1148573545757688,0.13225806451612904,0.015190811411633939,0.7368421052631579,0.03770739064856712
3843209,7547.0,2699,201,19,53,33,7081.0,59.0,227.0,180.0,0.07447202667654687,0.0945273631840796,0.007039644312708411,0.6226415094339622,0.008332156475074142
1798340,5971.0,2698,338,43,188,125,5003.0,217.0,547.0,204.0,0.12527798369162343,0.12721893491124261,0.015937731653076354,0.6648936170212766,0.04337397561463122
4827537,9966.0,2692,373,88,242,151,8974.0,269.0,476.0,247.0,0.1385586924219911,0.2359249329758713,0.03268945022288262,0.6239669421487604,0.029975484733675062
3045640,9391.0,2690,370,66,251,177,8420.0,289.0,488.0,194.0,0.137546468401487,0.1783783783783784,0.02453531598513011,0.7051792828685259,0.034323040380047506
2723483,10660.0,2688,465,73,242,166,9493.0,255.0,606.0,306.0,0.17299107142857142,0.15698924731182795,0.027157738095238096,0.6859504132231405,0.026861898240809017
5013760,11459.0,2687,477,107,286,178,10230.0,297.0,660.0,272.0,0.17752139933010794,0.22431865828092243,0.03982136211388165,0.6223776223776224,0.02903225806451613
2367907,6953.0,2685,216,30,133,99,6361.0,150.0,295.0,147.0,0.08044692737430167,0.1388888888888889,0.0111731843575419,0.7443609022556391,0.023581197924854583
2977465,9116.0,2679,479,136,489,338,7497.0,631.0,754.0,234.0,0.1787980589772303,0.2839248434237996,0.0507652108995894,0.6912065439672802,0.08416700013338668
244923,6933.0,2674,374,98,715,565,5289.0,759.0,767.0,118.0,0.13986537023186238,0.2620320855614973,0.03664921465968586,0.7902097902097902,0.14350538854225753
4563628,7376.0,2672,423,78,577,486,5882.0,619.0,660.0,215.0,0.15830838323353294,0.18439716312056736,0.029191616766467067,0.8422876949740035,0.10523631417885074
3455871,3342.0,2670,77,7,20,12,2943.0,21.0,186.0,192.0,0.02883895131086142,0.09090909090909091,0.0026217228464419477,0.6,0.007135575942915392
2457421,5501.0,2669,187,39,165,122,4968.0,186.0,239.0,108.0,0.07006369426751592,0.20855614973262032,0.014612214312476583,0.7393939393939394,0.03743961352657005
4164234,5958.0,2667,315,61,519,444,4616.0,540.0,557.0,245.0,0.11811023622047244,0.19365079365079366,0.022872140982377203,0.8554913294797688,0.1169844020797227
2992356,6146.0,2665,157,26,117,90,5709.0,129.0,168.0,140.0,0.05891181988742964,0.16560509554140126,0.00975609756097561,0.7692307692307693,0.02259590120861797
1414911,8229.0,2664,332,73,331,249,7200.0,364.0,458.0,207.0,0.12462462462462462,0.21987951807228914,0.027402402402402402,0.7522658610271903,0.050555555555555555
3680035,8061.0,2663,350,29,76,47,7245.0,82.0,387.0,347.0,0.13143071723619978,0.08285714285714285,0.010889973713856553,0.618421052631579,0.01131815044858523
1414043,6912.0,2661,349,53,179,122,6077.0,193.0,458.0,184.0,0.13115370161593387,0.1518624641833811,0.019917324314167605,0.6815642458100558,0.03175909165706763
3141832,8726.0,2657,363,79,436,349,7621.0,454.0,464.0,187.0,0.13662024840045164,0.21763085399449036,0.029732781332329695,0.8004587155963303,0.05957223461487994
3679920,11441.0,2655,432,75,272,187,10187.0,314.0,622.0,318.0,0.16271186440677965,0.1736111111111111,0.02824858757062147,0.6875,0.030823598704230883
1697889,5560.0,2655,213,22,106,80,4962.0,115.0,309.0,174.0,0.08022598870056497,0.10328638497652583,0.008286252354048965,0.7547169811320755,0.023176138653768642
378466,4925.0,2654,223,41,164,119,4336.0,172.0,242.0,175.0,0.0840241145440844,0.18385650224215247,0.01544837980406933,0.725609756097561,0.03966789667896679
4360192,5277.0,2651,273,47,318,264,4419.0,324.0,361.0,173.0,0.10298000754432289,0.17216117216117216,0.017729158807996984,0.8301886792452831,0.07331975560081466
4600060,6449.0,2645,187,15,52,36,6029.0,57.0,213.0,150.0,0.07069943289224953,0.08021390374331551,0.005671077504725898,0.6923076923076923,0.009454304196384144
669762,4345.0,2638,146,5,41,34,3979.0,45.0,192.0,129.0,0.05534495830174375,0.03424657534246575,0.0018953752843062926,0.8292682926829268,0.01130937421462679
4864926,11623.0,2629,453,77,167,85,10411.0,215.0,617.0,380.0,0.17230886268543172,0.16997792494481237,0.029288702928870293,0.5089820359281437,0.020651234271443664
1171434,10010.0,2626,477,112,492,370,8563.0,522.0,630.0,295.0,0.18164508758568165,0.2348008385744235,0.04265041888804265,0.7520325203252033,0.06095994394487913
3870839,5811.0,2619,283,56,313,249,4922.0,331.0,405.0,153.0,0.10805651011836578,0.1978798586572438,0.021382206949217258,0.7955271565495208,0.06724908573750508
4781613,4502.0,2618,88,2,7,5,4288.0,7.0,102.0,105.0,0.03361344537815126,0.022727272727272728,0.0007639419404125286,0.7142857142857143,0.0016324626865671641
2512193,5503.0,2616,305,57,425,349,4410.0,440.0,441.0,212.0,0.11659021406727829,0.18688524590163935,0.021788990825688075,0.8211764705882353,0.09977324263038549
4532706,5130.0,2615,202,19,82,61,4649.0,94.0,274.0,113.0,0.07724665391969407,0.09405940594059406,0.007265774378585086,0.7439024390243902,0.0202194020219402
318219,9058.0,2613,536,137,498,345,7355.0,536.0,884.0,283.0,0.20512820512820512,0.2555970149253731,0.052430156907768845,0.6927710843373494,0.07287559483344663
3372283,6227.0,2612,386,75,385,290,4860.0,414.0,610.0,343.0,0.14777947932618682,0.19430051813471502,0.02871362940275651,0.7532467532467533,0.08518518518518518
3298361,9884.0,2611,224,32,135,100,9336.0,146.0,289.0,113.0,0.08579088471849866,0.14285714285714285,0.012255840674071237,0.7407407407407407,0.015638389031705228
4239903,7282.0,2607,288,39,133,89,6576.0,141.0,354.0,211.0,0.11047180667433831,0.13541666666666666,0.014959723820483314,0.6691729323308271,0.02144160583941606
3461439,7386.0,2605,487,60,274,199,6035.0,334.0,683.0,334.0,0.18694817658349328,0.12320328542094455,0.023032629558541268,0.7262773722627737,0.055343827671913835
3885598,6993.0,2605,271,33,116,82,6311.0,138.0,372.0,172.0,0.10403071017274472,0.12177121771217712,0.012667946257197697,0.7068965517241379,0.021866582158136586
2611736,7521.0,2604,262,42,127,83,6904.0,131.0,311.0,175.0,0.10061443932411675,0.16030534351145037,0.016129032258064516,0.6535433070866141,0.018974507531865584
182615,6262.0,2600,331,35,113,72,5427.0,133.0,494.0,208.0,0.12730769230769232,0.10574018126888217,0.013461538461538462,0.6371681415929203,0.024507094158835452
2066454,6223.0,2600,189,11,19,8,5751.0,20.0,223.0,229.0,0.0726923076923077,0.0582010582010582,0.004230769230769231,0.42105263157894735,0.003477656059815684
3416804,7195.0,2596,242,52,182,129,6637.0,190.0,229.0,139.0,0.09322033898305085,0.21487603305785125,0.020030816640986132,0.7087912087912088,0.02862739189392798
4392650,11356.0,2592,639,234,1105,838,8911.0,1223.0,860.0,362.0,0.2465277777777778,0.36619718309859156,0.09027777777777778,0.7583710407239819,0.13724610032544046
1759909,5922.0,2592,281,52,233,177,5110.0,248.0,357.0,207.0,0.10841049382716049,0.18505338078291814,0.020061728395061727,0.759656652360515,0.04853228962818004
2834771,4604.0,2589,216,31,179,143,3893.0,190.0,341.0,180.0,0.08342989571263036,0.14351851851851852,0.01197373503283121,0.7988826815642458,0.04880554842024146
2998328,8183.0,2588,268,27,95,67,7618.0,107.0,285.0,173.0,0.1035548686244204,0.10074626865671642,0.010432766615146832,0.7052631578947368,0.014045681281176161
283109,6124.0,2586,309,40,130,86,5345.0,137.0,328.0,314.0,0.11948955916473318,0.12944983818770225,0.015467904098994586,0.6615384615384615,0.025631431244153416
4995985,8416.0,2581,435,158,678,505,6801.0,738.0,585.0,292.0,0.16853932584269662,0.3632183908045977,0.06121658271987602,0.7448377581120944,0.10851345390383767
4456596,5262.0,2578,205,31,165,131,4677.0,179.0,295.0,111.0,0.0795190069821567,0.15121951219512195,0.012024825446082235,0.793939393939394,0.038272396835578364
963661,5103.0,2576,177,11,35,22,4628.0,35.0,244.0,196.0,0.0687111801242236,0.062146892655367235,0.004270186335403727,0.6285714285714286,0.00756266205704408
412619,10768.0,2574,385,60,190,124,9833.0,218.0,459.0,258.0,0.14957264957264957,0.15584415584415584,0.023310023310023312,0.6526315789473685,0.02217024305908675
1151115,6567.0,2574,319,10,22,11,5812.0,22.0,360.0,373.0,0.12393162393162394,0.03134796238244514,0.003885003885003885,0.5,0.003785271851342051
4738961,7492.0,2571,281,47,144,92,6709.0,150.0,329.0,304.0,0.10929599377674057,0.16725978647686832,0.018280824581874758,0.6388888888888888,0.022358026531524817
269234,8889.0,2569,326,58,193,134,8029.0,200.0,453.0,207.0,0.1268976255352277,0.17791411042944785,0.022576878162709226,0.694300518134715,0.02490970232905717
376030,9831.0,2564,370,82,287,198,8801.0,304.0,472.0,254.0,0.14430577223088922,0.22162162162162163,0.031981279251170044,0.6898954703832753,0.03454152937166231
2673821,6047.0,2562,245,32,107,68,5422.0,119.0,345.0,161.0,0.09562841530054644,0.1306122448979592,0.01249024199843872,0.6355140186915887,0.021947620804131318
4419230,5265.0,2562,315,40,133,91,4534.0,135.0,406.0,190.0,0.12295081967213115,0.12698412698412698,0.0156128024980484,0.6842105263157895,0.02977503308337009
4170829,12172.0,2561,371,25,69,43,11461.0,78.0,406.0,227.0,0.1448652869972667,0.0673854447439353,0.009761811792268645,0.6231884057971014,0.006805688857865806
1691286,8502.0,2561,176,13,52,38,8085.0,57.0,185.0,175.0,0.06872315501757126,0.07386363636363637,0.005076142131979695,0.7307692307692307,0.007050092764378479
389704,8935.0,2557,564,126,419,283,7323.0,490.0,762.0,360.0,0.22057098161908487,0.22340425531914893,0.049276495893625344,0.6754176610978521,0.06691246756793663
4853595,9258.0,2554,494,71,186,113,8051.0,211.0,681.0,315.0,0.19342208300704777,0.1437246963562753,0.02779953014878622,0.6075268817204301,0.02620792448143088
2881542,9367.0,2553,464,91,493,391,7830.0,567.0,646.0,324.0,0.18174696435566,0.1961206896551724,0.03564433999216608,0.7931034482758621,0.07241379310344828
4241245,7688.0,2552,442,64,196,127,6412.0,239.0,659.0,378.0,0.1731974921630094,0.14479638009049775,0.025078369905956112,0.6479591836734694,0.03727386150966937
2862133,7124.0,2550,311,31,66,35,6451.0,69.0,422.0,182.0,0.12196078431372549,0.09967845659163987,0.01215686274509804,0.5303030303030303,0.010696016121531546
1920171,6665.0,2548,328,60,225,157,5850.0,245.0,386.0,184.0,0.12872841444270017,0.18292682926829268,0.023547880690737835,0.6977777777777778,0.04188034188034188
2617994,5330.0,2546,243,29,145,110,4575.0,155.0,396.0,204.0,0.09544383346425767,0.11934156378600823,0.011390416339355853,0.7586206896551724,0.033879781420765025
2145555,7464.0,2539,341,66,323,250,6469.0,340.0,438.0,217.0,0.13430484442693974,0.1935483870967742,0.02599448601811737,0.7739938080495357,0.05255835523264801
3566542,7262.0,2531,387,42,97,50,6336.0,108.0,443.0,375.0,0.152903990517582,0.10852713178294573,0.016594231529039907,0.5154639175257731,0.017045454545454544
1780495,9692.0,2528,605,183,601,407,7912.0,635.0,710.0,435.0,0.23931962025316456,0.30247933884297523,0.07238924050632911,0.6772046589018302,0.08025783619817999
1560806,2718.0,2528,12,0,1,1,2678.0,1.0,15.0,24.0,0.004746835443037975,0.0,0.0,1.0,0.0003734129947722181
2791234,8105.0,2527,372,107,448,332,6927.0,479.0,512.0,187.0,0.14721013058963198,0.28763440860215056,0.042342698852394146,0.7410714285714286,0.06914970405659016
337243,6377.0,2527,331,29,55,25,5711.0,64.0,372.0,230.0,0.13098535813217255,0.08761329305135952,0.01147605856747131,0.45454545454545453,0.01120644370513045
4042890,5394.0,2522,288,48,200,141,4594.0,214.0,394.0,192.0,0.11419508326724821,0.16666666666666666,0.0190325138778747,0.705,0.04658249891162386
2796506,7045.0,2519,391,52,155,101,6147.0,162.0,520.0,216.0,0.15522032552600237,0.1329923273657289,0.020643112346169116,0.6516129032258065,0.02635431918008785
4850194,5502.0,2519,196,18,63,44,5056.0,68.0,262.0,116.0,0.0778086542278682,0.09183673469387756,0.007145692735212386,0.6984126984126984,0.013449367088607595
2727862,5744.0,2518,186,19,60,40,5285.0,68.0,264.0,127.0,0.07386814932486101,0.10215053763440861,0.007545671167593328,0.6666666666666666,0.012866603595080416
4939021,3426.0,2514,116,6,20,14,2946.0,20.0,187.0,273.0,0.046141607000795545,0.05172413793103448,0.002386634844868735,0.7,0.006788866259334691
4039865,5228.0,2514,97,10,97,85,4933.0,117.0,129.0,49.0,0.038583929992044554,0.10309278350515463,0.003977724741447892,0.8762886597938144,0.023717818771538616
2148681,6588.0,2511,260,30,74,43,5957.0,83.0,346.0,202.0,0.10354440461967343,0.11538461538461539,0.011947431302270013,0.581081081081081,0.013933187846231324
2997109,6157.0,2508,262,36,136,99,5444.0,179.0,340.0,194.0,0.10446570972886762,0.13740458015267176,0.014354066985645933,0.7279411764705882,0.032880235121234384
2883724,7911.0,2505,428,112,676,547,6286.0,711.0,671.0,243.0,0.17085828343313372,0.2616822429906542,0.04471057884231537,0.8091715976331361,0.11310849506840598
5066426,7022.0,2505,337,20,68,45,6325.0,71.0,383.0,243.0,0.1345309381237525,0.05934718100890208,0.007984031936127744,0.6617647058823529,0.011225296442687747
2551049,6514.0,2504,190,32,206,170,5898.0,225.0,258.0,133.0,0.07587859424920128,0.16842105263157894,0.012779552715654952,0.8252427184466019,0.03814852492370295
3362038,6822.0,2502,335,54,120,63,6034.0,127.0,466.0,195.0,0.13389288569144683,0.16119402985074627,0.02158273381294964,0.525,0.02104739807756049
4443922,6833.0,2499,357,56,272,195,5781.0,301.0,495.0,256.0,0.14285714285714285,0.1568627450980392,0.022408963585434174,0.7169117647058824,0.05206711641584501
3033798,5788.0,2499,375,49,173,121,4858.0,188.0,565.0,177.0,0.15006002400960383,0.13066666666666665,0.0196078431372549,0.6994219653179191,0.03869905310827501
1873826,4262.0,2493,179,19,175,150,3639.0,193.0,318.0,112.0,0.0718010429201765,0.10614525139664804,0.00762133975130365,0.8571428571428571,0.05303654850233581
1561921,6765.0,2486,295,78,625,527,5509.0,657.0,402.0,197.0,0.11866452131938858,0.26440677966101694,0.031375703942075624,0.8432,0.1192593937193683
1980111,7619.0,2485,377,58,157,97,6704.0,184.0,535.0,196.0,0.1517102615694165,0.15384615384615385,0.023340040241448694,0.6178343949044586,0.027446300715990454
5028478,8250.0,2485,472,92,441,343,7016.0,459.0,552.0,223.0,0.18993963782696177,0.19491525423728814,0.03702213279678068,0.7777777777777778,0.06542189281641961
3797203,6803.0,2483,383,71,285,202,5710.0,293.0,537.0,263.0,0.15424889246878776,0.185378590078329,0.028594442207007652,0.7087719298245614,0.05131348511383538
972597,7339.0,2478,338,60,145,80,6490.0,179.0,428.0,242.0,0.13640032284100082,0.17751479289940827,0.024213075060532687,0.5517241379310345,0.0275808936825886
3443691,6922.0,2477,226,9,22,13,6464.0,23.0,247.0,188.0,0.09123940250302785,0.03982300884955752,0.0036334275333064193,0.5909090909090909,0.0035581683168316833
1305897,6542.0,2468,301,44,121,74,5892.0,137.0,340.0,173.0,0.1219611021069692,0.1461794019933555,0.017828200972447326,0.6115702479338843,0.023251866938221316
4734879,8962.0,2468,299,32,93,60,8314.0,101.0,364.0,183.0,0.12115072933549433,0.10702341137123746,0.012965964343598054,0.6451612903225806,0.012148183786384412
2214984,9367.0,2466,458,125,611,472,7868.0,640.0,677.0,182.0,0.18572587185725872,0.27292576419213976,0.05068937550689376,0.7725040916530278,0.0813421453990849
1136776,6113.0,2465,316,62,197,131,5300.0,207.0,411.0,195.0,0.1281947261663286,0.1962025316455696,0.02515212981744422,0.6649746192893401,0.03905660377358491
4754898,4324.0,2465,72,7,31,23,4153.0,35.0,73.0,63.0,0.02920892494929006,0.09722222222222222,0.002839756592292089,0.7419354838709677,0.00842764266795088
1755681,6141.0,2464,398,53,282,220,5035.0,295.0,575.0,236.0,0.16152597402597402,0.13316582914572864,0.02150974025974026,0.7801418439716312,0.05858987090367428
4525249,2906.0,2461,33,0,0,0,2823.0,0.0,44.0,39.0,0.013409183258837871,0.0,0.0,,0.0
5062853,5492.0,2460,301,55,279,220,4551.0,310.0,437.0,194.0,0.12235772357723577,0.18272425249169436,0.022357723577235773,0.7885304659498208,0.06811689738519007
1639158,6486.0,2459,282,39,249,199,5532.0,276.0,484.0,194.0,0.11468076453843025,0.13829787234042554,0.015860105734038225,0.7991967871485943,0.049891540130151846
3708707,5761.0,2457,226,40,100,60,5213.0,106.0,266.0,176.0,0.09198209198209198,0.17699115044247787,0.01628001628001628,0.6,0.020333780932284672
3652646,5212.0,2456,275,26,58,32,4546.0,69.0,368.0,229.0,0.11197068403908794,0.09454545454545454,0.010586319218241042,0.5517241379310345,0.015178178618565772
3874527,8547.0,2452,332,45,148,97,7753.0,158.0,411.0,225.0,0.13539967373572595,0.1355421686746988,0.01835236541598695,0.6554054054054054,0.020379208048497355
3834955,9248.0,2450,347,60,146,84,8323.0,159.0,494.0,272.0,0.1416326530612245,0.1729106628242075,0.024489795918367346,0.5753424657534246,0.019103688573831552
2078551,6823.0,2446,409,75,351,261,5656.0,373.0,573.0,221.0,0.16721177432542927,0.18337408312958436,0.030662305805396566,0.7435897435897436,0.06594766619519095
4336538,7425.0,2439,403,63,237,166,6325.0,257.0,607.0,236.0,0.16523165231652318,0.15632754342431762,0.025830258302583026,0.70042194092827,0.040632411067193674
2415168,8120.0,2438,498,90,319,224,6896.0,330.0,650.0,244.0,0.20426579163248565,0.18072289156626506,0.03691550451189499,0.7021943573667712,0.0478538283062645
1741711,5833.0,2430,180,15,34,19,5430.0,38.0,184.0,181.0,0.07407407407407407,0.08333333333333333,0.006172839506172839,0.5588235294117647,0.006998158379373849
3735942,4988.0,2428,284,64,338,259,4035.0,365.0,505.0,83.0,0.11696869851729819,0.22535211267605634,0.026359143327841845,0.7662721893491125,0.09045848822800495
1972894,4458.0,2428,222,45,262,211,3714.0,270.0,327.0,147.0,0.0914332784184514,0.20270270270270271,0.018533772652388796,0.8053435114503816,0.07269789983844911
2631608,6993.0,2428,442,81,293,200,5879.0,317.0,576.0,221.0,0.18204283360790774,0.1832579185520362,0.033360790774299834,0.6825938566552902,0.053920734818846745
409729,4085.0,2427,168,29,138,106,3506.0,153.0,267.0,159.0,0.069221260815822,0.17261904761904762,0.011948908117016894,0.7681159420289855,0.043639475185396466
1546352,9619.0,2426,374,53,142,85,8729.0,158.0,444.0,288.0,0.15416323165704865,0.14171122994652408,0.021846661170651278,0.5985915492957746,0.018100584259365334
393663,4946.0,2426,139,5,12,6,4663.0,12.0,144.0,127.0,0.0572959604286892,0.03597122302158273,0.002061005770816158,0.5,0.0025734505683036673
4251131,7039.0,2426,367,70,237,159,5987.0,258.0,500.0,294.0,0.151277823577906,0.1907356948228883,0.028854080791426217,0.6708860759493671,0.043093368966093205
1730376,6858.0,2425,379,65,334,253,5663.0,376.0,594.0,225.0,0.15628865979381443,0.17150395778364116,0.026804123711340205,0.7574850299401198,0.06639590323150274
222559,4019.0,2423,186,9,66,53,3364.0,70.0,353.0,232.0,0.07676434172513413,0.04838709677419355,0.003714403631861329,0.803030303030303,0.020808561236623068
466806,8360.0,2423,281,28,68,40,7768.0,70.0,335.0,187.0,0.11597193561700371,0.099644128113879,0.011555922410235245,0.5882352941176471,0.009011328527291453
79220,7615.0,2420,322,67,265,190,6724.0,275.0,397.0,219.0,0.13305785123966943,0.2080745341614907,0.02768595041322314,0.7169811320754716,0.0408982748364069
2705662,5311.0,2420,253,20,67,45,4698.0,71.0,298.0,244.0,0.10454545454545454,0.07905138339920949,0.008264462809917356,0.6716417910447762,0.015112813963388675
1483715,8753.0,2416,387,73,246,166,7748.0,270.0,492.0,243.0,0.160182119205298,0.18863049095607234,0.030215231788079472,0.6747967479674797,0.03484770263293753
1204223,4963.0,2414,239,12,66,53,4410.0,70.0,278.0,205.0,0.09900579950289976,0.0502092050209205,0.004971002485501243,0.803030303030303,0.015873015873015872
702060,6947.0,2413,280,32,100,65,6232.0,111.0,400.0,204.0,0.11603812681309573,0.11428571428571428,0.01326150020721094,0.65,0.017811296534017973
3610536,6451.0,2408,249,29,76,44,5903.0,85.0,294.0,169.0,0.10340531561461794,0.11646586345381527,0.012043189368770765,0.5789473684210527,0.014399457902761308
1443292,3291.0,2407,76,10,23,11,3083.0,29.0,104.0,75.0,0.03157457415870378,0.13157894736842105,0.004154549231408392,0.4782608695652174,0.009406422315926047
3742652,8231.0,2405,440,146,568,408,6704.0,616.0,718.0,193.0,0.18295218295218296,0.33181818181818185,0.06070686070686071,0.7183098591549296,0.09188544152744631
3950077,5695.0,2402,311,40,110,66,4993.0,123.0,402.0,177.0,0.12947543713572024,0.12861736334405144,0.01665278934221482,0.6,0.024634488283597034
3787157,7655.0,2402,463,95,282,181,6430.0,316.0,665.0,244.0,0.19275603663613655,0.20518358531317496,0.0395503746877602,0.6418439716312057,0.049144634525660966
4974254,8652.0,2397,477,71,306,224,7267.0,341.0,716.0,328.0,0.19899874843554444,0.1488469601677149,0.0296203587818106,0.7320261437908496,0.04692445300674281
831271,6375.0,2395,271,39,167,127,5666.0,186.0,364.0,159.0,0.11315240083507307,0.14391143911439114,0.0162839248434238,0.7604790419161677,0.032827391457818565
4320339,6417.0,2392,184,10,27,16,5961.0,35.0,183.0,238.0,0.07692307692307693,0.05434782608695652,0.004180602006688963,0.5925925925925926,0.005871498070793491
2798696,3591.0,2392,144,7,32,22,3215.0,32.0,185.0,159.0,0.06020066889632107,0.04861111111111111,0.002926421404682274,0.6875,0.009953343701399688
4134062,6300.0,2386,319,59,139,75,5537.0,145.0,446.0,172.0,0.13369656328583404,0.18495297805642633,0.024727577535624476,0.539568345323741,0.026187466136897236
2562909,7331.0,2379,286,65,310,234,6332.0,333.0,428.0,238.0,0.12021857923497267,0.22727272727272727,0.0273224043715847,0.7548387096774194,0.05259001895135818
2103768,6286.0,2377,342,75,467,373,5046.0,497.0,511.0,232.0,0.1438788388725284,0.21929824561403508,0.03155237694572991,0.7987152034261242,0.09849385652001585
2959407,5832.0,2370,332,71,577,458,4272.0,628.0,755.0,177.0,0.140084388185654,0.21385542168674698,0.029957805907172997,0.7937608318890814,0.14700374531835206
4632044,6545.0,2368,362,59,214,151,5617.0,230.0,501.0,197.0,0.15287162162162163,0.16298342541436464,0.02491554054054054,0.705607476635514,0.04094712479971515
350402,7246.0,2365,204,26,93,67,6799.0,102.0,224.0,121.0,0.08625792811839324,0.12745098039215685,0.010993657505285413,0.7204301075268817,0.015002206206795116
3747586,6792.0,2363,311,50,165,112,5980.0,173.0,418.0,221.0,0.13161235717308506,0.1607717041800643,0.021159542953872196,0.6787878787878788,0.028929765886287626
1952564,8434.0,2361,405,64,199,131,7524.0,212.0,455.0,243.0,0.17153748411689962,0.1580246913580247,0.027107157983905124,0.6582914572864321,0.028176501860712386
848854,6750.0,2361,248,59,221,154,5938.0,251.0,230.0,331.0,0.10504023718763236,0.23790322580645162,0.024989411266412537,0.6968325791855203,0.04227012462108454
3724091,6942.0,2358,446,138,793,627,5253.0,833.0,691.0,165.0,0.18914334181509754,0.3094170403587444,0.058524173027989825,0.7906683480453972,0.15857605177993528
376840,4610.0,2352,107,3,14,11,4406.0,19.0,119.0,66.0,0.04549319727891157,0.028037383177570093,0.0012755102040816326,0.7857142857142857,0.004312301407172038
922588,4270.0,2352,203,24,194,166,3615.0,224.0,320.0,111.0,0.08630952380952381,0.11822660098522167,0.01020408163265306,0.8556701030927835,0.06196403872752421
2846152,5564.0,2348,274,52,225,167,4745.0,235.0,385.0,199.0,0.11669505962521294,0.1897810218978102,0.022146507666098807,0.7422222222222222,0.04952581664910432
2319611,8442.0,2347,224,4,12,8,7996.0,14.0,260.0,172.0,0.09544098849595228,0.017857142857142856,0.0017043033659991478,0.6666666666666666,0.0017508754377188595
869764,6785.0,2345,406,53,158,102,5831.0,163.0,523.0,268.0,0.17313432835820897,0.13054187192118227,0.022601279317697228,0.6455696202531646,0.027954038758360486
3733874,7663.0,2339,192,12,52,40,7237.0,70.0,230.0,126.0,0.08208636169303121,0.0625,0.005130397605814451,0.7692307692307693,0.009672516236009397
3608477,7249.0,2337,395,92,540,429,5945.0,576.0,520.0,208.0,0.1690201112537441,0.23291139240506328,0.03936670945656825,0.7944444444444444,0.09688814129520605
67918,6684.0,2337,297,53,387,315,5675.0,415.0,418.0,176.0,0.12708600770218229,0.17845117845117844,0.02267864783910997,0.813953488372093,0.07312775330396476
728641,5914.0,2336,260,30,99,65,5289.0,102.0,376.0,147.0,0.1113013698630137,0.11538461538461539,0.012842465753424657,0.6565656565656566,0.019285309132161088
3953647,11011.0,2334,548,112,345,226,9531.0,408.0,829.0,243.0,0.23479005998286204,0.20437956204379562,0.04798628963153385,0.6550724637681159,0.04280768020144791
4513450,3481.0,2332,131,6,19,13,3144.0,21.0,177.0,139.0,0.056174957118353346,0.04580152671755725,0.002572898799313894,0.6842105263157895,0.006679389312977099
2650391,3929.0,2332,121,25,81,55,3602.0,94.0,151.0,82.0,0.05188679245283019,0.2066115702479339,0.01072041166380789,0.6790123456790124,0.02609661299278179
3233128,7348.0,2330,427,91,370,267,6109.0,407.0,638.0,194.0,0.1832618025751073,0.21311475409836064,0.03905579399141631,0.7216216216216216,0.06662301522344083
4183103,8968.0,2328,450,78,202,121,7822.0,213.0,554.0,379.0,0.19329896907216496,0.17333333333333334,0.03350515463917526,0.599009900990099,0.027230887241114804
2077723,5465.0,2328,226,49,165,114,4838.0,167.0,295.0,165.0,0.09707903780068729,0.2168141592920354,0.02104810996563574,0.6909090909090909,0.034518396031417944
2113224,4490.0,2324,205,33,272,229,3684.0,295.0,354.0,157.0,0.08820998278829605,0.16097560975609757,0.014199655765920827,0.8419117647058824,0.08007600434310531
3795340,5593.0,2321,268,41,180,136,4903.0,195.0,323.0,172.0,0.11546747091770788,0.15298507462686567,0.017664799655320983,0.7555555555555555,0.039771568427493374
661759,5684.0,2318,238,9,49,36,5203.0,49.0,239.0,193.0,0.10267471958584987,0.037815126050420166,0.003882657463330457,0.7346938775510204,0.009417643667115125
2981856,7604.0,2316,453,81,273,187,6498.0,291.0,553.0,262.0,0.1955958549222798,0.17880794701986755,0.034974093264248704,0.684981684981685,0.04478301015697138
1693998,6313.0,2312,191,29,80,48,5839.0,87.0,211.0,176.0,0.08261245674740485,0.1518324607329843,0.012543252595155709,0.6,0.014899811611577324
1665989,5778.0,2312,299,62,369,292,4726.0,385.0,517.0,150.0,0.12932525951557095,0.20735785953177258,0.026816608996539794,0.7913279132791328,0.08146424037240796
2429775,5057.0,2309,169,23,200,172,4523.0,210.0,251.0,73.0,0.07319185794716328,0.13609467455621302,0.00996102208748376,0.86,0.04642936104355516
1167492,4595.0,2303,151,2,16,12,4274.0,18.0,151.0,152.0,0.06556665219279201,0.013245033112582781,0.0008684324793747286,0.75,0.004211511464670099
3059103,6021.0,2301,405,76,337,245,4841.0,367.0,636.0,177.0,0.1760104302477184,0.18765432098765433,0.03302911777488049,0.7270029673590505,0.07581078289609584
24104,5170.0,2300,175,12,40,27,4784.0,41.0,190.0,155.0,0.07608695652173914,0.06857142857142857,0.0052173913043478265,0.675,0.008570234113712374
1421739,7679.0,2299,364,29,69,39,6854.0,76.0,406.0,343.0,0.15832970856894302,0.07967032967032966,0.012614180078294911,0.5652173913043478,0.011088415523781734
4830058,6714.0,2299,344,59,216,146,5817.0,238.0,474.0,185.0,0.1496302740321879,0.17151162790697674,0.02566333188342758,0.6759259259259259,0.04091456077015644
3099296,5265.0,2298,259,20,70,49,4734.0,73.0,319.0,139.0,0.11270670147954744,0.07722007722007722,0.008703220191470844,0.7,0.015420363329108577
2161099,3626.0,2294,168,20,103,74,3054.0,106.0,352.0,114.0,0.07323452484742807,0.11904761904761904,0.008718395815170008,0.7184466019417476,0.03470857891290111
3465932,5004.0,2285,213,29,95,62,4510.0,104.0,254.0,136.0,0.09321663019693655,0.13615023474178403,0.012691466083150985,0.6526315789473685,0.023059866962305987
1885829,5383.0,2285,141,24,70,44,5078.0,79.0,149.0,77.0,0.061706783369803064,0.1702127659574468,0.01050328227571116,0.6285714285714286,0.015557306025994486
3814016,5627.0,2284,228,46,253,199,4904.0,269.0,300.0,154.0,0.09982486865148861,0.20175438596491227,0.020140105078809107,0.7865612648221344,0.05485318107667211
1250975,7102.0,2280,380,60,174,111,6103.0,187.0,471.0,341.0,0.16666666666666666,0.15789473684210525,0.02631578947368421,0.6379310344827587,0.03064066852367688
2259994,7751.0,2280,410,95,314,209,6602.0,336.0,583.0,230.0,0.17982456140350878,0.23170731707317074,0.041666666666666664,0.6656050955414012,0.05089366858527719
3692903,5235.0,2277,219,18,79,57,4759.0,89.0,265.0,122.0,0.09617918313570488,0.0821917808219178,0.007905138339920948,0.7215189873417721,0.018701407858793866
2865017,6523.0,2276,327,80,368,273,5474.0,411.0,459.0,179.0,0.14367311072056238,0.24464831804281345,0.0351493848857645,0.7418478260869565,0.07508220679576179
2738312,7759.0,2273,383,79,242,157,6717.0,256.0,553.0,233.0,0.16849978002639684,0.206266318537859,0.034755829300483945,0.6487603305785123,0.03811225249367277
180183,6689.0,2269,242,23,47,23,6112.0,66.0,283.0,228.0,0.10665491405905686,0.09504132231404959,0.010136624063464082,0.48936170212765956,0.010798429319371727
1415279,6679.0,2268,330,81,325,234,5705.0,342.0,465.0,167.0,0.1455026455026455,0.24545454545454545,0.03571428571428571,0.72,0.05994741454864154
2210612,8397.0,2266,389,60,160,96,7493.0,175.0,566.0,163.0,0.17166813768755515,0.15424164524421594,0.0264783759929391,0.6,0.023355131456025625
99507,4674.0,2264,251,27,109,80,4100.0,116.0,306.0,152.0,0.11086572438162544,0.10756972111553785,0.011925795053003533,0.7339449541284404,0.02829268292682927
5127795,5157.0,2260,202,17,90,69,4552.0,95.0,304.0,206.0,0.08938053097345133,0.08415841584158416,0.00752212389380531,0.7666666666666667,0.02086994727592267
3410573,7110.0,2256,280,55,231,169,6236.0,283.0,449.0,142.0,0.12411347517730496,0.19642857142857142,0.024379432624113476,0.7316017316017316,0.04538165490699166
4703483,6181.0,2247,362,50,264,202,5180.0,274.0,546.0,181.0,0.16110369381397419,0.13812154696132597,0.022251891410769914,0.7651515151515151,0.05289575289575289
3879225,5953.0,2247,291,55,317,253,4921.0,397.0,490.0,145.0,0.1295060080106809,0.18900343642611683,0.024477080551846907,0.7981072555205048,0.08067465962202805
1916025,5288.0,2244,311,36,220,171,4434.0,230.0,470.0,154.0,0.13859180035650623,0.1157556270096463,0.016042780748663103,0.7772727272727272,0.05187189896256202
1368409,4586.0,2240,233,13,38,23,4117.0,39.0,245.0,185.0,0.10401785714285715,0.055793991416309016,0.005803571428571429,0.6052631578947368,0.009472917172698566
4813803,8214.0,2236,443,70,201,126,7045.0,229.0,610.0,330.0,0.1981216457960644,0.1580135440180587,0.03130590339892665,0.6268656716417911,0.03250532292405962
1944905,5429.0,2235,341,55,239,168,4406.0,252.0,578.0,193.0,0.15257270693512304,0.16129032258064516,0.024608501118568233,0.702928870292887,0.05719473445301861
2860496,5251.0,2235,225,11,16,5,4743.0,16.0,256.0,236.0,0.10067114093959731,0.04888888888888889,0.004921700223713647,0.3125,0.003373392367699768
890050,8048.0,2224,424,98,321,218,6772.0,371.0,633.0,272.0,0.1906474820143885,0.23113207547169812,0.044064748201438846,0.6791277258566978,0.054784406379208506
4235673,6987.0,2224,329,77,279,198,5984.0,314.0,519.0,170.0,0.147931654676259,0.23404255319148937,0.03462230215827338,0.7096774193548387,0.05247326203208556
4334671,5586.0,2216,288,53,213,156,4753.0,237.0,395.0,201.0,0.1299638989169675,0.1840277777777778,0.02391696750902527,0.7323943661971831,0.04986324426677888
69607,7780.0,2215,228,38,124,85,7204.0,160.0,280.0,136.0,0.10293453724604966,0.16666666666666666,0.017155756207674944,0.6854838709677419,0.02220988339811216
167871,6572.0,2213,150,3,5,2,6269.0,5.0,142.0,156.0,0.06778129236330772,0.02,0.0013556258472661546,0.4,0.0007975753708725474
1198404,6561.0,2213,379,110,716,575,5022.0,749.0,589.0,201.0,0.17126073203795752,0.29023746701846964,0.04970628106642567,0.803072625698324,0.14914376742333732
2429142,5546.0,2212,300,75,392,309,4515.0,420.0,449.0,162.0,0.13562386980108498,0.25,0.033905967450271246,0.7882653061224489,0.09302325581395349
108793,7710.0,2210,266,49,137,87,7075.0,152.0,353.0,130.0,0.12036199095022625,0.18421052631578946,0.022171945701357467,0.635036496350365,0.02148409893992933
277383,4952.0,2208,255,69,335,250,3968.0,361.0,513.0,110.0,0.11548913043478261,0.27058823529411763,0.03125,0.746268656716418,0.09097782258064516
2615163,9044.0,2208,428,76,290,207,7773.0,347.0,625.0,299.0,0.19384057971014493,0.17757009345794392,0.034420289855072464,0.7137931034482758,0.0446417084780651
2609569,6250.0,2206,270,53,184,129,5512.0,199.0,407.0,132.0,0.12239347234814144,0.1962962962962963,0.02402538531278332,0.7010869565217391,0.03610304789550073
4979740,5980.0,2204,314,61,264,197,5088.0,277.0,377.0,238.0,0.1424682395644283,0.1942675159235669,0.027676950998185117,0.7462121212121212,0.05444182389937107
1519819,6716.0,2202,288,50,289,232,5840.0,344.0,385.0,147.0,0.1307901907356948,0.1736111111111111,0.022706630336058128,0.8027681660899654,0.0589041095890411
4387956,7697.0,2200,388,98,570,460,6316.0,619.0,598.0,164.0,0.17636363636363636,0.25257731958762886,0.04454545454545455,0.8070175438596491,0.09800506649778341
3461734,6057.0,2200,306,46,395,345,4988.0,423.0,418.0,228.0,0.1390909090909091,0.1503267973856209,0.02090909090909091,0.8734177215189873,0.08480352846832398
804084,6865.0,2195,109,48,1552,1495,4889.0,1787.0,0.0,189.0,0.04965831435079727,0.44036697247706424,0.021867881548974944,0.9632731958762887,0.3655144201268153
928449,6964.0,2194,388,61,194,125,5985.0,215.0,513.0,251.0,0.17684594348222424,0.15721649484536082,0.02780309936189608,0.6443298969072165,0.03592314118629908
165035,7973.0,2191,399,88,468,371,6770.0,493.0,530.0,180.0,0.18210862619808307,0.22055137844611528,0.040164308534915566,0.7927350427350427,0.07282127031019202
4550135,7793.0,2190,359,77,349,261,6720.0,376.0,491.0,206.0,0.1639269406392694,0.21448467966573817,0.03515981735159817,0.7478510028653295,0.055952380952380955
739663,4470.0,2189,184,26,119,87,3938.0,147.0,272.0,113.0,0.08405664687071722,0.14130434782608695,0.01187756966651439,0.7310924369747899,0.03732859319451498
3360956,6135.0,2185,119,7,42,35,5904.0,49.0,108.0,74.0,0.05446224256292906,0.058823529411764705,0.003203661327231121,0.8333333333333334,0.008299457994579946
2164274,6410.0,2184,257,41,239,192,5667.0,258.0,348.0,137.0,0.11767399267399267,0.15953307392996108,0.018772893772893772,0.803347280334728,0.04552673372154579
898578,6740.0,2184,341,56,157,94,5863.0,164.0,476.0,237.0,0.15613553113553114,0.16422287390029325,0.02564102564102564,0.5987261146496815,0.027972027972027972
4027003,9338.0,2182,330,62,143,76,8501.0,160.0,463.0,214.0,0.15123739688359303,0.18787878787878787,0.02841429880843263,0.5314685314685315,0.018821315139395365
1292812,6112.0,2181,242,30,73,42,5471.0,86.0,332.0,223.0,0.11095827602017423,0.12396694214876033,0.013755158184319119,0.5753424657534246,0.015719246938402487
3729292,7766.0,2180,347,57,265,204,6770.0,303.0,451.0,242.0,0.1591743119266055,0.1642651296829971,0.02614678899082569,0.769811320754717,0.0447562776957164
3913141,13156.0,2180,507,122,373,243,11514.0,483.0,825.0,334.0,0.23256880733944954,0.2406311637080868,0.05596330275229358,0.6514745308310992,0.04194893173527879
174490,4643.0,2179,167,21,65,43,4279.0,68.0,217.0,79.0,0.07664066085360258,0.12574850299401197,0.009637448370812299,0.6615384615384615,0.015891563449404067
920038,6286.0,2179,367,52,168,113,5388.0,182.0,470.0,246.0,0.16842588343276732,0.14168937329700274,0.023864157870582835,0.6726190476190477,0.033778767631774315
3057225,5053.0,2178,223,30,157,122,4423.0,174.0,310.0,146.0,0.10238751147842057,0.13452914798206278,0.013774104683195593,0.7770700636942676,0.0393398146054714
2455825,5392.0,2174,311,55,256,187,4509.0,288.0,493.0,102.0,0.14305427782888686,0.17684887459807075,0.025298988040478382,0.73046875,0.06387225548902195
4722263,5615.0,2172,357,52,233,175,4475.0,276.0,583.0,281.0,0.1643646408839779,0.14565826330532214,0.02394106813996317,0.7510729613733905,0.06167597765363129
5024228,6429.0,2170,311,84,461,364,5317.0,505.0,427.0,180.0,0.14331797235023042,0.27009646302250806,0.03870967741935484,0.789587852494577,0.09497837126198984
1793060,7019.0,2169,130,4,26,21,6766.0,27.0,113.0,113.0,0.0599354541263255,0.03076923076923077,0.0018441678192715537,0.8076923076923077,0.003990540939994088
1440390,6076.0,2169,301,55,263,199,5156.0,268.0,414.0,238.0,0.13877362840018442,0.18272425249169436,0.025357307514983864,0.7566539923954373,0.051978277734678044
5068419,6947.0,2167,266,26,56,30,6333.0,58.0,367.0,189.0,0.12275034610059991,0.09774436090225563,0.011998154130133826,0.5357142857142857,0.009158376756671404
3834430,5677.0,2166,141,7,14,7,5383.0,14.0,110.0,170.0,0.06509695290858726,0.04964539007092199,0.003231763619575254,0.5,0.002600780234070221
4191275,8875.0,2165,407,76,227,142,7862.0,238.0,556.0,219.0,0.1879907621247113,0.18673218673218672,0.03510392609699769,0.6255506607929515,0.030272195370134827
1521068,4659.0,2164,201,41,143,96,4060.0,152.0,327.0,120.0,0.09288354898336414,0.20398009950248755,0.018946395563770795,0.6713286713286714,0.0374384236453202
5095125,6367.0,2164,282,68,240,168,5613.0,268.0,333.0,153.0,0.13031423290203328,0.24113475177304963,0.031423290203327174,0.7,0.04774630322465705
4389342,4751.0,2160,214,34,150,112,4147.0,166.0,275.0,163.0,0.09907407407407408,0.1588785046728972,0.01574074074074074,0.7466666666666667,0.04002893658066072
4263418,9008.0,2160,315,40,119,77,8247.0,124.0,407.0,230.0,0.14583333333333334,0.12698412698412698,0.018518518518518517,0.6470588235294118,0.01503577058324239
600175,8074.0,2157,250,26,90,62,7476.0,102.0,340.0,156.0,0.11590171534538711,0.104,0.01205377839592026,0.6888888888888889,0.013643659711075442
996587,6088.0,2155,307,60,182,117,5296.0,192.0,360.0,240.0,0.14245939675174013,0.19543973941368079,0.027842227378190254,0.6428571428571429,0.03625377643504532
4185300,5065.0,2154,253,17,44,22,4531.0,47.0,318.0,169.0,0.11745589600742803,0.06719367588932806,0.007892293407613741,0.5,0.010372986095784595
1451041,10097.0,2152,498,53,162,107,8945.0,175.0,695.0,282.0,0.23141263940520446,0.10642570281124498,0.02462825278810409,0.6604938271604939,0.01956400223588597
3983988,3930.0,2151,103,3,15,10,3705.0,17.0,133.0,75.0,0.04788470478847048,0.02912621359223301,0.001394700139470014,0.6666666666666666,0.004588394062078272
3789342,5112.0,2150,258,55,271,207,4258.0,290.0,423.0,141.0,0.12,0.2131782945736434,0.02558139534883721,0.7638376383763837,0.06810709253170502
4663501,4902.0,2139,126,14,50,34,4629.0,55.0,163.0,55.0,0.05890603085553997,0.1111111111111111,0.0065451145395044414,0.68,0.011881615899762367
201867,6584.0,2136,330,67,178,105,5795.0,210.0,384.0,195.0,0.1544943820224719,0.20303030303030303,0.03136704119850187,0.5898876404494382,0.0362381363244176
970338,7439.0,2134,341,89,338,238,6395.0,365.0,498.0,181.0,0.15979381443298968,0.26099706744868034,0.04170571696344892,0.7041420118343196,0.05707584050039093
3264833,6747.0,2132,422,127,492,352,5369.0,529.0,599.0,250.0,0.19793621013133209,0.3009478672985782,0.05956848030018762,0.7154471544715447,0.09852859005401378
5134623,8247.0,2130,354,58,197,134,7293.0,217.0,531.0,206.0,0.16619718309859155,0.1638418079096045,0.027230046948356807,0.6802030456852792,0.02975455916632387
2555621,4238.0,2125,232,41,175,119,3583.0,196.0,344.0,115.0,0.10917647058823529,0.17672413793103448,0.019294117647058823,0.68,0.05470276304772537
4239038,4002.0,2123,179,37,180,138,3477.0,194.0,239.0,92.0,0.08431464908148846,0.20670391061452514,0.017428167687235045,0.7666666666666667,0.055795225769341386
4736474,4985.0,2116,282,40,166,122,4258.0,176.0,409.0,142.0,0.1332703213610586,0.14184397163120568,0.01890359168241966,0.7349397590361446,0.04133395960544857
450756,4971.0,2116,180,32,100,64,4470.0,108.0,229.0,164.0,0.08506616257088846,0.17777777777777778,0.015122873345935728,0.64,0.024161073825503355
2066743,8624.0,2115,543,103,308,197,7240.0,323.0,764.0,297.0,0.25673758865248225,0.18968692449355432,0.048699763593380616,0.6396103896103896,0.044613259668508286
937781,4418.0,2115,203,47,352,292,3639.0,365.0,312.0,102.0,0.09598108747044917,0.2315270935960591,0.022222222222222223,0.8295454545454546,0.10030228084638637
1373144,6864.0,2115,266,38,139,98,6264.0,143.0,325.0,132.0,0.12576832151300235,0.14285714285714285,0.017966903073286054,0.7050359712230215,0.022828863346104726
2733586,5708.0,2113,351,94,512,406,4511.0,536.0,482.0,179.0,0.16611452910553715,0.2678062678062678,0.04448651206814955,0.79296875,0.11882066060740412
858756,5756.0,2112,286,72,368,289,4786.0,395.0,430.0,145.0,0.13541666666666666,0.2517482517482518,0.03409090909090909,0.7853260869565217,0.08253238612620142
1622413,5689.0,2110,196,24,59,34,5266.0,64.0,247.0,112.0,0.09289099526066351,0.12244897959183673,0.011374407582938388,0.576271186440678,0.012153437143942271
2212343,6166.0,2108,172,24,64,40,5812.0,73.0,168.0,113.0,0.08159392789373814,0.13953488372093023,0.011385199240986717,0.625,0.012560220233998623
3749412,4644.0,2108,283,58,244,179,3839.0,253.0,370.0,182.0,0.1342504743833017,0.2049469964664311,0.027514231499051234,0.7336065573770492,0.0659025787965616
2208169,7121.0,2105,241,39,257,212,6421.0,291.0,304.0,105.0,0.11448931116389549,0.16182572614107885,0.01852731591448931,0.8249027237354085,0.04532004360691481
246844,4269.0,2105,184,30,123,93,3783.0,131.0,249.0,106.0,0.08741092636579573,0.16304347826086957,0.014251781472684086,0.7560975609756098,0.03462860163891092
1812396,4244.0,2099,183,40,128,85,3798.0,134.0,246.0,66.0,0.0871843735111958,0.2185792349726776,0.019056693663649357,0.6640625,0.03528172722485519
3653910,5520.0,2098,244,64,321,247,4661.0,380.0,356.0,123.0,0.11630123927550047,0.26229508196721313,0.030505243088655862,0.7694704049844237,0.08152756919116069
4036269,6046.0,2096,263,15,30,14,5487.0,35.0,263.0,261.0,0.12547709923664122,0.057034220532319393,0.00715648854961832,0.4666666666666667,0.0063787133223983964
959452,4696.0,2094,253,50,249,186,3915.0,262.0,390.0,129.0,0.12082139446036294,0.1976284584980237,0.02387774594078319,0.7469879518072289,0.0669220945083014
807138,4568.0,2092,202,24,115,86,4072.0,122.0,257.0,117.0,0.0965583173996176,0.1188118811881188,0.011472275334608031,0.7478260869565218,0.029960707269155205
3066289,3548.0,2086,75,5,21,16,3370.0,21.0,104.0,53.0,0.03595397890699904,0.06666666666666667,0.0023969319271332696,0.7619047619047619,0.006231454005934718
3230200,5116.0,2083,257,45,266,212,4287.0,280.0,440.0,109.0,0.12337974075852136,0.17509727626459143,0.02160345655304849,0.7969924812030075,0.06531373921156987
4261392,5080.0,2080,218,49,213,158,4424.0,228.0,268.0,160.0,0.10480769230769231,0.22477064220183487,0.023557692307692307,0.7417840375586855,0.051537070524412296
4970201,4329.0,2079,164,6,36,29,3945.0,39.0,204.0,141.0,0.07888407888407889,0.036585365853658534,0.002886002886002886,0.8055555555555556,0.00988593155893536
1107469,6201.0,2075,360,65,290,206,5092.0,338.0,568.0,203.0,0.17349397590361446,0.18055555555555555,0.03132530120481928,0.7103448275862069,0.06637863315003928
515200,3433.0,2073,131,10,51,41,3077.0,54.0,184.0,118.0,0.06319343945972021,0.07633587786259542,0.00482392667631452,0.803921568627451,0.017549561260968474
4889820,6164.0,2072,283,53,148,92,5407.0,167.0,410.0,180.0,0.1365830115830116,0.1872791519434629,0.02557915057915058,0.6216216216216216,0.03088588866284446
61626,3980.0,2070,190,15,175,156,3389.0,188.0,268.0,135.0,0.09178743961352658,0.07894736842105263,0.007246376811594203,0.8914285714285715,0.0554735910298023
643752,5361.0,2060,310,63,278,209,4464.0,296.0,451.0,150.0,0.15048543689320387,0.2032258064516129,0.03058252427184466,0.7517985611510791,0.06630824372759857
491223,6199.0,2057,292,27,96,68,5498.0,102.0,383.0,216.0,0.14195430238210988,0.09246575342465753,0.013125911521633447,0.7083333333333334,0.018552200800291015
1910923,12790.0,2056,462,75,200,125,11497.0,288.0,536.0,469.0,0.2247081712062257,0.16233766233766234,0.036478599221789886,0.625,0.025050013046881797
4974494,4863.0,2053,149,14,47,32,4515.0,51.0,141.0,156.0,0.0725767169995129,0.09395973154362416,0.006819288845591817,0.6808510638297872,0.011295681063122924
2740569,4857.0,2052,262,48,312,250,4043.0,321.0,362.0,131.0,0.1276803118908382,0.183206106870229,0.023391812865497075,0.8012820512820513,0.07939648775661637
4976066,5946.0,2051,336,61,254,185,5060.0,265.0,422.0,199.0,0.16382252559726962,0.18154761904761904,0.029741589468551925,0.7283464566929134,0.05237154150197629
4089476,3704.0,2045,168,26,121,90,3126.0,137.0,293.0,148.0,0.08215158924205379,0.15476190476190477,0.012713936430317848,0.743801652892562,0.04382597568777991
4006644,7210.0,2045,411,89,271,174,6108.0,337.0,547.0,218.0,0.20097799511002445,0.21654501216545013,0.04352078239608802,0.6420664206642066,0.055173542894564505
1462051,5911.0,2044,291,54,246,188,5130.0,258.0,384.0,139.0,0.1423679060665362,0.18556701030927836,0.026418786692759294,0.7642276422764228,0.050292397660818715
1446405,6037.0,2032,313,80,422,331,4998.0,450.0,449.0,140.0,0.15403543307086615,0.25559105431309903,0.03937007874015748,0.7843601895734598,0.09003601440576231
1643094,6477.0,2032,242,12,27,14,6001.0,28.0,234.0,214.0,0.11909448818897637,0.049586776859504134,0.005905511811023622,0.5185185185185185,0.004665889018496917
3549297,6347.0,2030,263,29,92,62,5790.0,100.0,297.0,160.0,0.12955665024630542,0.11026615969581749,0.014285714285714285,0.6739130434782609,0.017271157167530225
2169876,6950.0,2030,329,88,400,300,5850.0,437.0,465.0,198.0,0.16206896551724137,0.2674772036474164,0.04334975369458128,0.75,0.0747008547008547
3967525,5258.0,2021,168,15,49,34,4809.0,52.0,230.0,167.0,0.08312716476991588,0.08928571428571429,0.007422068283028204,0.6938775510204082,0.010813058847993346
1252230,9590.0,2021,383,90,315,218,8487.0,322.0,575.0,206.0,0.18951014349332013,0.2349869451697128,0.044532409698169226,0.692063492063492,0.037940379403794036
1756314,4902.0,2018,273,42,277,228,4072.0,295.0,411.0,124.0,0.1352824578790882,0.15384615384615385,0.02081268582755203,0.8231046931407943,0.07244597249508841
2828436,5501.0,2017,265,54,203,143,4789.0,218.0,380.0,114.0,0.13138324243926625,0.2037735849056604,0.026772434308378782,0.7044334975369458,0.04552098559198162
425574,4400.0,2014,155,13,27,13,4035.0,28.0,203.0,134.0,0.07696127110228401,0.08387096774193549,0.006454816285998014,0.48148148148148145,0.006939281288723668
2429887,6702.0,2002,362,68,240,169,5672.0,261.0,572.0,197.0,0.18081918081918083,0.1878453038674033,0.03396603396603397,0.7041666666666667,0.04601551480959097
2233438,3643.0,2000,165,23,65,41,3251.0,74.0,218.0,100.0,0.0825,0.1393939393939394,0.0115,0.6307692307692307,0.022762227007074746
307943,5779.0,1999,316,69,463,382,4600.0,485.0,514.0,180.0,0.15807903951975988,0.21835443037974683,0.03451725862931466,0.8250539956803455,0.10543478260869565
4292858,4211.0,1999,221,24,269,230,3398.0,285.0,428.0,100.0,0.11055527763881941,0.1085972850678733,0.01200600300150075,0.8550185873605948,0.08387286639199529
2532699,6513.0,1999,261,25,47,22,5902.0,49.0,345.0,217.0,0.13056528264132067,0.09578544061302682,0.01250625312656328,0.46808510638297873,0.008302270416807861
4503832,7013.0,1995,288,56,195,137,6128.0,235.0,421.0,229.0,0.1443609022556391,0.19444444444444445,0.028070175438596492,0.7025641025641025,0.038348563968668405
2496932,5529.0,1993,317,72,276,197,4574.0,290.0,459.0,206.0,0.15905669844455594,0.22712933753943218,0.03612644254892122,0.7137681159420289,0.06340183646698731
4994388,4821.0,1993,183,14,47,32,4411.0,54.0,213.0,143.0,0.09182137481184144,0.07650273224043716,0.007024586051179127,0.6808510638297872,0.012242121967807754
2268637,4500.0,1991,173,17,69,49,4080.0,75.0,204.0,141.0,0.08689100954294325,0.09826589595375723,0.008538422903063787,0.7101449275362319,0.01838235294117647
2852310,5403.0,1986,287,55,219,158,4640.0,244.0,356.0,163.0,0.1445115810674723,0.1916376306620209,0.02769385699899295,0.7214611872146118,0.052586206896551725
4424369,5666.0,1984,316,38,86,46,4979.0,92.0,389.0,206.0,0.1592741935483871,0.12025316455696203,0.019153225806451613,0.5348837209302325,0.018477605944968868
1708445,6440.0,1983,265,38,232,185,5654.0,244.0,320.0,222.0,0.13363590519415028,0.14339622641509434,0.019162884518406455,0.7974137931034483,0.04315528829147506
3436852,6248.0,1983,226,15,33,18,5708.0,39.0,224.0,277.0,0.11396873424104892,0.06637168141592921,0.007564296520423601,0.5454545454545454,0.006832515767344079
2794490,4294.0,1981,127,9,18,9,4005.0,21.0,155.0,113.0,0.06410903584048461,0.07086614173228346,0.004543160020191822,0.5,0.0052434456928838954
101859,5048.0,1978,223,38,187,146,4473.0,198.0,288.0,89.0,0.11274014155712841,0.17040358744394618,0.019211324570273004,0.7807486631016043,0.04426559356136821
3135863,5218.0,1975,263,25,74,49,4616.0,75.0,332.0,195.0,0.1331645569620253,0.09505703422053231,0.012658227848101266,0.6621621621621622,0.01624783362218371
3779986,7217.0,1974,285,56,169,110,6444.0,203.0,368.0,202.0,0.14437689969604864,0.19649122807017544,0.028368794326241134,0.650887573964497,0.03150217256362508
5101577,8324.0,1974,300,65,170,100,7562.0,226.0,397.0,139.0,0.1519756838905775,0.21666666666666667,0.03292806484295846,0.5882352941176471,0.02988627347262629
3982336,8503.0,1973,198,19,67,46,8076.0,71.0,240.0,116.0,0.10035478966041561,0.09595959595959595,0.00963000506842372,0.6865671641791045,0.008791480931154037
205968,3144.0,1973,102,14,57,40,2855.0,60.0,142.0,87.0,0.051697921946274705,0.13725490196078433,0.007095793208312215,0.7017543859649122,0.021015761821366025
1592513,4217.0,1971,214,20,78,51,3588.0,90.0,336.0,203.0,0.10857432775240994,0.09345794392523364,0.010147133434804667,0.6538461538461539,0.02508361204013378
2575132,5195.0,1965,96,3,12,9,5006.0,12.0,94.0,83.0,0.04885496183206107,0.03125,0.0015267175572519084,0.75,0.0023971234518577705
1126526,8378.0,1963,274,42,134,92,7728.0,141.0,393.0,116.0,0.13958227203260315,0.15328467153284672,0.021395822720326033,0.6865671641791045,0.018245341614906832
2550060,4882.0,1962,279,73,494,397,3853.0,512.0,381.0,136.0,0.14220183486238533,0.2616487455197133,0.03720693170234455,0.8036437246963563,0.13288346742797819
3817036,4921.0,1959,269,43,169,123,4223.0,186.0,339.0,173.0,0.13731495661051557,0.15985130111524162,0.021949974476773864,0.727810650887574,0.044044518115084065
3169295,5338.0,1959,192,21,60,39,4857.0,66.0,241.0,174.0,0.09800918836140889,0.109375,0.010719754977029096,0.65,0.013588634959851761
1477455,4620.0,1958,144,12,26,14,4310.0,30.0,173.0,107.0,0.0735444330949949,0.08333333333333333,0.006128702757916241,0.5384615384615384,0.0069605568445475635
3366905,3066.0,1952,50,0,0,0,2954.0,0.0,49.0,63.0,0.025614754098360656,0.0,0.0,,0.0
1343413,4090.0,1948,197,34,213,172,3478.0,225.0,277.0,110.0,0.10112936344969199,0.17258883248730963,0.017453798767967144,0.8075117370892019,0.06469235192639448
1161981,5707.0,1944,116,3,16,13,5484.0,20.0,116.0,87.0,0.059670781893004114,0.02586206896551724,0.0015432098765432098,0.8125,0.0036469730123997084
4613485,4625.0,1943,227,28,88,58,4096.0,94.0,260.0,175.0,0.11682964487905301,0.12334801762114538,0.014410705095213588,0.6590909090909091,0.02294921875
916973,5947.0,1943,338,58,242,181,5063.0,263.0,453.0,168.0,0.17395779722079258,0.17159763313609466,0.029850746268656716,0.7479338842975206,0.051945486865494765
62469,5497.0,1941,258,48,213,155,4715.0,233.0,386.0,163.0,0.13292117465224113,0.18604651162790697,0.02472952086553323,0.7276995305164319,0.04941675503711559
4683311,3824.0,1939,62,4,11,7,3656.0,11.0,89.0,68.0,0.03197524497163486,0.06451612903225806,0.0020629190304280558,0.6363636363636364,0.0030087527352297594
1977169,5138.0,1937,215,30,124,91,4528.0,128.0,242.0,240.0,0.1109963861641714,0.13953488372093023,0.015487867836861126,0.7338709677419355,0.028268551236749116
2371594,4822.0,1937,319,72,340,245,3699.0,367.0,575.0,181.0,0.16468766133195664,0.22570532915360503,0.0371708828084667,0.7205882352941176,0.09921600432549338
3536601,8385.0,1936,386,103,384,271,7301.0,407.0,476.0,201.0,0.1993801652892562,0.266839378238342,0.05320247933884298,0.7057291666666666,0.05574578824818518
2678170,5281.0,1936,366,57,270,209,4028.0,304.0,604.0,345.0,0.1890495867768595,0.1557377049180328,0.029442148760330578,0.774074074074074,0.07547169811320754
2433733,5782.0,1934,204,6,20,14,5347.0,20.0,223.0,192.0,0.10548086866597725,0.029411764705882353,0.0031023784901758012,0.7,0.0037404151860856555
1783423,7236.0,1933,377,94,462,353,5945.0,516.0,518.0,257.0,0.1950336264873254,0.2493368700265252,0.04862907397827212,0.7640692640692641,0.08679562657695543
2535791,2542.0,1931,57,11,92,81,2310.0,95.0,78.0,59.0,0.029518384256861728,0.19298245614035087,0.005696530295183843,0.8804347826086957,0.04112554112554113
4321228,4504.0,1930,251,51,333,263,3575.0,351.0,452.0,126.0,0.1300518134715026,0.20318725099601595,0.026424870466321245,0.7897897897897898,0.09818181818181818
2728585,3810.0,1930,182,30,139,103,3268.0,150.0,289.0,103.0,0.09430051813471503,0.16483516483516483,0.015544041450777202,0.7410071942446043,0.04589963280293757
1981996,4770.0,1929,222,46,209,158,4131.0,222.0,299.0,118.0,0.1150855365474339,0.2072072072072072,0.023846552617936754,0.7559808612440191,0.05374001452432825
27522,4312.0,1928,226,44,266,207,3527.0,291.0,396.0,98.0,0.11721991701244813,0.19469026548672566,0.022821576763485476,0.7781954887218046,0.0825063793592288
1482769,4462.0,1927,219,34,115,73,3933.0,121.0,289.0,119.0,0.11364815775817333,0.1552511415525114,0.017644006227296314,0.6347826086956522,0.030765319094838546
4601757,5565.0,1927,318,59,226,163,4631.0,299.0,478.0,157.0,0.16502335236118318,0.18553459119496854,0.03061754021795537,0.7212389380530974,0.0645648887929173
4823943,4009.0,1927,174,19,78,57,3597.0,83.0,191.0,138.0,0.09029579657498703,0.10919540229885058,0.009859885832900882,0.7307692307692307,0.02307478454267445
1579551,4694.0,1925,201,36,170,127,4107.0,176.0,263.0,148.0,0.10441558441558442,0.1791044776119403,0.0187012987012987,0.7470588235294118,0.042853664475286095
2779062,6595.0,1924,337,61,168,103,5827.0,182.0,429.0,157.0,0.17515592515592515,0.18100890207715134,0.03170478170478171,0.6130952380952381,0.031233911103483784
14900,3749.0,1920,143,20,141,114,3332.0,155.0,179.0,83.0,0.07447916666666667,0.13986013986013987,0.010416666666666666,0.8085106382978723,0.04651860744297719
4317228,5813.0,1919,296,77,556,463,4626.0,612.0,447.0,128.0,0.1542470036477332,0.26013513513513514,0.040125065138092754,0.8327338129496403,0.13229571984435798
475593,3760.0,1918,101,9,29,20,3497.0,33.0,122.0,108.0,0.05265901981230448,0.0891089108910891,0.0046923879040667365,0.6896551724137931,0.009436659994280812
4468927,5499.0,1916,231,38,185,136,4907.0,193.0,274.0,125.0,0.12056367432150313,0.1645021645021645,0.019832985386221295,0.7351351351351352,0.03933156714897086
3833754,4758.0,1916,234,44,246,199,4026.0,301.0,348.0,83.0,0.12212943632567849,0.18803418803418803,0.022964509394572025,0.8089430894308943,0.07476403378042722
721242,5073.0,1914,243,56,131,72,4449.0,135.0,327.0,162.0,0.12695924764890282,0.23045267489711935,0.029258098223615466,0.549618320610687,0.030343897505057317
2316980,4764.0,1910,332,61,210,142,3886.0,226.0,457.0,195.0,0.17382198952879582,0.18373493975903615,0.03193717277486911,0.6761904761904762,0.05815748841996912
3453741,6009.0,1906,337,49,207,147,5085.0,254.0,501.0,169.0,0.17681007345225602,0.14540059347181009,0.02570828961175236,0.7101449275362319,0.04995083579154375
3926800,5994.0,1906,165,42,125,80,5540.0,158.0,196.0,100.0,0.08656873032528856,0.2545454545454545,0.022035676810073453,0.64,0.02851985559566787
381048,3951.0,1905,173,19,69,48,3526.0,76.0,215.0,134.0,0.09081364829396325,0.10982658959537572,0.009973753280839895,0.6956521739130435,0.021554169030062395
1113817,5339.0,1903,334,48,190,135,4499.0,210.0,478.0,152.0,0.17551234892275355,0.1437125748502994,0.025223331581713086,0.7105263157894737,0.04667703934207602
4983640,7849.0,1900,322,72,332,252,6746.0,372.0,505.0,226.0,0.1694736842105263,0.2236024844720497,0.037894736842105266,0.7590361445783133,0.05514378891194782
4015257,7260.0,1898,456,111,474,348,5831.0,501.0,693.0,235.0,0.24025289778714437,0.24342105263157895,0.058482613277133826,0.7341772151898734,0.08592008231864175
3648733,6291.0,1898,293,105,513,395,5219.0,562.0,397.0,113.0,0.15437302423603794,0.3583617747440273,0.05532139093782929,0.7699805068226121,0.1076834642651849
2633883,6501.0,1890,244,69,355,280,5627.0,382.0,361.0,131.0,0.1291005291005291,0.2827868852459016,0.03650793650793651,0.7887323943661971,0.06788697352052603
2155313,6767.0,1890,401,54,146,86,5842.0,157.0,459.0,309.0,0.21216931216931217,0.13466334164588528,0.02857142857142857,0.589041095890411,0.02687435809654228
3106495,4463.0,1886,106,7,13,6,4286.0,17.0,98.0,62.0,0.05620360551431601,0.0660377358490566,0.003711558854718982,0.46153846153846156,0.003966402239850677
377977,5070.0,1885,190,19,53,34,4677.0,56.0,222.0,115.0,0.10079575596816977,0.1,0.010079575596816976,0.6415094339622641,0.011973487278169766
4139079,3724.0,1882,199,18,64,45,3247.0,73.0,244.0,160.0,0.10573857598299681,0.09045226130653267,0.009564293304994687,0.703125,0.022482291345857715
5029362,4444.0,1882,172,19,84,59,3966.0,104.0,248.0,126.0,0.09139213602550478,0.11046511627906977,0.010095642933049946,0.7023809523809523,0.026222894604135148
2754205,5523.0,1881,276,47,206,149,4758.0,214.0,361.0,190.0,0.1467304625199362,0.17028985507246377,0.024986709197235512,0.7233009708737864,0.044976881042454814
3012102,3831.0,1878,169,22,113,89,3368.0,140.0,233.0,90.0,0.08998935037273695,0.1301775147928994,0.011714589989350373,0.7876106194690266,0.04156769596199525
22892,5955.0,1877,216,26,72,44,5405.0,75.0,288.0,187.0,0.11507725093233884,0.12037037037037036,0.013851891315929675,0.6111111111111112,0.013876040703052728
1508018,8675.0,1874,428,171,719,532,6922.0,870.0,672.0,211.0,0.22838847385272146,0.39953271028037385,0.0912486659551761,0.7399165507649513,0.12568621785611095
1274417,3768.0,1872,162,31,256,214,3168.0,272.0,251.0,77.0,0.08653846153846154,0.19135802469135801,0.01655982905982906,0.8359375,0.08585858585858586
52368,4364.0,1871,195,20,65,43,3924.0,68.0,265.0,107.0,0.1042223409941208,0.10256410256410256,0.010689470871191877,0.6615384615384615,0.017329255861365953
3941877,5663.0,1869,201,22,76,54,5193.0,86.0,263.0,121.0,0.10754414125200643,0.10945273631840796,0.011771000535045479,0.7105263157894737,0.016560754862314654
3017203,7664.0,1868,332,61,142,80,6829.0,152.0,481.0,202.0,0.1777301927194861,0.18373493975903615,0.032655246252676656,0.5633802816901409,0.022258017279250256
634034,5878.0,1866,275,65,309,233,5000.0,341.0,398.0,139.0,0.14737406216505894,0.23636363636363636,0.03483386923901393,0.7540453074433657,0.0682
685330,5814.0,1865,323,68,204,132,5001.0,223.0,444.0,146.0,0.17319034852546916,0.21052631578947367,0.03646112600536193,0.6470588235294118,0.04459108178364327
5034390,6218.0,1865,226,26,115,87,5706.0,118.0,253.0,141.0,0.12117962466487936,0.11504424778761062,0.013941018766756031,0.7565217391304347,0.020679985979670523
2812993,6387.0,1861,332,102,756,640,4929.0,813.0,468.0,177.0,0.1783987103707684,0.3072289156626506,0.054809242342826435,0.8465608465608465,0.16494217894096166
210544,6089.0,1861,303,66,177,106,5287.0,188.0,446.0,168.0,0.16281569048898442,0.21782178217821782,0.035464803868887694,0.5988700564971752,0.03555891810100246
4980376,4251.0,1855,241,27,147,116,3677.0,159.0,343.0,72.0,0.1299191374663073,0.11203319502074689,0.014555256064690027,0.7891156462585034,0.04324177318466141
1423654,3617.0,1852,201,27,149,109,2919.0,160.0,384.0,154.0,0.10853131749460043,0.13432835820895522,0.014578833693304536,0.7315436241610739,0.05481329222336417
4220654,4756.0,1848,244,64,425,350,3784.0,474.0,349.0,149.0,0.13203463203463203,0.26229508196721313,0.03463203463203463,0.8235294117647058,0.12526427061310783
1030331,4979.0,1847,274,52,246,185,4112.0,267.0,437.0,163.0,0.14834867352463454,0.1897810218978102,0.028153762858689767,0.7520325203252033,0.064931906614786
3884119,4781.0,1845,239,46,440,380,3815.0,487.0,357.0,122.0,0.12953929539295392,0.19246861924686193,0.024932249322493227,0.8636363636363636,0.127653997378768
151831,6066.0,1843,279,48,125,75,5352.0,149.0,324.0,241.0,0.15138361367335865,0.17204301075268819,0.026044492674986434,0.6,0.027840059790732438
3512409,4341.0,1839,188,6,16,10,3879.0,19.0,262.0,181.0,0.1022294725394236,0.031914893617021274,0.0032626427406199023,0.625,0.004898169631348285
720055,4887.0,1839,247,46,186,133,4232.0,202.0,355.0,98.0,0.1343121261555193,0.1862348178137652,0.025013594344752584,0.7150537634408602,0.04773156899810964
3000315,4954.0,1837,278,31,138,102,4196.0,149.0,434.0,175.0,0.15133369624387588,0.11151079136690648,0.016875340228633642,0.7391304347826086,0.035510009532888465
5012555,5579.0,1836,279,48,208,155,4835.0,221.0,409.0,114.0,0.15196078431372548,0.17204301075268819,0.026143790849673203,0.7451923076923077,0.04570837642192348
880704,4914.0,1835,240,39,182,137,4254.0,194.0,305.0,161.0,0.1307901907356948,0.1625,0.02125340599455041,0.7527472527472527,0.04560413728255759
558667,4677.0,1832,163,3,16,13,4363.0,18.0,171.0,125.0,0.08897379912663755,0.018404907975460124,0.0016375545851528383,0.8125,0.00412560165024066
1480207,4218.0,1831,225,33,239,200,3478.0,250.0,354.0,136.0,0.12288367012561442,0.14666666666666667,0.018022938285090113,0.8368200836820083,0.0718803910293272
1805756,6696.0,1828,348,49,144,92,5782.0,175.0,509.0,230.0,0.19037199124726478,0.14080459770114942,0.026805251641137857,0.6388888888888888,0.03026634382566586
2690374,4689.0,1825,287,36,203,155,3894.0,217.0,404.0,174.0,0.15726027397260273,0.1254355400696864,0.019726027397260273,0.7635467980295566,0.05572675911658963
1988066,7433.0,1822,177,25,78,52,7000.0,96.0,226.0,111.0,0.09714599341383096,0.14124293785310735,0.013721185510428101,0.6666666666666666,0.013714285714285714
755175,5493.0,1821,256,36,112,70,4883.0,122.0,317.0,171.0,0.14058209774848984,0.140625,0.019769357495881382,0.625,0.024984640589801353
4281067,5183.0,1817,270,43,197,150,4431.0,215.0,409.0,128.0,0.14859658778205834,0.15925925925925927,0.023665382498624106,0.7614213197969543,0.048521778379598285
3840905,4030.0,1817,223,38,147,103,3387.0,154.0,339.0,150.0,0.12272977435332967,0.17040358744394618,0.020913593835993397,0.7006802721088435,0.04546796575140242
1993741,3986.0,1816,182,45,359,304,3215.0,380.0,244.0,147.0,0.10022026431718062,0.24725274725274726,0.02477973568281938,0.8467966573816156,0.1181959564541213
3641324,3398.0,1815,166,18,84,63,2964.0,86.0,224.0,124.0,0.09146005509641873,0.10843373493975904,0.009917355371900827,0.75,0.029014844804318488
3405071,5231.0,1813,273,63,227,154,4459.0,242.0,339.0,191.0,0.15057915057915058,0.23076923076923078,0.03474903474903475,0.6784140969162996,0.054272258353891004
106173,7229.0,1812,289,69,280,206,6333.0,341.0,411.0,144.0,0.15949227373068434,0.23875432525951557,0.0380794701986755,0.7357142857142858,0.0538449392073267
4132735,5102.0,1810,199,31,210,172,4497.0,220.0,270.0,115.0,0.10994475138121547,0.15577889447236182,0.01712707182320442,0.819047619047619,0.048921503224371804
2243133,4541.0,1809,128,16,73,54,4208.0,75.0,153.0,105.0,0.07075732448866777,0.125,0.008844665561083471,0.7397260273972602,0.01782319391634981
4561988,4993.0,1809,187,32,144,109,4424.0,164.0,275.0,130.0,0.10337202874516307,0.1711229946524064,0.017689331122166942,0.7569444444444444,0.037070524412296565
145519,4309.0,1806,180,26,96,67,3852.0,107.0,215.0,135.0,0.09966777408637874,0.14444444444444443,0.014396456256921373,0.6979166666666666,0.027777777777777776
4817379,4639.0,1805,212,39,144,100,4036.0,170.0,320.0,113.0,0.11745152354570637,0.18396226415094338,0.021606648199445983,0.6944444444444444,0.042120911793855305
2160208,5014.0,1803,243,45,222,174,4353.0,242.0,296.0,123.0,0.13477537437603992,0.18518518518518517,0.024958402662229616,0.7837837837837838,0.05559384332644154
490076,6446.0,1802,145,8,28,19,6168.0,33.0,156.0,89.0,0.0804661487236404,0.05517241379310345,0.004439511653718091,0.6785714285714286,0.005350194552529183
138081,3658.0,1798,143,32,298,251,3016.0,326.0,230.0,86.0,0.07953281423804227,0.22377622377622378,0.017797552836484983,0.8422818791946308,0.10809018567639257
3667321,8019.0,1797,438,167,518,342,6500.0,645.0,606.0,268.0,0.24373956594323873,0.3812785388127854,0.09293266555370061,0.6602316602316602,0.09923076923076923
4615159,6643.0,1794,350,52,135,79,5785.0,153.0,454.0,251.0,0.19509476031215162,0.14857142857142858,0.028985507246376812,0.5851851851851851,0.02644770959377701
3911423,5886.0,1792,250,29,54,25,5334.0,61.0,302.0,189.0,0.13950892857142858,0.116,0.016183035714285716,0.46296296296296297,0.011436070491188602
1082838,4701.0,1789,191,22,69,46,4201.0,75.0,297.0,128.0,0.106763555058692,0.11518324607329843,0.012297372833985467,0.6666666666666666,0.017852892168531302
888921,3127.0,1789,102,9,29,20,2795.0,35.0,166.0,131.0,0.05701509223029626,0.08823529411764706,0.005030743432084964,0.6896551724137931,0.012522361359570662
943641,6187.0,1788,143,13,24,9,5886.0,25.0,137.0,139.0,0.07997762863534676,0.09090909090909091,0.00727069351230425,0.375,0.004247366632687734
1652543,4992.0,1788,148,23,106,82,4626.0,126.0,181.0,59.0,0.08277404921700224,0.1554054054054054,0.012863534675615212,0.7735849056603774,0.027237354085603113
3683798,4617.0,1785,177,16,25,9,4251.0,27.0,195.0,144.0,0.09915966386554621,0.0903954802259887,0.008963585434173669,0.36,0.006351446718419196
4069129,5320.0,1784,293,70,397,308,4202.0,452.0,518.0,148.0,0.16423766816143498,0.23890784982935154,0.03923766816143498,0.7758186397984886,0.10756782484531176
2288113,6796.0,1782,308,87,330,243,5948.0,344.0,341.0,163.0,0.1728395061728395,0.2824675324675325,0.04882154882154882,0.7363636363636363,0.05783456624075319
3346906,3885.0,1781,166,18,92,72,3462.0,102.0,235.0,86.0,0.09320606400898372,0.10843373493975904,0.010106681639528355,0.782608695652174,0.029462738301559793
1868811,4888.0,1780,250,44,199,151,4149.0,236.0,381.0,122.0,0.1404494382022472,0.176,0.024719101123595506,0.7587939698492462,0.05688117618703302
1974051,4146.0,1780,226,20,87,58,3580.0,101.0,310.0,155.0,0.12696629213483146,0.08849557522123894,0.011235955056179775,0.6666666666666666,0.028212290502793298
257909,5870.0,1779,332,80,452,359,4656.0,468.0,558.0,188.0,0.18662169758291175,0.24096385542168675,0.044969083754918496,0.7942477876106194,0.10051546391752578
4716920,3421.0,1777,179,35,115,76,2924.0,118.0,295.0,84.0,0.10073157006190209,0.19553072625698323,0.019696117051209903,0.6608695652173913,0.04035567715458276
703852,4742.0,1777,98,3,10,7,4576.0,11.0,95.0,60.0,0.05514912774338773,0.030612244897959183,0.0016882386043894203,0.7,0.002403846153846154
4107781,4920.0,1775,219,49,182,126,4269.0,208.0,204.0,239.0,0.12338028169014084,0.2237442922374429,0.0276056338028169,0.6923076923076923,0.04872335441555399
4070504,5938.0,1772,176,15,32,16,5546.0,36.0,199.0,157.0,0.09932279909706546,0.08522727272727272,0.008465011286681716,0.5,0.006491164803461955
4715451,7206.0,1772,201,29,98,69,6732.0,109.0,237.0,128.0,0.113431151241535,0.14427860696517414,0.01636568848758465,0.7040816326530612,0.016191325014854426
1635194,6086.0,1770,319,76,233,152,5241.0,247.0,443.0,155.0,0.18022598870056497,0.23824451410658307,0.04293785310734463,0.6523605150214592,0.04712841060866247
809709,4550.0,1769,197,25,77,49,4077.0,90.0,249.0,134.0,0.11136235161107971,0.12690355329949238,0.014132278123233465,0.6363636363636364,0.02207505518763797
4214800,4401.0,1769,170,11,30,19,4057.0,37.0,206.0,101.0,0.09609949123798757,0.06470588235294118,0.006218202374222725,0.6333333333333333,0.009120039438008381
2070081,3283.0,1768,83,18,75,54,3048.0,77.0,92.0,66.0,0.04694570135746606,0.21686746987951808,0.010180995475113122,0.72,0.02526246719160105
1207256,3666.0,1767,169,32,241,199,3015.0,269.0,303.0,79.0,0.09564233163554046,0.1893491124260355,0.018109790605546124,0.8257261410788381,0.08922056384742952
3781390,3105.0,1767,105,15,86,69,2766.0,96.0,186.0,57.0,0.059422750424448216,0.14285714285714285,0.008488964346349746,0.8023255813953488,0.03470715835140998
4056794,4811.0,1766,282,46,196,146,4065.0,212.0,393.0,141.0,0.159682899207248,0.16312056737588654,0.026047565118912798,0.7448979591836735,0.052152521525215254
3621778,7372.0,1765,347,60,154,91,6584.0,163.0,489.0,136.0,0.19660056657223796,0.1729106628242075,0.0339943342776204,0.5909090909090909,0.024756986634264885
2751787,4131.0,1762,217,36,251,203,3363.0,257.0,310.0,201.0,0.123155505107832,0.16589861751152074,0.02043132803632236,0.8087649402390438,0.07641986321736545
1408807,4088.0,1762,224,38,265,214,3344.0,283.0,346.0,115.0,0.1271282633371169,0.16964285714285715,0.021566401816118047,0.8075471698113208,0.08462918660287082
2495674,5016.0,1761,249,19,48,24,4493.0,51.0,290.0,182.0,0.141396933560477,0.07630522088353414,0.010789324247586598,0.5,0.01135099042955709
2603528,6308.0,1759,177,24,82,57,5839.0,89.0,255.0,125.0,0.10062535531552018,0.13559322033898305,0.013644115974985787,0.6951219512195121,0.015242336016441172
668960,7417.0,1759,303,64,112,45,6634.0,126.0,467.0,190.0,0.17225696418419556,0.21122112211221122,0.036384309266628764,0.4017857142857143,0.018993066023515224
2851989,2871.0,1754,72,10,77,66,2609.0,88.0,111.0,63.0,0.04104903078677309,0.1388888888888889,0.005701254275940707,0.8571428571428571,0.03372939823687236
4396417,3837.0,1753,137,6,20,14,3551.0,21.0,150.0,115.0,0.07815173987450086,0.043795620437956206,0.0034227039361095267,0.7,0.005913827090960293
3007355,5105.0,1753,185,43,238,189,4503.0,248.0,243.0,111.0,0.10553337136337707,0.23243243243243245,0.02452937820878494,0.7941176470588235,0.05507439484787919
3745980,3337.0,1753,157,20,197,170,2729.0,215.0,305.0,88.0,0.08956075299486595,0.12738853503184713,0.011409013120365089,0.8629441624365483,0.07878343715646757
1766039,6877.0,1751,295,81,273,185,6024.0,294.0,392.0,167.0,0.1684751570531125,0.2745762711864407,0.04625928041119361,0.6776556776556777,0.04880478087649402
4450414,7007.0,1750,191,25,76,50,6546.0,85.0,274.0,102.0,0.10914285714285714,0.13089005235602094,0.014285714285714285,0.6578947368421053,0.012985029025358998
878325,4977.0,1750,246,34,132,93,4320.0,174.0,300.0,183.0,0.14057142857142857,0.13821138211382114,0.019428571428571427,0.7045454545454546,0.04027777777777778
2328010,4782.0,1750,241,54,182,123,4117.0,194.0,338.0,133.0,0.1377142857142857,0.22406639004149378,0.030857142857142857,0.6758241758241759,0.04712169055137236
374203,6066.0,1744,298,66,199,130,5344.0,216.0,357.0,149.0,0.17087155963302753,0.2214765100671141,0.03784403669724771,0.6532663316582915,0.040419161676646706
3937919,3645.0,1744,142,5,15,9,3294.0,15.0,149.0,187.0,0.08142201834862385,0.035211267605633804,0.0028669724770642203,0.6,0.004553734061930784
3273619,3811.0,1736,156,9,40,28,3418.0,43.0,179.0,171.0,0.08986175115207373,0.057692307692307696,0.005184331797235023,0.7,0.012580456407255705
625430,8700.0,1734,207,33,144,111,8138.0,175.0,283.0,104.0,0.11937716262975778,0.15942028985507245,0.01903114186851211,0.7708333333333334,0.02150405505038093
579914,4238.0,1730,208,19,50,30,3826.0,53.0,266.0,93.0,0.12023121387283237,0.09134615384615384,0.010982658959537572,0.6,0.013852587558808156
2506339,4722.0,1730,183,26,104,77,4311.0,116.0,211.0,84.0,0.10578034682080925,0.14207650273224043,0.015028901734104046,0.7403846153846154,0.026907909997680352
2561712,5339.0,1727,205,40,175,127,4777.0,200.0,294.0,68.0,0.11870295309785756,0.1951219512195122,0.023161551823972205,0.7257142857142858,0.04186728072011723
3113031,3411.0,1727,118,26,65,39,3093.0,81.0,151.0,86.0,0.06832657788071801,0.22033898305084745,0.015055008685581933,0.6,0.026188166828322017
862523,4369.0,1726,330,57,169,106,3538.0,175.0,477.0,179.0,0.19119351100811124,0.17272727272727273,0.03302433371958285,0.6272189349112426,0.04946297343131713
1868174,4962.0,1725,138,19,59,38,4682.0,62.0,128.0,90.0,0.08,0.13768115942028986,0.011014492753623189,0.6440677966101694,0.013242204186245195
545775,6715.0,1721,296,40,104,62,5915.0,120.0,430.0,250.0,0.17199302730970367,0.13513513513513514,0.023242300987797792,0.5961538461538461,0.02028740490278952
3754679,4355.0,1718,225,39,152,105,3719.0,165.0,343.0,128.0,0.1309662398137369,0.17333333333333334,0.02270081490104773,0.6907894736842105,0.04436676525947835
2620182,3388.0,1716,183,41,193,135,2710.0,203.0,370.0,105.0,0.10664335664335664,0.22404371584699453,0.023892773892773892,0.6994818652849741,0.07490774907749077
4750127,7011.0,1715,356,132,460,323,5780.0,531.0,531.0,169.0,0.2075801749271137,0.3707865168539326,0.07696793002915452,0.7021739130434783,0.09186851211072665
362151,5819.0,1715,322,56,178,113,5009.0,200.0,407.0,203.0,0.18775510204081633,0.17391304347826086,0.0326530612244898,0.6348314606741573,0.03992812936713915
1729922,4266.0,1713,121,2,14,12,4038.0,16.0,121.0,91.0,0.07063631056625802,0.01652892561983471,0.0011675423234092236,0.8571428571428571,0.00396235760277365
802833,4200.0,1710,184,32,84,50,3770.0,96.0,261.0,73.0,0.10760233918128655,0.17391304347826086,0.01871345029239766,0.5952380952380952,0.02546419098143236
4100652,4090.0,1706,173,42,188,142,3579.0,208.0,214.0,89.0,0.10140679953106682,0.24277456647398843,0.0246189917936694,0.7553191489361702,0.058116792400111764
773961,4316.0,1701,227,39,140,99,3731.0,150.0,321.0,114.0,0.13345091122868902,0.17180616740088106,0.02292768959435626,0.7071428571428572,0.04020369874028411
665090,4365.0,1700,178,22,49,27,3960.0,58.0,177.0,170.0,0.10470588235294118,0.12359550561797752,0.012941176470588235,0.5510204081632653,0.014646464646464647
1811343,4142.0,1700,256,32,141,106,3467.0,169.0,322.0,184.0,0.15058823529411763,0.125,0.018823529411764704,0.75177304964539,0.04874531295067782
144028,3450.0,1697,164,37,219,170,2841.0,235.0,266.0,108.0,0.0966411314083677,0.22560975609756098,0.021803182086034177,0.776255707762557,0.08271735304470257
3425243,4891.0,1695,252,53,227,167,4141.0,251.0,371.0,128.0,0.1486725663716814,0.21031746031746032,0.03126843657817109,0.73568281938326,0.06061337841101183
1604691,5319.0,1695,161,7,9,2,4974.0,12.0,170.0,163.0,0.09498525073746313,0.043478260869565216,0.004129793510324484,0.2222222222222222,0.0024125452352231603
1109050,2552.0,1694,74,3,12,9,2343.0,17.0,101.0,91.0,0.043683589138134596,0.04054054054054054,0.0017709563164108619,0.75,0.007255655142979087
2044304,4865.0,1694,259,57,338,271,4025.0,364.0,390.0,86.0,0.15289256198347106,0.22007722007722008,0.03364817001180637,0.8017751479289941,0.09043478260869565
2803949,2471.0,1693,87,3,21,15,2257.0,24.0,96.0,94.0,0.05138806851742469,0.034482758620689655,0.0017720023626698169,0.7142857142857143,0.010633584404076208
4144410,3952.0,1692,229,37,136,93,3361.0,139.0,302.0,150.0,0.13534278959810875,0.1615720524017467,0.02186761229314421,0.6838235294117647,0.04135673906575424
4565729,5547.0,1689,256,73,269,188,4718.0,293.0,386.0,150.0,0.15156897572528122,0.28515625,0.04322084073416223,0.6988847583643123,0.062102585841458245
4725649,4831.0,1688,152,12,31,19,4497.0,31.0,200.0,103.0,0.09004739336492891,0.07894736842105263,0.0071090047393364926,0.6129032258064516,0.00689348454525239
577329,5347.0,1687,227,51,210,154,4677.0,271.0,270.0,129.0,0.13455838767042086,0.22466960352422907,0.03023117960877297,0.7333333333333333,0.05794312593542869
3099787,3193.0,1686,138,11,61,47,2877.0,63.0,169.0,84.0,0.08185053380782918,0.07971014492753623,0.006524317912218268,0.7704918032786885,0.021897810218978103
316352,5880.0,1685,308,87,375,278,4857.0,420.0,468.0,135.0,0.1827893175074184,0.2824675324675325,0.05163204747774481,0.7413333333333333,0.08647313156269303
1276979,4540.0,1684,239,23,74,47,3938.0,84.0,291.0,227.0,0.14192399049881235,0.09623430962343096,0.013657957244655582,0.6351351351351351,0.02133062468257999
4356686,3109.0,1682,131,8,21,12,2817.0,24.0,168.0,100.0,0.07788347205707491,0.061068702290076333,0.0047562425683709865,0.5714285714285714,0.008519701810436636
63690,4909.0,1681,56,28,702,669,3992.0,817.0,0.0,100.0,0.03331350386674598,0.5,0.01665675193337299,0.9529914529914529,0.20465931863727455
1674844,5077.0,1680,126,15,90,75,4703.0,157.0,131.0,86.0,0.075,0.11904761904761904,0.008928571428571428,0.8333333333333334,0.03338294705507123
70270,4469.0,1679,144,9,46,36,4153.0,53.0,146.0,117.0,0.08576533650982728,0.0625,0.005360333531864205,0.782608695652174,0.01276185889718276
1016735,5683.0,1674,110,9,14,5,5400.0,16.0,125.0,142.0,0.06571087216248507,0.08181818181818182,0.005376344086021506,0.35714285714285715,0.002962962962962963
605237,5781.0,1672,268,71,280,200,4918.0,319.0,405.0,139.0,0.16028708133971292,0.26492537313432835,0.042464114832535885,0.7142857142857143,0.06486376575843839
4046054,3267.0,1670,151,18,223,199,2695.0,230.0,259.0,83.0,0.09041916167664671,0.11920529801324503,0.010778443113772455,0.8923766816143498,0.08534322820037106
2431602,3853.0,1667,139,22,79,53,3505.0,88.0,184.0,76.0,0.08338332333533294,0.15827338129496402,0.013197360527894421,0.6708860759493671,0.025106990014265335
2004007,6322.0,1666,222,54,160,102,5618.0,240.0,319.0,145.0,0.1332533013205282,0.24324324324324326,0.03241296518607443,0.6375,0.04271982912068352
375240,4160.0,1665,201,42,276,229,3431.0,300.0,328.0,101.0,0.12072072072072072,0.208955223880597,0.025225225225225224,0.8297101449275363,0.08743806470416789
874007,4875.0,1662,223,49,230,176,4260.0,240.0,252.0,123.0,0.1341756919374248,0.21973094170403587,0.029482551143200964,0.7652173913043478,0.056338028169014086
1637260,4074.0,1661,257,54,295,228,3168.0,318.0,467.0,121.0,0.1547260686333534,0.21011673151750973,0.0325105358217941,0.7728813559322034,0.10037878787878787
1171519,3836.0,1655,110,17,48,28,3505.0,57.0,150.0,124.0,0.06646525679758308,0.15454545454545454,0.01027190332326284,0.5833333333333334,0.016262482168330955
3206550,3701.0,1649,168,17,71,51,3284.0,83.0,235.0,99.0,0.10187992722862341,0.10119047619047619,0.010309278350515464,0.7183098591549296,0.025274056029232644
4842079,3472.0,1649,175,23,111,85,3041.0,120.0,226.0,85.0,0.10612492419648271,0.13142857142857142,0.013947847180109158,0.7657657657657657,0.039460703715882936
2344159,3923.0,1649,197,32,81,46,3449.0,84.0,268.0,122.0,0.11946634323832626,0.16243654822335024,0.019405700424499697,0.5679012345679012,0.024354885474050448
3538807,4006.0,1645,241,43,177,131,3329.0,199.0,350.0,128.0,0.14650455927051673,0.17842323651452283,0.026139817629179333,0.7401129943502824,0.05977771102433163
3069540,3778.0,1643,199,40,188,145,3238.0,202.0,219.0,119.0,0.12111990261716372,0.20100502512562815,0.024345709068776627,0.7712765957446809,0.062384187770228534
3587108,6877.0,1643,194,22,94,71,6446.0,102.0,194.0,135.0,0.11807668898356664,0.1134020618556701,0.013390139987827145,0.7553191489361702,0.015823766677008997
4527720,3966.0,1642,250,41,184,133,3276.0,193.0,381.0,116.0,0.15225334957369063,0.164,0.024969549330085262,0.7228260869565217,0.05891330891330891
2976589,3066.0,1642,154,14,92,75,2670.0,100.0,220.0,76.0,0.09378806333739342,0.09090909090909091,0.008526187576126675,0.8152173913043478,0.03745318352059925
1406426,6973.0,1642,284,65,144,77,6143.0,171.0,467.0,192.0,0.17295980511571254,0.22887323943661972,0.03958587088915956,0.5347222222222222,0.02783656194041999
1297315,6455.0,1639,274,78,340,256,5587.0,370.0,385.0,113.0,0.1671751067724222,0.2846715328467153,0.04758999389871873,0.7529411764705882,0.06622516556291391
4174942,6286.0,1639,247,72,368,290,5384.0,405.0,383.0,114.0,0.15070164734594266,0.291497975708502,0.04392922513727883,0.7880434782608695,0.07522288261515601
1574064,6044.0,1638,320,37,78,39,5297.0,81.0,438.0,228.0,0.19536019536019536,0.115625,0.022588522588522588,0.5,0.015291674532754389
4365013,5243.0,1638,290,50,238,181,4417.0,273.0,421.0,132.0,0.17704517704517705,0.1724137931034483,0.030525030525030524,0.7605042016806722,0.061806656101426306
1827100,4617.0,1637,176,35,141,103,4120.0,164.0,196.0,137.0,0.10751374465485644,0.19886363636363635,0.021380574221136223,0.7304964539007093,0.039805825242718446
3121949,5219.0,1636,131,13,29,16,4953.0,33.0,145.0,88.0,0.08007334963325183,0.09923664122137404,0.007946210268948655,0.5517241379310345,0.006662628709872804
2082734,5335.0,1635,242,17,43,25,4789.0,45.0,289.0,212.0,0.14801223241590214,0.07024793388429752,0.010397553516819572,0.5813953488372093,0.009396533723115472
2773917,5829.0,1634,270,56,210,151,5103.0,235.0,357.0,134.0,0.16523867809057527,0.2074074074074074,0.03427172582619339,0.719047619047619,0.04605134234763864
3920794,1932.0,1633,36,3,18,15,1813.0,21.0,54.0,44.0,0.02204531537048377,0.08333333333333333,0.001837109614206981,0.8333333333333334,0.011583011583011582
1633002,3703.0,1632,120,16,95,78,3407.0,101.0,139.0,56.0,0.07352941176470588,0.13333333333333333,0.00980392156862745,0.8210526315789474,0.029644848840622247
4336046,3188.0,1632,109,7,25,18,2931.0,27.0,143.0,87.0,0.06678921568627451,0.06422018348623854,0.00428921568627451,0.72,0.009211873080859774
481876,3419.0,1628,173,29,175,141,2866.0,192.0,275.0,86.0,0.10626535626535627,0.1676300578034682,0.017813267813267815,0.8057142857142857,0.06699232379623168
2969269,4893.0,1628,249,33,121,85,4245.0,127.0,288.0,233.0,0.15294840294840295,0.13253012048192772,0.02027027027027027,0.7024793388429752,0.029917550058892815
1539758,2979.0,1626,111,1,7,6,2755.0,9.0,115.0,100.0,0.06826568265682657,0.009009009009009009,0.0006150061500615006,0.8571428571428571,0.003266787658802178
332127,5805.0,1624,224,17,66,48,5279.0,75.0,256.0,195.0,0.13793103448275862,0.07589285714285714,0.010467980295566502,0.7272727272727273,0.014207236218980868
5125081,4511.0,1623,277,71,327,247,3557.0,350.0,441.0,163.0,0.17067159581022798,0.2563176895306859,0.04374614910659273,0.7553516819571865,0.09839752600506045
1356170,3790.0,1621,184,21,128,105,3292.0,149.0,233.0,116.0,0.1135101789019124,0.11413043478260869,0.012954966070326958,0.8203125,0.04526123936816525
351048,4390.0,1617,182,8,26,17,4000.0,31.0,240.0,119.0,0.11255411255411256,0.04395604395604396,0.004947433518862091,0.6538461538461539,0.00775
3897386,4991.0,1616,272,74,405,320,3963.0,482.0,411.0,135.0,0.16831683168316833,0.27205882352941174,0.04579207920792079,0.7901234567901234,0.1216250315417613
3739206,4380.0,1616,254,39,160,117,3701.0,163.0,327.0,189.0,0.15717821782178218,0.15354330708661418,0.024133663366336634,0.73125,0.04404215077006215
784716,3445.0,1615,177,16,53,37,3064.0,57.0,223.0,101.0,0.10959752321981424,0.0903954802259887,0.009907120743034056,0.6981132075471698,0.01860313315926893
913035,5954.0,1615,232,71,225,149,5236.0,264.0,352.0,102.0,0.1436532507739938,0.30603448275862066,0.04396284829721362,0.6622222222222223,0.05042016806722689
2855743,4161.0,1615,111,7,19,12,3905.0,23.0,122.0,111.0,0.06873065015479876,0.06306306306306306,0.0043343653250774,0.631578947368421,0.0058898847631242
5126295,4865.0,1614,136,20,96,75,4471.0,99.0,140.0,155.0,0.08426270136307311,0.14705882352941177,0.012391573729863693,0.78125,0.022142697383135762
2917289,4330.0,1613,135,15,47,32,3998.0,54.0,154.0,124.0,0.08369497830130192,0.1111111111111111,0.009299442033477991,0.6808510638297872,0.013506753376688344
4032007,3142.0,1610,134,7,14,6,2839.0,15.0,146.0,142.0,0.08322981366459627,0.05223880597014925,0.004347826086956522,0.42857142857142855,0.0052835505459668895
3505338,3944.0,1606,194,26,122,92,3399.0,124.0,239.0,182.0,0.12079701120797011,0.13402061855670103,0.0161892901618929,0.7540983606557377,0.03648131803471609
5048770,5221.0,1604,240,71,526,446,4221.0,559.0,331.0,110.0,0.14962593516209477,0.29583333333333334,0.0442643391521197,0.8479087452471483,0.1324330727315802
3897299,5263.0,1600,249,78,379,292,4387.0,397.0,330.0,149.0,0.155625,0.3132530120481928,0.04875,0.7704485488126649,0.09049464326418966
3206451,4327.0,1596,318,60,275,207,3167.0,346.0,588.0,226.0,0.19924812030075187,0.18867924528301888,0.03759398496240601,0.7527272727272727,0.10925165772023998
4892060,4187.0,1594,254,36,179,140,3510.0,191.0,376.0,110.0,0.15934755332496864,0.14173228346456693,0.02258469259723965,0.7821229050279329,0.05441595441595442
2729260,5354.0,1592,302,77,195,114,4564.0,216.0,409.0,165.0,0.18969849246231155,0.25496688741721857,0.04836683417085427,0.5846153846153846,0.04732690622261174
4866919,4686.0,1591,191,20,39,19,4287.0,42.0,230.0,127.0,0.12005028284098052,0.10471204188481675,0.01257071024512885,0.48717948717948717,0.00979706088173548
4653800,4861.0,1590,189,21,104,78,4409.0,114.0,219.0,119.0,0.11886792452830189,0.1111111111111111,0.013207547169811321,0.75,0.02585620322068496
2058468,3266.0,1589,153,14,98,80,2831.0,100.0,190.0,145.0,0.09628697293895531,0.0915032679738562,0.00881057268722467,0.8163265306122449,0.03532320734722713
4625708,4636.0,1587,210,41,211,167,4022.0,229.0,277.0,108.0,0.1323251417769376,0.19523809523809524,0.0258349086326402,0.7914691943127962,0.05693684733963202
3401301,4064.0,1577,176,27,76,48,3619.0,84.0,215.0,146.0,0.11160431198478123,0.1534090909090909,0.017121116043119847,0.631578947368421,0.02321083172147002
2642752,4298.0,1577,274,47,294,231,3396.0,312.0,442.0,148.0,0.17374762206721622,0.17153284671532848,0.029803424223208624,0.7857142857142857,0.09187279151943463
157878,4039.0,1574,206,61,261,195,3414.0,266.0,284.0,75.0,0.13087674714104194,0.2961165048543689,0.03875476493011436,0.7471264367816092,0.07791446983011131
4776549,4483.0,1574,205,38,142,102,3920.0,161.0,293.0,109.0,0.13024142312579415,0.18536585365853658,0.0241423125794155,0.7183098591549296,0.04107142857142857
2012131,3340.0,1573,121,7,24,17,3078.0,24.0,138.0,100.0,0.07692307692307693,0.05785123966942149,0.004450095359186269,0.7083333333333334,0.007797270955165692
2691737,3684.0,1572,191,23,148,119,3130.0,174.0,279.0,101.0,0.12150127226463105,0.12041884816753927,0.014631043256997456,0.8040540540540541,0.05559105431309904
3777010,4263.0,1566,146,26,76,48,3893.0,83.0,173.0,114.0,0.09323116219667944,0.1780821917808219,0.016602809706257982,0.631578947368421,0.02132031852042127
589018,4352.0,1566,232,36,94,56,3831.0,96.0,250.0,175.0,0.14814814814814814,0.15517241379310345,0.022988505747126436,0.5957446808510638,0.025058731401722788
4127459,3698.0,1566,224,33,183,143,3047.0,192.0,361.0,98.0,0.14303959131545338,0.14732142857142858,0.0210727969348659,0.7814207650273224,0.06301279947489334
2710853,4286.0,1566,244,47,309,252,3436.0,315.0,364.0,171.0,0.1558109833971903,0.19262295081967212,0.030012771392081736,0.8155339805825242,0.09167636786961583
133742,6675.0,1565,177,20,69,49,6295.0,81.0,197.0,102.0,0.11309904153354633,0.11299435028248588,0.012779552715654952,0.7101449275362319,0.012867355043685465
2960717,4948.0,1565,190,20,50,30,4573.0,54.0,219.0,102.0,0.12140575079872204,0.10526315789473684,0.012779552715654952,0.6,0.011808440848458342
4077585,5005.0,1565,251,47,134,86,4434.0,140.0,302.0,129.0,0.16038338658146964,0.18725099601593626,0.030031948881789138,0.6417910447761194,0.031574199368516014
1960675,1901.0,1564,36,2,6,4,1785.0,6.0,50.0,60.0,0.023017902813299233,0.05555555555555555,0.0012787723785166241,0.6666666666666666,0.0033613445378151263
348175,5405.0,1564,161,15,48,31,5030.0,63.0,186.0,126.0,0.10294117647058823,0.09316770186335403,0.00959079283887468,0.6458333333333334,0.012524850894632207
719442,4130.0,1563,214,46,263,214,3406.0,286.0,299.0,139.0,0.13691618682021753,0.21495327102803738,0.02943058221369162,0.8136882129277566,0.08396946564885496
1173843,2718.0,1557,118,24,242,206,2116.0,250.0,283.0,69.0,0.07578676942838793,0.2033898305084746,0.015414258188824663,0.8512396694214877,0.11814744801512288
3068858,5164.0,1557,241,61,247,180,4452.0,283.0,319.0,110.0,0.15478484264611433,0.25311203319502074,0.03917790622992935,0.728744939271255,0.06356693620844564
4340213,2963.0,1557,122,18,98,76,2609.0,106.0,178.0,70.0,0.0783558124598587,0.14754098360655737,0.011560693641618497,0.7755102040816326,0.040628593330778076
794153,5440.0,1555,251,54,261,200,4597.0,283.0,394.0,166.0,0.16141479099678457,0.2151394422310757,0.03472668810289389,0.7662835249042146,0.06156188818794866
322167,7058.0,1555,349,52,133,76,6217.0,138.0,469.0,234.0,0.22443729903536977,0.1489971346704871,0.033440514469453377,0.5714285714285714,0.02219720122245456
3150229,3387.0,1554,53,1,17,16,3263.0,17.0,69.0,38.0,0.0341055341055341,0.018867924528301886,0.0006435006435006435,0.9411764705882353,0.005209929512718358
230481,3431.0,1554,154,29,220,187,2840.0,236.0,245.0,110.0,0.0990990990990991,0.18831168831168832,0.01866151866151866,0.85,0.08309859154929577
3576283,3157.0,1552,141,13,62,49,2842.0,69.0,186.0,60.0,0.09085051546391752,0.09219858156028368,0.008376288659793814,0.7903225806451613,0.024278676988036593
651666,6106.0,1551,280,59,290,222,5240.0,321.0,398.0,147.0,0.18052869116698905,0.21071428571428572,0.038039974210186976,0.7655172413793103,0.061259541984732824
1320782,5906.0,1551,319,85,387,293,4889.0,401.0,471.0,145.0,0.20567375886524822,0.2664576802507837,0.0548033526756931,0.7571059431524548,0.08202086316220086
2370610,5027.0,1551,219,44,152,106,4493.0,167.0,276.0,91.0,0.14119922630560927,0.2009132420091324,0.028368794326241134,0.6973684210526315,0.037168929445804584
4078898,4223.0,1550,159,22,98,75,3815.0,107.0,193.0,108.0,0.10258064516129033,0.13836477987421383,0.014193548387096775,0.7653061224489796,0.02804718217562254
1058331,5967.0,1546,168,16,83,60,5515.0,91.0,178.0,183.0,0.10866752910737387,0.09523809523809523,0.01034928848641656,0.7228915662650602,0.016500453309156844
1386805,5544.0,1546,156,17,96,75,5113.0,116.0,180.0,135.0,0.10090556274256145,0.10897435897435898,0.010996119016817595,0.78125,0.022687267748875417
4672150,2902.0,1545,136,14,122,100,2455.0,129.0,217.0,101.0,0.08802588996763754,0.10294117647058823,0.009061488673139158,0.819672131147541,0.05254582484725051
1891872,3199.0,1543,169,23,134,103,2634.0,142.0,280.0,143.0,0.10952689565780946,0.13609467455621302,0.014906027219701879,0.7686567164179104,0.053910402429764616
385383,3089.0,1542,84,7,42,33,2852.0,55.0,112.0,70.0,0.054474708171206226,0.08333333333333333,0.004539559014267186,0.7857142857142857,0.019284712482468443
4326723,3456.0,1542,134,14,32,17,3182.0,34.0,189.0,51.0,0.08690012970168612,0.1044776119402985,0.009079118028534372,0.53125,0.010685103708359522
2729004,3211.0,1542,119,17,80,62,2886.0,83.0,163.0,79.0,0.07717250324254216,0.14285714285714285,0.011024643320363165,0.775,0.02875952875952876
4402326,6171.0,1542,277,41,121,77,5517.0,136.0,354.0,164.0,0.17963683527885863,0.148014440433213,0.026588845654993514,0.6363636363636364,0.024651078484683706
3595100,2993.0,1539,66,4,20,16,2866.0,20.0,50.0,57.0,0.042884990253411304,0.06060606060606061,0.002599090318388564,0.8,0.006978367062107467
5146409,6194.0,1539,208,49,162,111,5657.0,176.0,293.0,68.0,0.13515269655620532,0.23557692307692307,0.03183885640025991,0.6851851851851852,0.031111896765069823
3776999,3964.0,1535,276,43,240,188,3025.0,265.0,442.0,232.0,0.17980456026058633,0.15579710144927536,0.028013029315960912,0.7833333333333333,0.08760330578512397
3554917,3393.0,1532,249,32,163,124,2615.0,183.0,412.0,183.0,0.16253263707571802,0.1285140562248996,0.020887728459530026,0.7607361963190185,0.06998087954110899
1411462,3428.0,1531,114,29,234,202,2939.0,242.0,151.0,96.0,0.07446113651208361,0.2543859649122807,0.018941868060091443,0.8632478632478633,0.08234093228989452
2485713,4279.0,1531,231,39,238,192,3542.0,255.0,375.0,107.0,0.15088177661659047,0.16883116883116883,0.025473546701502287,0.8067226890756303,0.07199322416713722
10235,4372.0,1530,111,7,35,26,4131.0,38.0,122.0,81.0,0.07254901960784314,0.06306306306306306,0.004575163398692811,0.7428571428571429,0.009198741224885015
4595718,5594.0,1529,237,74,219,140,4840.0,267.0,359.0,128.0,0.15500327011118378,0.31223628691983124,0.04839764551994768,0.639269406392694,0.05516528925619835
541347,3912.0,1529,234,31,151,111,3278.0,163.0,339.0,132.0,0.15304120340091562,0.13247863247863248,0.020274689339437543,0.7350993377483444,0.04972544234289201
2390349,3643.0,1528,78,8,34,25,3430.0,36.0,137.0,40.0,0.051047120418848166,0.10256410256410256,0.005235602094240838,0.7352941176470589,0.010495626822157435
4329518,3478.0,1524,251,45,176,122,2796.0,194.0,383.0,105.0,0.1646981627296588,0.17928286852589642,0.02952755905511811,0.6931818181818182,0.06938483547925609
4965802,2993.0,1522,69,5,20,15,2837.0,21.0,84.0,51.0,0.04533508541392904,0.07246376811594203,0.0032851511169513796,0.75,0.007402185407120197
1984197,4751.0,1521,242,35,94,56,4176.0,107.0,337.0,131.0,0.15910585141354372,0.1446280991735537,0.023011176857330704,0.5957446808510638,0.025622605363984675
3889118,2729.0,1520,91,2,5,3,2538.0,5.0,88.0,98.0,0.05986842105263158,0.02197802197802198,0.0013157894736842105,0.6,0.001970055161544523
2819188,5454.0,1519,271,79,354,269,4502.0,375.0,413.0,164.0,0.1784068466096116,0.2915129151291513,0.05200789993416721,0.7598870056497176,0.08329631274988894
3916967,4724.0,1516,248,64,399,318,3789.0,425.0,402.0,108.0,0.16358839050131926,0.25806451612903225,0.04221635883905013,0.7969924812030075,0.11216679862760623
980785,4562.0,1515,243,51,457,396,3562.0,486.0,336.0,178.0,0.1603960396039604,0.20987654320987653,0.033663366336633666,0.8665207877461707,0.13644020213363278
387302,3620.0,1515,166,31,83,48,3181.0,83.0,266.0,90.0,0.10957095709570958,0.18674698795180722,0.02046204620462046,0.5783132530120482,0.026092423766111286
4467019,4270.0,1515,226,33,142,106,3644.0,159.0,303.0,164.0,0.1491749174917492,0.14601769911504425,0.02178217821782178,0.7464788732394366,0.04363336992316136
2839395,2770.0,1515,112,12,75,60,2438.0,86.0,183.0,63.0,0.07392739273927393,0.10714285714285714,0.007920792079207921,0.8,0.03527481542247744
1585420,4301.0,1514,197,21,47,26,3835.0,50.0,260.0,156.0,0.13011889035667107,0.1065989847715736,0.013870541611624834,0.5531914893617021,0.01303780964797914
3635558,2877.0,1511,193,30,88,54,2416.0,95.0,244.0,122.0,0.12772998014559894,0.15544041450777202,0.01985440105890139,0.6136363636363636,0.03932119205298013
514392,7875.0,1509,278,52,141,89,7188.0,154.0,403.0,130.0,0.18422796554009277,0.18705035971223022,0.03445990722332671,0.6312056737588653,0.02142459654980523
2352811,3723.0,1509,146,31,101,69,3315.0,116.0,185.0,107.0,0.09675281643472498,0.21232876712328766,0.02054340622929092,0.6831683168316832,0.03499245852187029
3566895,4242.0,1508,155,38,140,99,3807.0,149.0,153.0,133.0,0.10278514588859416,0.24516129032258063,0.025198938992042442,0.7071428571428572,0.0391384292093512
2208799,4923.0,1507,166,11,35,24,4560.0,41.0,197.0,125.0,0.11015262110152621,0.06626506024096386,0.0072992700729927005,0.6857142857142857,0.008991228070175439
4437368,3232.0,1506,150,34,158,117,2704.0,207.0,261.0,60.0,0.099601593625498,0.22666666666666666,0.02257636122177955,0.740506329113924,0.07655325443786982
255969,5700.0,1506,214,30,103,72,5133.0,136.0,297.0,134.0,0.14209827357237717,0.14018691588785046,0.0199203187250996,0.6990291262135923,0.026495226962789793
3879559,6466.0,1503,296,56,148,90,5769.0,165.0,380.0,152.0,0.19693945442448438,0.1891891891891892,0.037258815701929474,0.6081081081081081,0.02860114404576183
4550637,2859.0,1502,113,10,43,33,2570.0,56.0,172.0,61.0,0.07523302263648468,0.08849557522123894,0.006657789613848202,0.7674418604651163,0.02178988326848249
5142197,3735.0,1500,167,33,201,163,3192.0,220.0,228.0,95.0,0.11133333333333334,0.19760479041916168,0.022,0.8109452736318408,0.06892230576441102
3348105,4612.0,1500,212,31,98,64,4080.0,103.0,232.0,197.0,0.14133333333333334,0.14622641509433962,0.020666666666666667,0.6530612244897959,0.025245098039215687
1891626,3587.0,1500,174,40,112,70,3106.0,120.0,220.0,141.0,0.116,0.22988505747126436,0.02666666666666667,0.625,0.038634900193174504
4615962,3320.0,1498,181,36,105,65,2787.0,123.0,270.0,140.0,0.12082777036048065,0.19889502762430938,0.02403204272363151,0.6190476190476191,0.04413347685683531
4960437,3318.0,1498,139,12,44,30,2978.0,47.0,158.0,135.0,0.09279038718291055,0.08633093525179857,0.00801068090787717,0.6818181818181818,0.0157824042981867
2310649,4540.0,1497,265,73,273,192,3747.0,291.0,383.0,119.0,0.17702070808283232,0.27547169811320754,0.04876419505678023,0.7032967032967034,0.07766212970376302
642223,5961.0,1496,274,66,306,237,5090.0,333.0,359.0,179.0,0.18315508021390375,0.24087591240875914,0.04411764705882353,0.7745098039215687,0.06542239685658154
1540947,3779.0,1495,206,41,225,180,3146.0,235.0,297.0,101.0,0.13779264214046824,0.19902912621359223,0.0274247491638796,0.8,0.07469802924348379
1778777,3860.0,1494,148,18,51,32,3508.0,55.0,205.0,92.0,0.09906291834002677,0.12162162162162163,0.012048192771084338,0.6274509803921569,0.015678449258836945
3358752,1992.0,1494,47,7,12,5,1877.0,13.0,48.0,54.0,0.03145917001338688,0.14893617021276595,0.004685408299866131,0.4166666666666667,0.006925945657964837
603655,3242.0,1494,174,39,161,121,2655.0,165.0,281.0,141.0,0.11646586345381527,0.22413793103448276,0.02610441767068273,0.7515527950310559,0.062146892655367235
5140516,4613.0,1492,276,52,275,213,3710.0,328.0,391.0,184.0,0.18498659517426275,0.18840579710144928,0.03485254691689008,0.7745454545454545,0.08840970350404313
1421972,3491.0,1491,21,7,1233,1224,2102.0,1345.0,0.0,44.0,0.014084507042253521,0.3333333333333333,0.004694835680751174,0.9927007299270073,0.6398667935299714
22257,6269.0,1489,286,91,289,190,5394.0,314.0,394.0,167.0,0.19207521826729348,0.3181818181818182,0.061114842175957015,0.657439446366782,0.0582128290693363
907846,3990.0,1485,233,18,36,18,3506.0,37.0,253.0,194.0,0.1569023569023569,0.07725321888412018,0.012121212121212121,0.5,0.010553337136337706
4835206,3420.0,1485,190,50,397,315,2456.0,418.0,474.0,72.0,0.12794612794612795,0.2631578947368421,0.03367003367003367,0.7934508816120907,0.17019543973941367
2905937,4784.0,1483,143,23,71,48,4450.0,81.0,187.0,66.0,0.0964261631827377,0.16083916083916083,0.015509103169251517,0.676056338028169,0.018202247191011236
268040,5823.0,1482,244,57,229,170,5108.0,250.0,322.0,143.0,0.16464237516869096,0.2336065573770492,0.038461538461538464,0.74235807860262,0.04894283476898982
1950457,4021.0,1481,244,55,237,175,3280.0,261.0,346.0,134.0,0.16475354490209318,0.22540983606557377,0.03713706954760297,0.7383966244725738,0.07957317073170732
3900668,5414.0,1481,233,54,541,478,4233.0,629.0,303.0,249.0,0.1573261309925726,0.2317596566523605,0.03646185010128292,0.8835489833641405,0.14859437751004015
3795193,2871.0,1477,144,16,79,59,2505.0,80.0,187.0,99.0,0.0974949221394719,0.1111111111111111,0.010832769126607989,0.7468354430379747,0.031936127744510975
2548944,3977.0,1476,160,38,302,257,3379.0,317.0,185.0,96.0,0.10840108401084012,0.2375,0.025745257452574527,0.8509933774834437,0.09381473808819177
3042444,4649.0,1476,180,16,45,27,4252.0,49.0,225.0,123.0,0.12195121951219512,0.08888888888888889,0.01084010840108401,0.6,0.011523988711194732
3957883,5646.0,1475,191,48,177,127,5097.0,188.0,262.0,99.0,0.12949152542372883,0.2513089005235602,0.03254237288135593,0.7175141242937854,0.036884441828526585
63813,5663.0,1475,236,53,213,156,4974.0,229.0,325.0,135.0,0.16,0.2245762711864407,0.03593220338983051,0.7323943661971831,0.046039404905508646
4544118,5421.0,1470,211,54,313,250,4488.0,357.0,268.0,308.0,0.1435374149659864,0.2559241706161137,0.036734693877551024,0.7987220447284346,0.07954545454545454
2666911,4144.0,1469,193,53,159,104,3623.0,167.0,266.0,88.0,0.13138189244383935,0.27461139896373055,0.03607896528250511,0.6540880503144654,0.04609439690863925
3988258,4564.0,1466,199,30,163,129,3956.0,187.0,221.0,200.0,0.13574351978171897,0.1507537688442211,0.020463847203274217,0.7914110429447853,0.047269969666329625
820364,4925.0,1466,189,14,31,15,4475.0,37.0,238.0,175.0,0.12892223738062755,0.07407407407407407,0.009549795361527967,0.4838709677419355,0.008268156424581006
1539964,3896.0,1464,222,39,191,145,3212.0,216.0,272.0,196.0,0.15163934426229508,0.17567567567567569,0.02663934426229508,0.7591623036649214,0.06724782067247821
3100080,3438.0,1463,172,29,120,89,2992.0,128.0,221.0,97.0,0.11756664388243336,0.1686046511627907,0.019822282980177717,0.7416666666666667,0.0427807486631016
36289,4647.0,1463,28,9,293,284,4208.0,397.0,0.0,42.0,0.019138755980861243,0.32142857142857145,0.006151742993848257,0.9692832764505119,0.09434410646387832
4939776,2783.0,1463,69,6,26,20,2607.0,37.0,99.0,40.0,0.047163362952836636,0.08695652173913043,0.004101161995898838,0.7692307692307693,0.014192558496355964
4312352,3819.0,1463,175,13,31,18,3470.0,32.0,174.0,143.0,0.11961722488038277,0.07428571428571429,0.00888585099111415,0.5806451612903226,0.009221902017291067
1901483,4822.0,1457,285,62,205,135,4004.0,226.0,419.0,173.0,0.19560741249142072,0.21754385964912282,0.0425531914893617,0.6585365853658537,0.05644355644355644
4632342,5372.0,1455,253,53,148,93,4704.0,159.0,390.0,119.0,0.17388316151202748,0.20948616600790515,0.036426116838487975,0.6283783783783784,0.03380102040816327
2025483,5026.0,1454,271,77,508,419,3751.0,690.0,459.0,126.0,0.18638239339752408,0.28413284132841327,0.05295735900962861,0.8248031496062992,0.18395094641428952
74446,6895.0,1452,170,38,123,83,6279.0,181.0,317.0,118.0,0.11707988980716254,0.2235294117647059,0.026170798898071626,0.6747967479674797,0.028826246217550564
4414464,2943.0,1451,138,22,72,45,2616.0,74.0,153.0,100.0,0.09510682288077188,0.15942028985507245,0.015161957270847692,0.625,0.028287461773700305
3744190,5432.0,1449,291,82,237,147,4599.0,292.0,406.0,135.0,0.20082815734989648,0.281786941580756,0.05659075224292615,0.620253164556962,0.06349206349206349
832574,3228.0,1449,121,11,30,19,2941.0,31.0,143.0,113.0,0.08350586611456176,0.09090909090909091,0.00759144237405107,0.6333333333333333,0.010540632437946278
3712511,2660.0,1448,142,16,41,23,2299.0,46.0,206.0,109.0,0.09806629834254144,0.11267605633802817,0.011049723756906077,0.5609756097560976,0.020008699434536755
1577687,4053.0,1445,230,29,83,51,3487.0,95.0,295.0,176.0,0.15916955017301038,0.12608695652173912,0.020069204152249134,0.6144578313253012,0.027244049326068255
293545,5791.0,1438,243,62,188,122,5127.0,204.0,351.0,109.0,0.1689847009735744,0.2551440329218107,0.043115438108484005,0.648936170212766,0.03978935049736688
3786139,1899.0,1436,26,3,6,3,1840.0,6.0,31.0,22.0,0.018105849582172703,0.11538461538461539,0.0020891364902506965,0.5,0.003260869565217391
1497533,5392.0,1436,152,20,63,42,5050.0,68.0,179.0,95.0,0.10584958217270195,0.13157894736842105,0.013927576601671309,0.6666666666666666,0.013465346534653465
645479,3014.0,1435,44,3,16,13,2896.0,16.0,15.0,87.0,0.030662020905923345,0.06818181818181818,0.0020905923344947735,0.8125,0.0055248618784530384
1301428,4251.0,1434,133,23,72,49,3917.0,89.0,144.0,101.0,0.09274755927475593,0.17293233082706766,0.01603905160390516,0.6805555555555556,0.022721470513147816
4226833,3319.0,1434,180,22,78,53,2878.0,84.0,223.0,134.0,0.12552301255230125,0.12222222222222222,0.015341701534170154,0.6794871794871795,0.029186935371785964
529054,5637.0,1431,161,21,154,131,5176.0,171.0,213.0,77.0,0.11250873515024458,0.13043478260869565,0.014675052410901468,0.8506493506493507,0.0330370942812983
2346077,2493.0,1430,73,3,8,4,2337.0,8.0,52.0,96.0,0.05104895104895105,0.0410958904109589,0.002097902097902098,0.5,0.0034231921266581087
2719067,4200.0,1429,252,43,260,204,3384.0,271.0,414.0,131.0,0.17634709587123862,0.17063492063492064,0.030090972708187544,0.7846153846153846,0.08008274231678487
4829999,2545.0,1429,90,12,70,56,2298.0,71.0,115.0,61.0,0.06298110566829951,0.13333333333333333,0.008397480755773267,0.8,0.030896431679721496
3611159,1943.0,1428,42,2,6,3,1857.0,6.0,32.0,48.0,0.029411764705882353,0.047619047619047616,0.0014005602240896359,0.5,0.0032310177705977385
796075,2689.0,1427,54,3,24,21,2561.0,24.0,63.0,41.0,0.0378416257883672,0.05555555555555555,0.002102312543798178,0.875,0.009371339320577899
416088,4118.0,1425,190,31,214,177,3468.0,226.0,304.0,120.0,0.13333333333333333,0.1631578947368421,0.02175438596491228,0.8271028037383178,0.0651672433679354
3940193,5269.0,1421,192,44,150,104,4719.0,189.0,269.0,92.0,0.13511611541168192,0.22916666666666666,0.03096410978184377,0.6933333333333334,0.040050858232676415
3757435,4805.0,1420,247,48,140,90,4152.0,160.0,357.0,136.0,0.17394366197183098,0.19433198380566802,0.03380281690140845,0.6428571428571429,0.038535645472061654
1733466,5176.0,1419,237,32,148,113,4580.0,160.0,285.0,151.0,0.16701902748414377,0.1350210970464135,0.02255109231853418,0.7635135135135135,0.034934497816593885
2161504,4743.0,1418,190,23,72,49,4287.0,82.0,226.0,148.0,0.13399153737658676,0.12105263157894737,0.01622002820874471,0.6805555555555556,0.019127595054816888
2966276,3441.0,1418,157,18,64,44,3045.0,64.0,200.0,132.0,0.11071932299012693,0.11464968152866242,0.012693935119887164,0.6875,0.021018062397372743
5029530,3579.0,1417,214,47,284,229,2811.0,304.0,357.0,107.0,0.15102328863796755,0.21962616822429906,0.033168666196189134,0.8063380281690141,0.10814656705798648
2292764,3137.0,1417,67,2,24,22,3003.0,24.0,55.0,55.0,0.04728299223712068,0.029850746268656716,0.0014114326040931546,0.9166666666666666,0.007992007992007992
579105,2959.0,1415,136,22,115,90,2555.0,124.0,197.0,83.0,0.096113074204947,0.16176470588235295,0.015547703180212015,0.782608695652174,0.04853228962818004
2108531,5100.0,1415,253,65,209,137,4350.0,248.0,318.0,184.0,0.17879858657243816,0.25691699604743085,0.045936395759717315,0.6555023923444976,0.057011494252873565
2062239,3520.0,1415,116,11,33,22,3259.0,33.0,143.0,85.0,0.08197879858657244,0.09482758620689655,0.0077738515901060075,0.6666666666666666,0.010125805461798098
3289997,4425.0,1415,276,58,212,148,3657.0,243.0,410.0,115.0,0.1950530035335689,0.21014492753623187,0.04098939929328622,0.6981132075471698,0.06644790812141099
841380,3779.0,1414,204,32,112,74,3322.0,120.0,229.0,108.0,0.14427157001414428,0.1568627450980392,0.02263083451202263,0.6607142857142857,0.036122817579771226
3073794,3016.0,1410,170,20,125,97,2513.0,132.0,251.0,120.0,0.12056737588652482,0.11764705882352941,0.014184397163120567,0.776,0.05252686032630322
2210217,3515.0,1409,157,39,161,118,3010.0,185.0,260.0,60.0,0.11142654364797729,0.2484076433121019,0.027679205110007096,0.7329192546583851,0.061461794019933555
4208912,3590.0,1408,182,22,69,43,3151.0,74.0,249.0,116.0,0.12926136363636365,0.12087912087912088,0.015625,0.6231884057971014,0.023484608060933037
2729610,4165.0,1403,152,41,208,162,3657.0,221.0,181.0,106.0,0.1083392729864576,0.26973684210526316,0.029223093371347115,0.7788461538461539,0.06043204812687995
2885889,4151.0,1403,244,31,212,178,3410.0,223.0,359.0,159.0,0.17391304347826086,0.12704918032786885,0.022095509622238062,0.839622641509434,0.0653958944281525
1396829,2762.0,1402,150,23,85,56,2377.0,90.0,211.0,84.0,0.10699001426533523,0.15333333333333332,0.016405135520684736,0.6588235294117647,0.03786285233487589
1755663,2923.0,1400,146,23,103,74,2519.0,109.0,196.0,99.0,0.10428571428571429,0.15753424657534246,0.016428571428571428,0.7184466019417476,0.04327113934100834
5048805,3826.0,1398,177,19,80,61,3371.0,85.0,228.0,142.0,0.12660944206008584,0.10734463276836158,0.013590844062947067,0.7625,0.025215069712251556
4822722,5798.0,1397,287,71,316,240,4899.0,359.0,385.0,155.0,0.2054402290622763,0.24738675958188153,0.05082319255547602,0.759493670886076,0.0732802612778118
4892920,2965.0,1397,123,6,35,28,2690.0,39.0,136.0,100.0,0.08804581245526127,0.04878048780487805,0.004294917680744453,0.8,0.01449814126394052
1485156,3392.0,1395,172,37,225,180,2793.0,241.0,249.0,109.0,0.12329749103942653,0.21511627906976744,0.026523297491039426,0.8,0.08628714643752237
645856,2794.0,1395,88,7,16,9,2600.0,18.0,86.0,90.0,0.06308243727598567,0.07954545454545454,0.005017921146953405,0.5625,0.006923076923076923
669425,3138.0,1393,129,6,16,10,2866.0,21.0,165.0,86.0,0.09260588657573582,0.046511627906976744,0.004307250538406317,0.625,0.00732728541521284
1647415,3559.0,1393,198,35,160,113,3007.0,171.0,294.0,87.0,0.14213926776740848,0.17676767676767677,0.02512562814070352,0.70625,0.056867309610907885
2100611,3319.0,1392,210,53,314,247,2509.0,349.0,396.0,65.0,0.15086206896551724,0.2523809523809524,0.03807471264367816,0.7866242038216561,0.13909924272618573
1812605,4149.0,1392,121,21,60,39,3848.0,74.0,135.0,92.0,0.08692528735632184,0.17355371900826447,0.015086206896551725,0.65,0.019230769230769232
2272151,3160.0,1389,134,19,114,92,2755.0,120.0,197.0,88.0,0.0964722822174226,0.1417910447761194,0.013678905687544997,0.8070175438596491,0.043557168784029036
2326411,3492.0,1389,154,16,58,39,3155.0,58.0,204.0,75.0,0.11087113030957524,0.1038961038961039,0.011519078473722102,0.6724137931034483,0.01838351822503962
194806,2869.0,1387,102,10,44,34,2633.0,50.0,125.0,61.0,0.07354001441961067,0.09803921568627451,0.007209805335255948,0.7727272727272727,0.0189897455374098
4870077,3591.0,1387,139,11,64,49,3235.0,71.0,148.0,137.0,0.10021629416005767,0.07913669064748201,0.007930785868781542,0.765625,0.02194744976816074
4850337,2478.0,1384,59,1,4,3,2354.0,4.0,84.0,36.0,0.04263005780346821,0.01694915254237288,0.000722543352601156,0.75,0.0016992353440951572
2523199,2541.0,1381,111,10,39,29,2284.0,40.0,150.0,67.0,0.08037653874004344,0.09009009009009009,0.00724112961622013,0.7435897435897436,0.017513134851138354
4530743,4349.0,1381,122,20,58,38,4050.0,77.0,127.0,95.0,0.08834178131788559,0.16393442622950818,0.01448225923244026,0.6551724137931034,0.019012345679012346
4148477,3212.0,1381,243,17,96,78,2604.0,101.0,301.0,206.0,0.17595944967414917,0.06995884773662552,0.012309920347574221,0.8125,0.038786482334869435
4296516,5676.0,1380,157,20,59,37,5288.0,66.0,223.0,99.0,0.11376811594202899,0.12738853503184713,0.014492753623188406,0.6271186440677966,0.012481089258698942
2539470,2299.0,1380,63,1,6,5,2198.0,6.0,53.0,42.0,0.04565217391304348,0.015873015873015872,0.0007246376811594203,0.8333333333333334,0.00272975432211101
202156,1909.0,1379,40,2,8,5,1801.0,8.0,49.0,51.0,0.029006526468455404,0.05,0.0014503263234227702,0.625,0.004441976679622432
1556856,2851.0,1378,175,24,67,41,2386.0,73.0,238.0,154.0,0.1269956458635704,0.13714285714285715,0.01741654571843251,0.6119402985074627,0.030595138306789605
1451783,3204.0,1378,158,24,75,48,2840.0,76.0,206.0,82.0,0.11465892597968069,0.1518987341772152,0.01741654571843251,0.64,0.02676056338028169
221393,3515.0,1375,174,29,126,96,3018.0,134.0,266.0,97.0,0.12654545454545454,0.16666666666666666,0.02109090909090909,0.7619047619047619,0.04440026507620941
1135708,4693.0,1373,234,18,65,45,4124.0,83.0,306.0,180.0,0.1704297159504734,0.07692307692307693,0.013109978150036417,0.6923076923076923,0.020126091173617848
1768869,2567.0,1373,170,16,49,33,2112.0,50.0,246.0,159.0,0.12381646030589949,0.09411764705882353,0.011653313911143482,0.673469387755102,0.023674242424242424
2322896,3389.0,1368,143,23,145,115,2920.0,172.0,228.0,69.0,0.10453216374269006,0.16083916083916083,0.016812865497076022,0.7931034482758621,0.0589041095890411
2730467,3551.0,1366,225,51,260,201,2779.0,292.0,394.0,86.0,0.16471449487554904,0.22666666666666666,0.03733528550512445,0.7730769230769231,0.1050737675422814
1245220,3586.0,1365,105,27,139,110,3269.0,150.0,105.0,62.0,0.07692307692307693,0.2571428571428571,0.01978021978021978,0.7913669064748201,0.04588559192413582
471212,3216.0,1364,124,10,32,21,2901.0,33.0,215.0,67.0,0.09090909090909091,0.08064516129032258,0.007331378299120235,0.65625,0.011375387797311272
3819363,6007.0,1364,294,55,131,75,5241.0,141.0,405.0,220.0,0.2155425219941349,0.1870748299319728,0.04032258064516129,0.5725190839694656,0.026903262736119062
4645906,4011.0,1364,168,30,149,113,3493.0,158.0,236.0,124.0,0.12316715542521994,0.17857142857142858,0.021994134897360705,0.7583892617449665,0.04523332379043802
2538099,2927.0,1364,163,29,80,46,2530.0,80.0,210.0,107.0,0.11950146627565983,0.17791411042944785,0.02126099706744868,0.575,0.03162055335968379
3963773,4095.0,1361,112,18,60,40,3819.0,65.0,106.0,105.0,0.08229243203526819,0.16071428571428573,0.01322556943423953,0.6666666666666666,0.01702016234616392
1080925,3856.0,1356,216,22,63,39,3372.0,68.0,264.0,152.0,0.1592920353982301,0.10185185185185185,0.016224188790560472,0.6190476190476191,0.020166073546856466
3034658,4160.0,1356,168,33,101,66,3728.0,117.0,167.0,148.0,0.12389380530973451,0.19642857142857142,0.024336283185840708,0.6534653465346535,0.03138412017167382
547606,2595.0,1356,108,13,62,48,2316.0,65.0,144.0,70.0,0.07964601769911504,0.12037037037037036,0.009587020648967551,0.7741935483870968,0.028065630397236616
1431715,3519.0,1354,123,22,92,68,3155.0,105.0,171.0,88.0,0.09084194977843427,0.17886178861788618,0.01624815361890694,0.7391304347826086,0.03328050713153724
1673021,8452.0,1351,241,36,108,71,7847.0,124.0,341.0,140.0,0.17838638045891933,0.14937759336099585,0.026646928201332347,0.6574074074074074,0.015802217407926596
3901339,3055.0,1351,163,29,136,100,2562.0,148.0,272.0,73.0,0.12065136935603257,0.17791411042944785,0.02146558105107328,0.7352941176470589,0.05776736924277908
4808228,2829.0,1351,126,13,92,73,2488.0,94.0,167.0,80.0,0.09326424870466321,0.10317460317460317,0.009622501850481125,0.7934782608695652,0.03778135048231511
1248986,2925.0,1350,136,16,67,48,2607.0,74.0,170.0,74.0,0.10074074074074074,0.11764705882352941,0.011851851851851851,0.7164179104477612,0.02838511699271193
2225310,3484.0,1347,215,54,371,298,2601.0,383.0,405.0,95.0,0.15961395694135114,0.25116279069767444,0.0400890868596882,0.8032345013477089,0.14725105728565935
4954200,4823.0,1347,202,32,81,46,4305.0,98.0,207.0,213.0,0.14996288047512993,0.15841584158415842,0.023756495916852263,0.5679012345679012,0.022764227642276424
3286162,2669.0,1346,102,13,72,54,2374.0,79.0,146.0,70.0,0.07578008915304606,0.12745098039215685,0.009658246656760773,0.75,0.03327716933445661
3309245,5308.0,1346,220,28,58,27,4811.0,65.0,257.0,175.0,0.16344725111441308,0.12727272727272726,0.020802377414561663,0.46551724137931033,0.013510704635210974
2954645,2908.0,1346,152,23,88,60,2562.0,92.0,172.0,82.0,0.11292719167904904,0.1513157894736842,0.017087667161961365,0.6818181818181818,0.03590944574551132
2287226,3364.0,1345,164,12,71,57,2977.0,76.0,197.0,114.0,0.12193308550185873,0.07317073170731707,0.008921933085501859,0.8028169014084507,0.025529056096741685
1241067,3511.0,1345,208,47,154,104,2987.0,163.0,269.0,92.0,0.1546468401486989,0.22596153846153846,0.03494423791821561,0.6753246753246753,0.05456980247740208
247810,3242.0,1345,199,47,253,192,2552.0,268.0,344.0,78.0,0.1479553903345725,0.23618090452261306,0.03494423791821561,0.758893280632411,0.10501567398119123
3147850,3414.0,1343,158,28,179,144,2903.0,184.0,229.0,98.0,0.11764705882352941,0.17721518987341772,0.02084884586746091,0.8044692737430168,0.06338270754392009
2360985,4627.0,1342,237,52,158,101,3992.0,178.0,317.0,140.0,0.176602086438152,0.21940928270042195,0.038748137108792845,0.6392405063291139,0.04458917835671343
266727,2724.0,1341,118,15,63,44,2449.0,64.0,162.0,49.0,0.08799403430275914,0.1271186440677966,0.011185682326621925,0.6984126984126984,0.026133115557370357
2786309,4109.0,1340,235,57,181,123,3471.0,204.0,286.0,148.0,0.17537313432835822,0.2425531914893617,0.04253731343283582,0.6795580110497238,0.058772687986171135
3449559,4246.0,1339,211,50,211,154,3576.0,228.0,339.0,103.0,0.15758028379387604,0.23696682464454977,0.037341299477221805,0.7298578199052133,0.06375838926174497
1428744,1887.0,1339,35,0,5,5,1793.0,5.0,70.0,19.0,0.026138909634055265,0.0,0.0,1.0,0.002788622420524261
76064,3364.0,1336,144,21,93,71,2966.0,107.0,206.0,85.0,0.10778443113772455,0.14583333333333334,0.015718562874251496,0.7634408602150538,0.03607552258934592
3394581,2288.0,1335,93,12,39,27,2064.0,40.0,105.0,79.0,0.0696629213483146,0.12903225806451613,0.008988764044943821,0.6923076923076923,0.01937984496124031
982221,3285.0,1333,133,4,29,23,2991.0,30.0,190.0,74.0,0.09977494373593399,0.03007518796992481,0.003000750187546887,0.7931034482758621,0.010030090270812437
3740075,3434.0,1333,188,23,111,81,2918.0,118.0,257.0,141.0,0.14103525881470366,0.12234042553191489,0.0172543135783946,0.7297297297297297,0.04043865661411926
811638,3164.0,1331,68,2,9,7,3040.0,12.0,76.0,36.0,0.05108940646130729,0.029411764705882353,0.0015026296018031556,0.7777777777777778,0.003947368421052632
805879,4579.0,1330,180,36,101,64,4125.0,117.0,214.0,123.0,0.13533834586466165,0.2,0.02706766917293233,0.6336633663366337,0.028363636363636365
3130529,3545.0,1325,173,20,40,20,3147.0,41.0,230.0,127.0,0.13056603773584904,0.11560693641618497,0.01509433962264151,0.5,0.013028280902446775
5057769,4442.0,1325,202,29,147,109,3876.0,159.0,238.0,169.0,0.15245283018867925,0.14356435643564355,0.02188679245283019,0.7414965986394558,0.04102167182662539
3053182,3416.0,1324,92,11,33,22,3202.0,37.0,102.0,75.0,0.06948640483383686,0.11956521739130435,0.008308157099697885,0.6666666666666666,0.01155527795128045
3479353,4659.0,1324,187,23,65,40,4211.0,66.0,184.0,198.0,0.14123867069486404,0.12299465240641712,0.017371601208459216,0.6153846153846154,0.015673236760864403
2713041,3764.0,1321,268,45,249,193,2975.0,266.0,437.0,86.0,0.2028766086298259,0.16791044776119404,0.03406510219530658,0.7751004016064257,0.08941176470588236
560936,3007.0,1319,186,46,197,143,2411.0,225.0,311.0,60.0,0.14101592115238817,0.24731182795698925,0.034874905231235785,0.7258883248730964,0.09332227291580257
228360,4389.0,1317,223,19,46,26,3914.0,49.0,271.0,155.0,0.16932422171602127,0.08520179372197309,0.01442672741078208,0.5652173913043478,0.012519161982626469
5109297,2762.0,1317,133,15,124,106,2340.0,129.0,225.0,68.0,0.10098709187547457,0.11278195488721804,0.011389521640091117,0.8548387096774194,0.05512820512820513
2197032,5048.0,1317,243,31,111,78,4436.0,135.0,318.0,159.0,0.1845102505694761,0.12757201646090535,0.023538344722854973,0.7027027027027027,0.03043282236248873
1066563,3228.0,1316,119,14,35,20,2917.0,60.0,157.0,94.0,0.09042553191489362,0.11764705882352941,0.010638297872340425,0.5714285714285714,0.02056907781967775
3793843,3238.0,1315,84,21,47,23,3012.0,49.0,82.0,95.0,0.06387832699619772,0.25,0.01596958174904943,0.48936170212765956,0.016268260292164674
4956511,4476.0,1313,243,71,306,222,3679.0,323.0,385.0,89.0,0.18507235338918507,0.29218106995884774,0.05407463823305408,0.7254901960784313,0.08779559662951888
800190,4440.0,1310,240,57,267,206,3625.0,314.0,370.0,131.0,0.183206106870229,0.2375,0.04351145038167939,0.7715355805243446,0.08662068965517242
3747517,2972.0,1307,172,37,152,114,2499.0,160.0,224.0,89.0,0.1315990818668707,0.21511627906976744,0.028309104820198928,0.75,0.06402561024409764
4378501,2782.0,1307,98,16,140,117,2409.0,154.0,144.0,75.0,0.07498087222647284,0.16326530612244897,0.01224177505738332,0.8357142857142857,0.0639269406392694
3253440,4145.0,1303,185,40,142,96,3619.0,180.0,227.0,119.0,0.1419800460475825,0.21621621621621623,0.03069838833461243,0.676056338028169,0.04973749654600718
4581579,3903.0,1300,222,28,186,151,3211.0,213.0,348.0,131.0,0.17076923076923076,0.12612612612612611,0.021538461538461538,0.8118279569892473,0.06633447524135783
1281603,3586.0,1300,155,39,145,101,3121.0,159.0,178.0,128.0,0.11923076923076924,0.25161290322580643,0.03,0.696551724137931,0.05094520986863185
4528620,2985.0,1298,172,33,169,129,2461.0,184.0,236.0,104.0,0.1325115562403698,0.19186046511627908,0.025423728813559324,0.7633136094674556,0.07476635514018691
3888030,3727.0,1298,160,16,41,25,3344.0,71.0,238.0,74.0,0.12326656394453005,0.1,0.012326656394453005,0.6097560975609756,0.021232057416267942
1462965,2323.0,1297,99,15,85,63,2019.0,88.0,135.0,81.0,0.07632999228989977,0.15151515151515152,0.01156515034695451,0.7411764705882353,0.04358593363051015
2887965,2531.0,1297,104,25,108,78,2211.0,114.0,144.0,62.0,0.08018504240555127,0.2403846153846154,0.01927525057825752,0.7222222222222222,0.051560379918588875
1014423,6854.0,1296,275,55,161,103,6134.0,189.0,361.0,170.0,0.21219135802469136,0.2,0.04243827160493827,0.639751552795031,0.03081186827518748
414708,3077.0,1290,153,36,279,227,2460.0,288.0,260.0,69.0,0.1186046511627907,0.23529411764705882,0.027906976744186046,0.8136200716845878,0.11707317073170732
2836371,3936.0,1289,117,9,23,14,3626.0,36.0,143.0,131.0,0.09076803723816912,0.07692307692307693,0.0069821567106283944,0.6086956521739131,0.009928295642581356
2652344,1876.0,1287,59,7,15,7,1669.0,16.0,129.0,62.0,0.04584304584304584,0.11864406779661017,0.005439005439005439,0.4666666666666667,0.009586578789694428
341057,5600.0,1286,154,10,35,24,5275.0,36.0,179.0,110.0,0.11975116640746501,0.06493506493506493,0.007776049766718507,0.6857142857142857,0.006824644549763033
2582254,3908.0,1285,230,65,233,162,3165.0,296.0,364.0,83.0,0.17898832684824903,0.2826086956521739,0.05058365758754864,0.6952789699570815,0.09352290679304898
454555,3321.0,1285,164,10,19,9,3039.0,22.0,156.0,104.0,0.12762645914396886,0.06097560975609756,0.007782101167315175,0.47368421052631576,0.007239223428759461
3046934,2461.0,1285,64,9,22,13,2289.0,27.0,102.0,43.0,0.049805447470817124,0.140625,0.007003891050583658,0.5909090909090909,0.011795543905635648
2825431,3922.0,1285,163,35,132,95,3438.0,164.0,240.0,80.0,0.12684824902723735,0.2147239263803681,0.027237354085603113,0.7196969696969697,0.0477021524141943
1177618,3264.0,1284,197,21,89,66,2739.0,94.0,298.0,133.0,0.15342679127725856,0.1065989847715736,0.016355140186915886,0.7415730337078652,0.03431909456005842
653249,3048.0,1284,122,19,90,67,2723.0,92.0,151.0,82.0,0.09501557632398754,0.1557377049180328,0.014797507788161994,0.7444444444444445,0.033786265148733015
1988611,3228.0,1282,152,37,189,147,2678.0,203.0,231.0,116.0,0.11856474258970359,0.24342105263157895,0.028861154446177848,0.7777777777777778,0.07580283793876028
2001772,2783.0,1282,107,9,32,23,2538.0,37.0,137.0,71.0,0.08346333853354135,0.08411214953271028,0.0070202808112324495,0.71875,0.014578408195429472
1569885,4657.0,1281,174,24,64,36,4253.0,68.0,199.0,137.0,0.1358313817330211,0.13793103448275862,0.01873536299765808,0.5625,0.01598871384904773
2064458,2838.0,1280,131,21,81,58,2458.0,98.0,200.0,82.0,0.10234375,0.16030534351145037,0.01640625,0.7160493827160493,0.03986981285598047
2513189,2881.0,1278,143,15,37,21,2525.0,42.0,219.0,95.0,0.11189358372456965,0.1048951048951049,0.011737089201877934,0.5675675675675675,0.016633663366336635
1418582,3499.0,1276,183,33,192,157,2917.0,204.0,267.0,111.0,0.14341692789968652,0.18032786885245902,0.02586206896551724,0.8177083333333334,0.06993486458690436
1893541,3066.0,1274,150,25,113,83,2697.0,122.0,164.0,83.0,0.11773940345368916,0.16666666666666666,0.019623233908948195,0.7345132743362832,0.04523544679273266
2554987,3474.0,1273,183,36,206,159,2867.0,226.0,270.0,111.0,0.14375490966221524,0.19672131147540983,0.028279654359780047,0.7718446601941747,0.0788280432507848
4970240,2441.0,1272,108,21,61,37,2172.0,70.0,134.0,65.0,0.08490566037735849,0.19444444444444445,0.01650943396226415,0.6065573770491803,0.03222836095764273
2193925,2936.0,1272,132,14,67,48,2575.0,70.0,204.0,87.0,0.10377358490566038,0.10606060606060606,0.0110062893081761,0.7164179104477612,0.027184466019417475
872572,2045.0,1272,77,4,13,8,1836.0,14.0,95.0,100.0,0.060534591194968554,0.05194805194805195,0.0031446540880503146,0.6153846153846154,0.007625272331154684
3097358,1849.0,1271,68,12,25,12,1700.0,25.0,74.0,50.0,0.05350118017309206,0.17647058823529413,0.00944138473642801,0.48,0.014705882352941176
708574,4247.0,1271,197,14,26,12,3823.0,32.0,252.0,140.0,0.15499606608969316,0.07106598984771574,0.011014948859166011,0.46153846153846156,0.00837038974627256
2111279,4554.0,1269,211,62,129,64,4020.0,139.0,249.0,146.0,0.16627265563435775,0.2938388625592417,0.04885736800630418,0.49612403100775193,0.0345771144278607
1487638,5056.0,1265,121,10,17,7,4821.0,18.0,107.0,110.0,0.09565217391304348,0.08264462809917356,0.007905138339920948,0.4117647058823529,0.00373366521468575
3790162,2791.0,1264,136,22,132,105,2363.0,143.0,247.0,38.0,0.10759493670886076,0.16176470588235295,0.01740506329113924,0.7954545454545454,0.060516292848074485
3038961,3069.0,1262,76,0,2,2,2941.0,2.0,65.0,61.0,0.060221870047543584,0.0,0.0,1.0,0.0006800408024481469
4113220,3341.0,1260,200,43,176,123,2718.0,186.0,339.0,98.0,0.15873015873015872,0.215,0.034126984126984124,0.6988636363636364,0.0684326710816777
3849096,3883.0,1259,227,67,358,276,2951.0,402.0,386.0,144.0,0.18030182684670373,0.29515418502202645,0.05321683876092136,0.770949720670391,0.13622500847170452
4943103,4477.0,1256,271,63,306,238,3613.0,343.0,355.0,166.0,0.2157643312101911,0.23247232472324722,0.05015923566878981,0.7777777777777778,0.0949349570993634
148169,2112.0,1256,65,8,20,12,1966.0,21.0,68.0,57.0,0.0517515923566879,0.12307692307692308,0.006369426751592357,0.6,0.010681586978636826
4695078,3535.0,1256,142,19,111,92,3195.0,117.0,149.0,74.0,0.11305732484076433,0.13380281690140844,0.015127388535031847,0.8288288288288288,0.036619718309859155
4942468,3541.0,1254,182,40,172,127,2974.0,182.0,266.0,119.0,0.14513556618819776,0.21978021978021978,0.03189792663476874,0.7383720930232558,0.06119704102219233
4772448,3067.0,1254,141,20,114,89,2651.0,124.0,123.0,169.0,0.11244019138755981,0.14184397163120568,0.01594896331738437,0.7807017543859649,0.046774801961523955
2165636,4249.0,1254,180,52,205,147,3558.0,332.0,266.0,93.0,0.14354066985645933,0.28888888888888886,0.04146730462519936,0.7170731707317073,0.09331084879145587
2616773,3592.0,1253,190,32,129,94,3103.0,142.0,269.0,78.0,0.1516360734237829,0.16842105263157894,0.025538707102952914,0.7286821705426356,0.045762165646148885
4018900,3296.0,1253,169,31,220,186,2692.0,235.0,270.0,99.0,0.13487629688747008,0.1834319526627219,0.024740622505985636,0.8454545454545455,0.08729569093610698
3173741,4183.0,1252,224,20,66,42,3657.0,73.0,283.0,170.0,0.17891373801916932,0.08928571428571429,0.01597444089456869,0.6363636363636364,0.019961717254580257
314028,2767.0,1252,138,18,77,56,2413.0,85.0,213.0,56.0,0.11022364217252396,0.13043478260869565,0.01437699680511182,0.7272727272727273,0.035225859925404064
3446865,2702.0,1252,92,10,33,23,2485.0,41.0,100.0,76.0,0.07348242811501597,0.10869565217391304,0.007987220447284345,0.696969696969697,0.016498993963782696
4257541,3775.0,1251,201,64,285,214,3075.0,300.0,308.0,92.0,0.1606714628297362,0.31840796019900497,0.051159072741806554,0.7508771929824561,0.0975609756097561
1961543,3353.0,1250,130,16,81,63,3004.0,83.0,182.0,84.0,0.104,0.12307692307692308,0.0128,0.7777777777777778,0.02762982689747004
2467853,2397.0,1249,95,17,73,54,2105.0,96.0,140.0,56.0,0.07606084867894315,0.17894736842105263,0.013610888710968775,0.7397260273972602,0.04560570071258908
4205050,3279.0,1248,164,19,41,22,2973.0,42.0,158.0,106.0,0.13141025641025642,0.11585365853658537,0.015224358974358974,0.5365853658536586,0.014127144298688193
3674869,2422.0,1247,130,15,32,16,2120.0,33.0,191.0,78.0,0.10425020048115477,0.11538461538461539,0.012028869286287089,0.5,0.015566037735849057
2577860,2182.0,1244,69,5,6,1,2011.0,8.0,90.0,73.0,0.05546623794212219,0.07246376811594203,0.0040192926045016075,0.16666666666666666,0.003978120338140228
5101104,2749.0,1241,103,7,19,10,2473.0,23.0,161.0,92.0,0.08299758259468171,0.06796116504854369,0.0056406124093473006,0.5263157894736842,0.009300444803881924
5052842,4104.0,1240,211,33,101,65,3389.0,185.0,370.0,160.0,0.17016129032258065,0.15639810426540285,0.02661290322580645,0.6435643564356436,0.05458837415166716
906010,2414.0,1240,118,14,40,26,2128.0,45.0,151.0,90.0,0.09516129032258064,0.11864406779661017,0.01129032258064516,0.65,0.021146616541353382
4656948,5610.0,1238,184,45,111,64,5072.0,175.0,291.0,72.0,0.14862681744749595,0.24456521739130435,0.036348949919224556,0.5765765765765766,0.03450315457413249
2345211,4569.0,1237,178,32,112,79,4109.0,127.0,222.0,111.0,0.1438965238480194,0.1797752808988764,0.025869037995149554,0.7053571428571429,0.03090776344609394
2179307,1856.0,1235,29,0,7,7,1762.0,7.0,49.0,38.0,0.02348178137651822,0.0,0.0,1.0,0.003972758229284903
666497,2703.0,1233,134,17,77,57,2322.0,87.0,217.0,77.0,0.10867802108678021,0.12686567164179105,0.013787510137875101,0.7402597402597403,0.037467700258397935
4537798,5395.0,1231,171,44,112,66,4953.0,125.0,246.0,71.0,0.1389114541023558,0.2573099415204678,0.03574329813160033,0.5892857142857143,0.02523722996163941
4044118,3397.0,1230,152,19,59,37,3043.0,66.0,205.0,83.0,0.12357723577235773,0.125,0.015447154471544716,0.6271186440677966,0.021689122576404863
722797,2469.0,1229,68,5,19,14,2309.0,21.0,68.0,71.0,0.05532953620829943,0.07352941176470588,0.0040683482506102524,0.7368421052631579,0.009094846253789519
856543,2963.0,1226,128,13,56,42,2647.0,62.0,169.0,85.0,0.10440456769983687,0.1015625,0.010603588907014683,0.75,0.02342274272761617
1436758,2241.0,1224,55,7,37,28,2024.0,40.0,92.0,85.0,0.04493464052287582,0.12727272727272726,0.005718954248366013,0.7567567567567568,0.019762845849802372
1004392,2526.0,1221,137,8,43,35,2242.0,44.0,175.0,65.0,0.1122031122031122,0.058394160583941604,0.006552006552006552,0.813953488372093,0.019625334522747548
4912031,2169.0,1217,81,10,39,25,1946.0,41.0,125.0,57.0,0.06655710764174198,0.12345679012345678,0.008216926869350863,0.6410256410256411,0.0210688591983556
4804081,3722.0,1216,100,7,46,39,3479.0,73.0,96.0,74.0,0.08223684210526316,0.07,0.005756578947368421,0.8478260869565217,0.02098304110376545
4718542,7115.0,1214,157,15,82,66,6667.0,90.0,248.0,110.0,0.12932454695222406,0.09554140127388536,0.012355848434925865,0.8048780487804879,0.013499325033748313
80482,3259.0,1211,162,33,137,99,2812.0,144.0,213.0,90.0,0.1337737407101569,0.2037037037037037,0.027250206440957887,0.7226277372262774,0.051209103840682786
4211850,3923.0,1210,140,16,52,35,3586.0,53.0,168.0,116.0,0.11570247933884298,0.11428571428571428,0.013223140495867768,0.6730769230769231,0.014779698828778583
1356029,3466.0,1209,136,22,142,118,3075.0,160.0,136.0,95.0,0.11248966087675766,0.16176470588235295,0.018196856906534328,0.8309859154929577,0.05203252032520325
1037905,3366.0,1209,143,14,23,9,3093.0,24.0,173.0,76.0,0.11827956989247312,0.0979020979020979,0.011579818031430935,0.391304347826087,0.007759456838021339
2223246,2996.0,1209,211,49,255,190,2274.0,285.0,363.0,74.0,0.17452440033085195,0.23222748815165878,0.04052936311000827,0.7450980392156863,0.12532981530343007
4555262,2091.0,1208,21,3,24,21,2028.0,29.0,0.0,34.0,0.0173841059602649,0.14285714285714285,0.0024834437086092716,0.875,0.014299802761341223
2588049,2416.0,1207,115,20,85,63,2089.0,89.0,148.0,90.0,0.09527754763877382,0.17391304347826086,0.016570008285004142,0.7411764705882353,0.04260411680229775
3336019,2851.0,1207,152,38,198,156,2295.0,224.0,255.0,77.0,0.1259320629660315,0.25,0.03148301574150787,0.7878787878787878,0.09760348583877995
499049,4224.0,1206,167,29,65,36,3796.0,75.0,230.0,123.0,0.1384742951907131,0.17365269461077845,0.02404643449419569,0.5538461538461539,0.01975763962065332
4854759,2546.0,1204,128,21,311,278,1864.0,324.0,263.0,95.0,0.10631229235880399,0.1640625,0.01744186046511628,0.8938906752411575,0.17381974248927037
3300651,2982.0,1203,162,18,53,35,2632.0,54.0,191.0,105.0,0.13466334164588528,0.1111111111111111,0.014962593516209476,0.660377358490566,0.020516717325227963
420556,4064.0,1203,203,47,226,174,3399.0,281.0,315.0,69.0,0.16874480465502908,0.2315270935960591,0.03906899418121363,0.7699115044247787,0.08267137393350986
2102739,4368.0,1200,239,72,387,302,3481.0,426.0,368.0,93.0,0.19916666666666666,0.301255230125523,0.06,0.7803617571059431,0.1223786268313703
1264320,3418.0,1200,120,27,147,119,3050.0,158.0,150.0,60.0,0.1,0.225,0.0225,0.8095238095238095,0.05180327868852459
7769,2366.0,1200,103,18,84,64,2073.0,87.0,129.0,77.0,0.08583333333333333,0.17475728155339806,0.015,0.7619047619047619,0.041968162083936326
2612425,5079.0,1199,215,55,191,133,4473.0,210.0,271.0,125.0,0.1793160967472894,0.2558139534883721,0.045871559633027525,0.6963350785340314,0.046948356807511735
1721893,3508.0,1197,148,50,280,221,2923.0,296.0,211.0,78.0,0.12364243943191311,0.33783783783783783,0.04177109440267335,0.7892857142857143,0.10126582278481013
2935574,5673.0,1196,174,47,128,80,5185.0,144.0,240.0,104.0,0.1454849498327759,0.27011494252873564,0.039297658862876256,0.625,0.02777242044358727
954435,2396.0,1196,124,10,35,25,2086.0,39.0,152.0,119.0,0.10367892976588629,0.08064516129032258,0.008361204013377926,0.7142857142857143,0.018696069031639503
3092571,3320.0,1196,153,36,176,133,2756.0,192.0,246.0,126.0,0.12792642140468227,0.23529411764705882,0.030100334448160536,0.7556818181818182,0.06966618287373004
3190175,4277.0,1194,120,12,24,12,3968.0,26.0,171.0,112.0,0.10050251256281408,0.1,0.010050251256281407,0.5,0.00655241935483871
3572920,2776.0,1194,167,26,128,97,2280.0,142.0,266.0,88.0,0.13986599664991625,0.15568862275449102,0.021775544388609715,0.7578125,0.062280701754385964
807963,3256.0,1194,109,15,71,50,2965.0,84.0,132.0,75.0,0.09128978224455611,0.13761467889908258,0.01256281407035176,0.704225352112676,0.02833052276559865
4181817,3106.0,1193,140,26,210,180,2599.0,227.0,225.0,55.0,0.1173512154233026,0.18571428571428572,0.02179379715004191,0.8571428571428571,0.08734128510965757
1488577,2965.0,1193,105,11,39,28,2734.0,42.0,140.0,49.0,0.08801341156747695,0.10476190476190476,0.009220452640402346,0.717948717948718,0.015362106803218726
4564007,3070.0,1193,134,32,269,225,2505.0,285.0,235.0,45.0,0.11232187761944677,0.23880597014925373,0.026823134953897737,0.8364312267657993,0.11377245508982035
1589379,2908.0,1193,151,19,62,39,2566.0,68.0,196.0,78.0,0.12657166806370496,0.12582781456953643,0.01592623637887678,0.6290322580645161,0.026500389711613406
2869260,2728.0,1192,145,35,189,151,2229.0,229.0,213.0,57.0,0.12164429530201343,0.2413793103448276,0.02936241610738255,0.798941798941799,0.10273665320771647
3232886,3737.0,1192,162,23,124,99,3306.0,138.0,222.0,71.0,0.13590604026845637,0.1419753086419753,0.01929530201342282,0.7983870967741935,0.041742286751361164
3358615,2129.0,1191,34,1,6,5,2042.0,7.0,44.0,36.0,0.028547439126784216,0.029411764705882353,0.0008396305625524769,0.8333333333333334,0.0034280117531831538
1922400,3293.0,1190,207,30,150,113,2719.0,159.0,302.0,113.0,0.17394957983193277,0.14492753623188406,0.025210084033613446,0.7533333333333333,0.05847738139021699
3706169,3240.0,1189,168,37,146,104,2740.0,153.0,236.0,111.0,0.14129520605550883,0.22023809523809523,0.031118587047939444,0.7123287671232876,0.05583941605839416
4315564,3726.0,1188,86,3,10,6,3516.0,11.0,115.0,84.0,0.0723905723905724,0.03488372093023256,0.0025252525252525255,0.6,0.0031285551763367463
329040,4232.0,1188,196,9,16,7,3805.0,20.0,203.0,204.0,0.16498316498316498,0.04591836734693878,0.007575757575757576,0.4375,0.005256241787122208
5148696,3634.0,1188,141,34,134,97,3213.0,167.0,186.0,68.0,0.11868686868686869,0.24113475177304963,0.02861952861952862,0.7238805970149254,0.05197634609399315
2718588,3022.0,1188,201,22,96,70,2501.0,107.0,300.0,114.0,0.1691919191919192,0.10945273631840796,0.018518518518518517,0.7291666666666666,0.042782886845261894
1448912,4019.0,1188,234,34,129,92,3405.0,132.0,375.0,107.0,0.19696969696969696,0.1452991452991453,0.02861952861952862,0.7131782945736435,0.038766519823788544
2505343,3210.0,1187,126,23,102,75,2866.0,104.0,154.0,86.0,0.10614995787700084,0.18253968253968253,0.019376579612468407,0.7352941176470589,0.03628750872295883
1345364,2890.0,1185,123,22,161,133,2490.0,168.0,169.0,63.0,0.10379746835443038,0.17886178861788618,0.018565400843881856,0.8260869565217391,0.06746987951807229
3257290,4762.0,1184,239,47,203,153,4099.0,222.0,293.0,148.0,0.20185810810810811,0.19665271966527198,0.03969594594594594,0.7536945812807881,0.054159551110026835
2988293,3042.0,1183,65,10,77,65,2815.0,93.0,30.0,104.0,0.054945054945054944,0.15384615384615385,0.0084530853761623,0.8441558441558441,0.0330373001776199
112445,2601.0,1181,26,5,220,215,2228.0,332.0,0.0,41.0,0.02201524132091448,0.19230769230769232,0.004233700254022015,0.9772727272727273,0.1490125673249551
2064089,2712.0,1179,97,12,27,14,2506.0,32.0,140.0,34.0,0.08227311280746395,0.12371134020618557,0.010178117048346057,0.5185185185185185,0.012769353551476457
4736710,3745.0,1179,124,17,58,41,3433.0,70.0,156.0,86.0,0.10517387616624257,0.13709677419354838,0.01441899915182358,0.7068965517241379,0.020390329158170697
1151753,3959.0,1178,152,24,108,82,3564.0,118.0,215.0,62.0,0.12903225806451613,0.15789473684210525,0.02037351443123939,0.7592592592592593,0.03310886644219978
2428385,1321.0,1177,10,0,5,4,1282.0,8.0,12.0,19.0,0.008496176720475786,0.0,0.0,0.8,0.0062402496099844
4282985,3765.0,1177,126,9,23,13,3511.0,27.0,161.0,66.0,0.1070518266779949,0.07142857142857142,0.0076465590484282074,0.5652173913043478,0.007690116775847337
2609943,2734.0,1177,74,17,93,73,2510.0,94.0,88.0,42.0,0.06287170773152082,0.22972972972972974,0.014443500424808835,0.7849462365591398,0.03745019920318725
1876707,3309.0,1176,182,27,88,61,2911.0,95.0,217.0,86.0,0.15476190476190477,0.14835164835164835,0.02295918367346939,0.6931818181818182,0.032634833390587425
4435957,5448.0,1175,166,58,139,78,4791.0,260.0,317.0,80.0,0.14127659574468085,0.3493975903614458,0.04936170212765958,0.5611510791366906,0.05426841995408057
516198,2591.0,1174,119,21,73,48,2292.0,77.0,158.0,64.0,0.10136286201022146,0.17647058823529413,0.01788756388415673,0.6575342465753424,0.033595113438045374
3206951,3465.0,1173,245,33,109,73,2875.0,125.0,359.0,106.0,0.20886615515771526,0.1346938775510204,0.028132992327365727,0.6697247706422018,0.043478260869565216
3084958,3680.0,1169,98,10,66,56,3430.0,70.0,139.0,41.0,0.08383233532934131,0.10204081632653061,0.00855431993156544,0.8484848484848485,0.02040816326530612
1240688,4100.0,1167,240,46,140,88,3468.0,169.0,313.0,150.0,0.20565552699228792,0.19166666666666668,0.03941730934018852,0.6285714285714286,0.04873125720876586
1398739,3753.0,1167,230,67,318,241,2966.0,335.0,270.0,182.0,0.19708654670094258,0.29130434782608694,0.05741216795201371,0.7578616352201258,0.11294672960215779
4432036,2501.0,1167,103,15,56,39,2227.0,63.0,118.0,93.0,0.08826049700085689,0.14563106796116504,0.012853470437017995,0.6964285714285714,0.02828917826672654
3285641,1838.0,1167,86,10,70,52,1526.0,71.0,168.0,73.0,0.07369323050556983,0.11627906976744186,0.00856898029134533,0.7428571428571429,0.04652686762778506
4756730,2336.0,1166,64,8,77,65,2145.0,81.0,66.0,44.0,0.0548885077186964,0.125,0.00686106346483705,0.8441558441558441,0.03776223776223776
1956773,2966.0,1166,128,18,73,52,2604.0,78.0,159.0,125.0,0.1097770154373928,0.140625,0.015437392795883362,0.7123287671232876,0.029953917050691243
378056,3591.0,1166,169,34,157,114,3059.0,213.0,217.0,102.0,0.14493996569468268,0.20118343195266272,0.029159519725557463,0.7261146496815286,0.06963059823471723
3138353,4396.0,1165,202,44,106,60,3887.0,126.0,258.0,125.0,0.17339055793991417,0.21782178217821782,0.03776824034334764,0.5660377358490566,0.03241574479032673
276158,3323.0,1165,194,42,188,137,2725.0,211.0,305.0,82.0,0.16652360515021458,0.21649484536082475,0.036051502145922745,0.7287234042553191,0.07743119266055046
1635619,3180.0,1164,193,20,57,37,2667.0,66.0,253.0,194.0,0.16580756013745704,0.10362694300518134,0.01718213058419244,0.6491228070175439,0.024746906636670417
2818202,2642.0,1163,115,34,139,102,2261.0,166.0,152.0,63.0,0.09888220120378331,0.2956521739130435,0.029234737747205503,0.7338129496402878,0.0734188412206988
1950665,3645.0,1162,144,28,106,78,3247.0,110.0,168.0,120.0,0.12392426850258176,0.19444444444444445,0.024096385542168676,0.7358490566037735,0.03387742531567601
2809407,5044.0,1160,189,45,191,144,4475.0,214.0,272.0,83.0,0.1629310344827586,0.23809523809523808,0.03879310344827586,0.7539267015706806,0.04782122905027933
2360839,5538.0,1160,254,70,176,103,4843.0,208.0,327.0,160.0,0.2189655172413793,0.2755905511811024,0.0603448275862069,0.5852272727272727,0.0429485855874458
4758695,2477.0,1160,91,12,42,30,2238.0,50.0,119.0,70.0,0.07844827586206897,0.13186813186813187,0.010344827586206896,0.7142857142857143,0.022341376228775692
2129263,1956.0,1160,66,10,52,39,1733.0,58.0,101.0,64.0,0.056896551724137934,0.15151515151515152,0.008620689655172414,0.75,0.03346797461050202
1149385,2620.0,1158,133,19,70,44,2261.0,84.0,213.0,62.0,0.114853195164076,0.14285714285714285,0.016407599309153715,0.6285714285714286,0.03715170278637771
2037779,2501.0,1157,83,13,44,30,2288.0,44.0,99.0,70.0,0.07173725151253241,0.1566265060240964,0.011235955056179775,0.6818181818181818,0.019230769230769232
4806751,3513.0,1156,112,23,100,76,3187.0,133.0,123.0,70.0,0.09688581314878893,0.20535714285714285,0.019896193771626297,0.76,0.04173203639786633
3825436,2581.0,1155,154,40,182,134,2072.0,189.0,231.0,89.0,0.13333333333333333,0.2597402597402597,0.03463203463203463,0.7362637362637363,0.09121621621621621
2835439,2673.0,1152,77,0,3,3,2529.0,3.0,74.0,67.0,0.06684027777777778,0.0,0.0,1.0,0.0011862396204033216
3011767,2792.0,1152,112,17,109,88,2423.0,116.0,184.0,69.0,0.09722222222222222,0.15178571428571427,0.014756944444444444,0.8073394495412844,0.047874535699546014
2860698,2754.0,1152,128,21,59,37,2429.0,59.0,180.0,86.0,0.1111111111111111,0.1640625,0.018229166666666668,0.6271186440677966,0.02428983120625772
944342,1994.0,1148,88,4,18,13,1801.0,18.0,100.0,75.0,0.07665505226480836,0.045454545454545456,0.003484320557491289,0.7222222222222222,0.009994447529150472
886708,1973.0,1147,92,8,48,38,1728.0,50.0,141.0,54.0,0.08020924149956409,0.08695652173913043,0.006974716652136007,0.7916666666666666,0.028935185185185185
2471992,1540.0,1145,53,4,19,15,1349.0,19.0,85.0,87.0,0.0462882096069869,0.07547169811320754,0.0034934497816593887,0.7894736842105263,0.014084507042253521
4085342,4716.0,1145,232,58,179,120,4082.0,195.0,298.0,141.0,0.20262008733624454,0.25,0.050655021834061134,0.6703910614525139,0.04777070063694268
2565960,2987.0,1144,103,3,5,1,2732.0,5.0,118.0,132.0,0.09003496503496504,0.02912621359223301,0.0026223776223776225,0.2,0.0018301610541727673
5043656,2834.0,1143,166,26,123,93,2322.0,138.0,232.0,142.0,0.1452318460192476,0.1566265060240964,0.022747156605424323,0.7560975609756098,0.059431524547803614
3759918,3407.0,1142,201,42,384,334,2624.0,396.0,298.0,89.0,0.17600700525394045,0.208955223880597,0.03677758318739054,0.8697916666666666,0.15091463414634146
561067,2396.0,1142,74,6,26,18,2233.0,31.0,85.0,47.0,0.0647985989492119,0.08108108108108109,0.005253940455341506,0.6923076923076923,0.013882669055082848
1484280,2333.0,1140,26,1,10,9,2263.0,10.0,12.0,48.0,0.02280701754385965,0.038461538461538464,0.0008771929824561404,0.9,0.004418912947414936
1176344,2951.0,1139,144,25,86,59,2568.0,99.0,181.0,103.0,0.1264266900790167,0.1736111111111111,0.021949078138718173,0.686046511627907,0.038551401869158876
2662466,3142.0,1135,171,46,266,209,2535.0,274.0,262.0,71.0,0.15066079295154186,0.26900584795321636,0.04052863436123348,0.7857142857142857,0.10808678500986194
2512930,2430.0,1132,104,23,84,60,2121.0,92.0,144.0,73.0,0.09187279151943463,0.22115384615384615,0.020318021201413426,0.7142857142857143,0.04337576614804337
1763474,2289.0,1132,73,4,9,5,2149.0,9.0,78.0,53.0,0.06448763250883392,0.0547945205479452,0.0035335689045936395,0.5555555555555556,0.004187994416007445
5045220,3235.0,1131,189,33,161,121,2697.0,174.0,294.0,70.0,0.16710875331564987,0.1746031746031746,0.029177718832891247,0.7515527950310559,0.06451612903225806
1384330,3318.0,1131,207,36,101,62,2813.0,104.0,296.0,105.0,0.1830238726790451,0.17391304347826086,0.03183023872679045,0.6138613861386139,0.03697120511908994
2923390,2430.0,1128,45,2,14,12,2345.0,17.0,39.0,29.0,0.0398936170212766,0.044444444444444446,0.0017730496453900709,0.8571428571428571,0.007249466950959489
2289814,4117.0,1123,170,16,48,29,3682.0,57.0,227.0,151.0,0.15138023152270705,0.09411764705882353,0.014247551202137132,0.6041666666666666,0.015480717001629549
1298828,3167.0,1123,184,36,136,95,2681.0,145.0,231.0,110.0,0.163846838824577,0.1956521739130435,0.032056990204808546,0.6985294117647058,0.054084296904140246
3154173,3188.0,1122,159,40,196,148,2643.0,211.0,270.0,64.0,0.14171122994652408,0.25157232704402516,0.035650623885918005,0.7551020408163265,0.07983352251229663
519791,4026.0,1120,139,20,79,57,3678.0,91.0,193.0,64.0,0.12410714285714286,0.14388489208633093,0.017857142857142856,0.7215189873417721,0.024741707449700924
1902627,2602.0,1119,155,25,78,50,2206.0,81.0,212.0,103.0,0.1385165326184093,0.16129032258064516,0.022341376228775692,0.6410256410256411,0.03671804170444243
1239912,2597.0,1118,104,16,75,58,2291.0,81.0,126.0,99.0,0.09302325581395349,0.15384615384615385,0.014311270125223614,0.7733333333333333,0.03535573985159319
3662596,4115.0,1118,170,34,102,68,3649.0,128.0,252.0,86.0,0.1520572450805009,0.2,0.03041144901610018,0.6666666666666666,0.03507810359002467
3028501,3034.0,1117,183,29,111,76,2485.0,120.0,277.0,152.0,0.1638316920322292,0.15846994535519127,0.025962399283795883,0.6846846846846847,0.0482897384305835
2125732,2424.0,1116,40,1,2,1,2358.0,2.0,40.0,24.0,0.035842293906810034,0.025,0.0008960573476702509,0.5,0.0008481764206955047
1461887,2373.0,1116,125,35,298,234,1653.0,327.0,326.0,67.0,0.11200716845878136,0.28,0.03136200716845878,0.785234899328859,0.19782214156079855
1032185,3410.0,1115,175,44,163,110,2835.0,178.0,290.0,107.0,0.15695067264573992,0.25142857142857145,0.039461883408071746,0.6748466257668712,0.06278659611992946
2270398,1343.0,1114,21,4,16,9,1271.0,16.0,34.0,22.0,0.018850987432675045,0.19047619047619047,0.003590664272890485,0.5625,0.012588512981904013
4426917,1874.0,1114,76,5,23,16,1676.0,26.0,97.0,75.0,0.06822262118491922,0.06578947368421052,0.004488330341113106,0.6956521739130435,0.015513126491646777
2281156,5726.0,1113,273,76,225,148,4894.0,311.0,389.0,132.0,0.24528301886792453,0.2783882783882784,0.06828391734052111,0.6577777777777778,0.06354720065386187
4356440,2732.0,1112,153,34,233,187,2128.0,255.0,294.0,55.0,0.13758992805755396,0.2222222222222222,0.030575539568345324,0.8025751072961373,0.11983082706766918
2587645,2577.0,1111,9,0,2,2,2562.0,2.0,0.0,13.0,0.008100810081008101,0.0,0.0,1.0,0.00078064012490242
4182213,2306.0,1111,97,9,19,9,2084.0,21.0,97.0,104.0,0.08730873087308731,0.09278350515463918,0.008100810081008101,0.47368421052631576,0.010076775431861805
4227487,2841.0,1110,33,6,94,86,2667.0,107.0,35.0,32.0,0.02972972972972973,0.18181818181818182,0.005405405405405406,0.9148936170212766,0.04011998500187477
2285181,1962.0,1108,39,4,6,2,1890.0,6.0,46.0,20.0,0.0351985559566787,0.10256410256410256,0.0036101083032490976,0.3333333333333333,0.0031746031746031746
1769043,3211.0,1107,164,40,201,151,2675.0,209.0,247.0,80.0,0.14814814814814814,0.24390243902439024,0.036133694670280034,0.7512437810945274,0.07813084112149532
2566328,1963.0,1105,91,15,55,35,1724.0,59.0,116.0,64.0,0.08235294117647059,0.16483516483516483,0.013574660633484163,0.6363636363636364,0.034222737819025524
2105685,1795.0,1105,35,6,17,10,1685.0,18.0,38.0,54.0,0.03167420814479638,0.17142857142857143,0.005429864253393665,0.5882352941176471,0.010682492581602374
2449664,2737.0,1104,129,22,115,89,2353.0,133.0,197.0,54.0,0.11684782608695653,0.17054263565891473,0.019927536231884056,0.7739130434782608,0.056523586910327245
1360711,1883.0,1101,69,6,35,28,1716.0,40.0,103.0,24.0,0.06267029972752043,0.08695652173913043,0.005449591280653951,0.8,0.023310023310023312
4156438,3475.0,1101,238,51,145,89,2787.0,159.0,369.0,160.0,0.2161671207992734,0.21428571428571427,0.04632152588555858,0.6137931034482759,0.05705059203444564
194104,2877.0,1100,24,8,943,934,1803.0,1021.0,0.0,53.0,0.02181818181818182,0.3333333333333333,0.007272727272727273,0.9904559915164369,0.5662784248474765
5083254,2755.0,1098,184,32,120,84,2226.0,128.0,271.0,130.0,0.16757741347905283,0.17391304347826086,0.029143897996357013,0.7,0.05750224618149147
4185664,2574.0,1095,132,29,174,139,2122.0,199.0,199.0,54.0,0.12054794520547946,0.2196969696969697,0.026484018264840183,0.7988505747126436,0.0937794533459001
1833532,2089.0,1095,101,13,108,92,1689.0,114.0,195.0,91.0,0.09223744292237443,0.12871287128712872,0.011872146118721462,0.8518518518518519,0.0674955595026643
3236397,3209.0,1092,195,34,196,151,2565.0,212.0,336.0,96.0,0.17857142857142858,0.17435897435897435,0.031135531135531136,0.7704081632653061,0.08265107212475634
182358,4303.0,1090,181,52,270,214,3683.0,291.0,248.0,81.0,0.16605504587155964,0.287292817679558,0.047706422018348627,0.7925925925925926,0.07901167526472984
3600397,1706.0,1088,54,8,35,27,1547.0,37.0,82.0,40.0,0.04963235294117647,0.14814814814814814,0.007352941176470588,0.7714285714285715,0.023917259211376857
2559771,3533.0,1087,153,10,27,15,3244.0,32.0,138.0,119.0,0.140754369825207,0.06535947712418301,0.00919963201471941,0.5555555555555556,0.009864364981504316
784204,1848.0,1085,78,14,61,47,1623.0,64.0,121.0,40.0,0.07188940092165899,0.1794871794871795,0.012903225806451613,0.7704918032786885,0.039433148490449786
3432990,2447.0,1084,128,23,129,104,2066.0,139.0,160.0,82.0,0.11808118081180811,0.1796875,0.021217712177121772,0.8062015503875969,0.06727976766698936
4217061,3172.0,1083,72,1,4,3,3057.0,4.0,57.0,54.0,0.0664819944598338,0.013888888888888888,0.0009233610341643582,0.75,0.0013084723585214263
717033,3017.0,1083,140,17,61,43,2695.0,69.0,180.0,73.0,0.12927054478301014,0.12142857142857143,0.01569713758079409,0.7049180327868853,0.025602968460111317
3497174,1602.0,1082,49,3,13,10,1467.0,14.0,73.0,48.0,0.04528650646950092,0.061224489795918366,0.0027726432532347504,0.7692307692307693,0.00954328561690525
973389,2453.0,1077,146,8,24,16,2141.0,26.0,126.0,160.0,0.13556174558960074,0.0547945205479452,0.007428040854224698,0.6666666666666666,0.012143858010275572
1239603,2920.0,1077,159,45,175,123,2427.0,197.0,177.0,119.0,0.14763231197771587,0.2830188679245283,0.04178272980501393,0.7028571428571428,0.08117016893283889
2578034,3227.0,1076,135,33,123,88,2835.0,130.0,153.0,109.0,0.12546468401486988,0.24444444444444444,0.03066914498141264,0.7154471544715447,0.04585537918871252
2714703,2988.0,1075,111,12,29,17,2733.0,30.0,135.0,90.0,0.10325581395348837,0.10810810810810811,0.011162790697674419,0.5862068965517241,0.010976948408342482
114333,3460.0,1075,190,36,302,256,2766.0,326.0,274.0,94.0,0.17674418604651163,0.18947368421052632,0.03348837209302326,0.847682119205298,0.11785972523499638
436573,3460.0,1072,110,17,44,26,3217.0,46.0,126.0,71.0,0.10261194029850747,0.15454545454545454,0.01585820895522388,0.5909090909090909,0.014299036369288157
4228623,2093.0,1071,88,11,51,38,1860.0,57.0,126.0,50.0,0.08216619981325864,0.125,0.01027077497665733,0.7450980392156863,0.03064516129032258
4139726,2788.0,1065,114,15,47,32,2521.0,52.0,116.0,99.0,0.10704225352112676,0.13157894736842105,0.014084507042253521,0.6808510638297872,0.020626735422451407
4553088,6292.0,1065,236,33,74,39,5683.0,80.0,325.0,204.0,0.2215962441314554,0.13983050847457626,0.030985915492957747,0.527027027027027,0.014077071969030441
3568839,3818.0,1065,161,36,146,105,3369.0,155.0,215.0,79.0,0.1511737089201878,0.2236024844720497,0.03380281690140845,0.7191780821917808,0.04600771742356782
4981793,1678.0,1062,38,10,22,11,1562.0,30.0,59.0,27.0,0.035781544256120526,0.2631578947368421,0.009416195856873822,0.5,0.019206145966709345
4764977,4152.0,1062,165,14,74,57,3764.0,81.0,228.0,79.0,0.1553672316384181,0.08484848484848485,0.013182674199623353,0.7702702702702703,0.021519659936238045
2238843,2451.0,1061,116,22,76,52,2158.0,83.0,159.0,51.0,0.10933081998114987,0.1896551724137931,0.020735155513666354,0.6842105263157895,0.038461538461538464
4256011,2309.0,1061,133,16,82,59,1950.0,96.0,194.0,69.0,0.12535344015080113,0.12030075187969924,0.015080113100848256,0.7195121951219512,0.04923076923076923
2777825,4131.0,1059,217,51,157,99,3553.0,190.0,245.0,143.0,0.2049102927289896,0.2350230414746544,0.04815864022662889,0.6305732484076433,0.053475935828877004
1970375,2265.0,1059,131,20,103,79,1910.0,111.0,168.0,76.0,0.12370160528800755,0.15267175572519084,0.018885741265344664,0.7669902912621359,0.0581151832460733
2530620,2672.0,1057,122,14,59,44,2389.0,62.0,145.0,76.0,0.11542100283822138,0.11475409836065574,0.013245033112582781,0.7457627118644068,0.02595228128924236
3226383,3074.0,1057,63,5,22,17,2893.0,34.0,82.0,65.0,0.059602649006622516,0.07936507936507936,0.004730368968779565,0.7727272727272727,0.011752506049083997
294296,1946.0,1057,75,9,37,26,1751.0,38.0,91.0,66.0,0.07095553453169347,0.12,0.008514664143803218,0.7027027027027027,0.021701884637350087
2817976,1830.0,1057,39,2,16,13,1737.0,19.0,54.0,20.0,0.036896877956480605,0.05128205128205128,0.001892147587511826,0.8125,0.010938399539435808
1879672,3063.0,1057,132,27,152,119,2662.0,158.0,180.0,63.0,0.12488174077578051,0.20454545454545456,0.02554399243140965,0.7828947368421053,0.059353869271224644
4362740,2993.0,1056,196,43,169,118,2423.0,194.0,286.0,90.0,0.1856060606060606,0.2193877551020408,0.04071969696969697,0.6982248520710059,0.0800660338423442
3980838,1978.0,1056,67,6,26,20,1801.0,30.0,92.0,55.0,0.0634469696969697,0.08955223880597014,0.005681818181818182,0.7692307692307693,0.01665741254858412
2914440,3596.0,1054,146,39,271,226,3030.0,305.0,195.0,66.0,0.13851992409867173,0.2671232876712329,0.03700189753320683,0.8339483394833949,0.10066006600660066
4410687,2399.0,1054,158,37,186,140,1887.0,202.0,233.0,77.0,0.14990512333965844,0.23417721518987342,0.03510436432637571,0.7526881720430108,0.10704822469528352
747109,2922.0,1054,148,39,230,184,2342.0,244.0,266.0,70.0,0.14041745730550284,0.2635135135135135,0.03700189753320683,0.8,0.10418445772843724
2985553,3637.0,1052,156,28,70,41,3281.0,80.0,214.0,62.0,0.1482889733840304,0.1794871794871795,0.026615969581749048,0.5857142857142857,0.0243828101188662
4891188,3050.0,1052,138,23,84,56,2679.0,88.0,160.0,123.0,0.1311787072243346,0.16666666666666666,0.021863117870722433,0.6666666666666666,0.032848077640910786
4481410,3619.0,1049,219,64,278,201,2895.0,305.0,339.0,80.0,0.20877025738798857,0.2922374429223744,0.061010486177311724,0.7230215827338129,0.10535405872193437
2337136,2466.0,1048,125,24,94,65,2104.0,99.0,185.0,78.0,0.11927480916030535,0.192,0.022900763358778626,0.6914893617021277,0.0470532319391635
3747679,2696.0,1044,135,29,103,69,2320.0,115.0,155.0,106.0,0.12931034482758622,0.21481481481481482,0.027777777777777776,0.6699029126213593,0.04956896551724138
4509039,2977.0,1043,151,29,150,110,2478.0,165.0,235.0,99.0,0.14477468839884947,0.19205298013245034,0.027804410354745925,0.7333333333333333,0.06658595641646489
3780321,1761.0,1043,33,1,2,1,1683.0,3.0,31.0,44.0,0.031639501438159155,0.030303030303030304,0.0009587727708533077,0.5,0.0017825311942959
1053312,1892.0,1042,63,6,23,17,1764.0,24.0,57.0,47.0,0.060460652591170824,0.09523809523809523,0.005758157389635317,0.7391304347826086,0.013605442176870748
1150511,2251.0,1042,101,12,57,43,1975.0,62.0,162.0,52.0,0.09692898272552783,0.1188118811881188,0.011516314779270634,0.7543859649122807,0.03139240506329114
2829779,1479.0,1042,48,3,19,16,1328.0,19.0,90.0,42.0,0.046065259117082535,0.0625,0.0028790786948176585,0.8421052631578947,0.01430722891566265
1937007,2309.0,1041,94,17,65,45,2030.0,76.0,165.0,38.0,0.09029779058597502,0.18085106382978725,0.01633045148895293,0.6923076923076923,0.0374384236453202
768709,1656.0,1039,72,8,51,42,1471.0,54.0,109.0,22.0,0.06929740134744947,0.1111111111111111,0.007699711260827719,0.8235294117647058,0.036709721278042146
3981531,2755.0,1038,181,28,152,119,2253.0,160.0,218.0,124.0,0.174373795761079,0.15469613259668508,0.02697495183044316,0.7828947368421053,0.07101642254771416
88462,2832.0,1037,73,5,28,22,2663.0,31.0,103.0,35.0,0.0703953712632594,0.0684931506849315,0.0048216007714561235,0.7857142857142857,0.011641006383777694
1947578,3743.0,1037,135,17,59,40,3388.0,83.0,149.0,123.0,0.13018322082931533,0.1259259259259259,0.01639344262295082,0.6779661016949152,0.024498229043683588
2765736,3271.0,1036,127,8,12,4,3013.0,14.0,142.0,102.0,0.12258687258687259,0.06299212598425197,0.007722007722007722,0.3333333333333333,0.004646531695984069
674009,2166.0,1036,68,8,29,20,1997.0,29.0,92.0,48.0,0.06563706563706563,0.11764705882352941,0.007722007722007722,0.6896551724137931,0.014521782674011016
184290,2244.0,1035,68,2,8,5,2073.0,8.0,83.0,80.0,0.06570048309178744,0.029411764705882353,0.001932367149758454,0.625,0.003859141341051616
2949136,3024.0,1033,185,51,224,170,2452.0,235.0,266.0,71.0,0.17909002904162633,0.2756756756756757,0.049370764762826716,0.7589285714285714,0.09584013050570962
481472,1845.0,1033,63,0,2,2,1713.0,2.0,54.0,76.0,0.06098741529525654,0.0,0.0,1.0,0.0011675423234092236
1869802,2340.0,1032,61,8,28,20,2214.0,30.0,51.0,45.0,0.05910852713178295,0.13114754098360656,0.007751937984496124,0.7142857142857143,0.013550135501355014
937407,4020.0,1031,175,62,423,350,3151.0,503.0,292.0,74.0,0.1697381183317168,0.35428571428571426,0.06013579049466537,0.8274231678486997,0.15963186290066644
733013,1608.0,1031,49,4,23,17,1430.0,25.0,91.0,62.0,0.0475266731328807,0.08163265306122448,0.0038797284190106693,0.7391304347826086,0.017482517482517484
2530695,2973.0,1027,86,11,28,17,2768.0,31.0,134.0,40.0,0.08373904576436222,0.12790697674418605,0.010710808179162609,0.6071428571428571,0.011199421965317919
1388982,2405.0,1026,122,16,61,44,2086.0,93.0,182.0,44.0,0.1189083820662768,0.13114754098360656,0.015594541910331383,0.7213114754098361,0.04458293384467881
4710097,2301.0,1025,122,25,142,113,1857.0,151.0,194.0,99.0,0.11902439024390243,0.20491803278688525,0.024390243902439025,0.795774647887324,0.08131394722670975
3761180,1841.0,1024,87,23,109,80,1480.0,119.0,186.0,56.0,0.0849609375,0.26436781609195403,0.0224609375,0.7339449541284404,0.0804054054054054
3289575,2255.0,1023,124,19,100,77,1901.0,104.0,176.0,74.0,0.12121212121212122,0.1532258064516129,0.01857282502443793,0.77,0.05470804839558127
127525,2315.0,1020,135,25,67,41,1978.0,75.0,151.0,111.0,0.1323529411764706,0.18518518518518517,0.024509803921568627,0.6119402985074627,0.037917087967644085
318592,2395.0,1020,104,15,134,115,2045.0,145.0,144.0,61.0,0.10196078431372549,0.14423076923076922,0.014705882352941176,0.8582089552238806,0.07090464547677261
3415753,2377.0,1019,118,17,78,61,2064.0,90.0,138.0,85.0,0.11579980372914622,0.1440677966101695,0.016683022571148183,0.782051282051282,0.0436046511627907
2129196,2360.0,1018,111,19,183,161,1937.0,186.0,135.0,102.0,0.10903732809430255,0.17117117117117117,0.018664047151277015,0.8797814207650273,0.09602478058853897
1466687,3535.0,1017,170,40,132,88,3046.0,139.0,207.0,143.0,0.1671583087512291,0.23529411764705882,0.03933136676499508,0.6666666666666666,0.04563361785948785
3607626,2314.0,1016,94,13,79,66,2069.0,86.0,110.0,49.0,0.09251968503937008,0.13829787234042554,0.012795275590551181,0.8354430379746836,0.04156597390043499
1419569,2874.0,1015,152,36,217,175,2357.0,228.0,220.0,69.0,0.1497536945812808,0.23684210526315788,0.035467980295566505,0.8064516129032258,0.09673313534153585
4566689,1915.0,1014,39,0,1,1,1838.0,1.0,22.0,54.0,0.038461538461538464,0.0,0.0,1.0,0.000544069640914037
1397059,2956.0,1013,162,39,100,59,2527.0,106.0,233.0,90.0,0.15992102665350444,0.24074074074074073,0.0384995064165844,0.59,0.041946972694895134
761059,2183.0,1013,116,23,153,112,1726.0,166.0,244.0,47.0,0.11451135241855874,0.19827586206896552,0.022704837117472853,0.7320261437908496,0.09617612977983778
704515,1840.0,1012,90,9,25,14,1638.0,25.0,114.0,63.0,0.08893280632411067,0.1,0.008893280632411068,0.56,0.015262515262515262
960298,2452.0,1012,87,18,55,37,2204.0,59.0,113.0,76.0,0.08596837944664032,0.20689655172413793,0.017786561264822136,0.6727272727272727,0.02676950998185118
3653118,1165.0,1011,16,0,0,0,1094.0,0.0,27.0,44.0,0.01582591493570722,0.0,0.0,,0.0
3848874,3398.0,1011,122,14,92,73,3038.0,103.0,153.0,104.0,0.12067260138476756,0.11475409836065574,0.013847675568743818,0.7934782608695652,0.03390388413429888
4044753,4031.0,1010,153,26,67,41,3654.0,70.0,230.0,77.0,0.15148514851485148,0.16993464052287582,0.02574257425742574,0.6119402985074627,0.019157088122605363
1674316,2667.0,1010,144,21,91,68,2305.0,100.0,182.0,80.0,0.14257425742574256,0.14583333333333334,0.020792079207920793,0.7472527472527473,0.04338394793926247
3154837,2531.0,1008,127,31,207,164,2029.0,218.0,222.0,62.0,0.1259920634920635,0.2440944881889764,0.030753968253968252,0.7922705314009661,0.1074420896993593
4446527,2507.0,1008,138,31,117,83,2086.0,130.0,206.0,85.0,0.13690476190476192,0.2246376811594203,0.030753968253968252,0.7094017094017094,0.062320230105465
3422025,3305.0,1008,184,53,177,120,2754.0,194.0,236.0,121.0,0.18253968253968253,0.28804347826086957,0.05257936507936508,0.6779661016949152,0.07044299201161947
2925636,3277.0,1007,189,54,404,331,2470.0,418.0,311.0,78.0,0.18768619662363456,0.2857142857142857,0.05362462760675273,0.8193069306930693,0.16923076923076924
3113468,1506.0,1007,22,5,37,32,1404.0,43.0,44.0,15.0,0.021847070506454815,0.22727272727272727,0.004965243296921549,0.8648648648648649,0.030626780626780627
2358943,2373.0,1005,76,6,22,16,2190.0,24.0,84.0,75.0,0.07562189054726368,0.07894736842105263,0.005970149253731343,0.7272727272727273,0.010958904109589041
906800,2474.0,1005,164,26,149,116,1821.0,158.0,294.0,201.0,0.16318407960199005,0.15853658536585366,0.025870646766169153,0.7785234899328859,0.08676551345414607
2627103,3067.0,1005,150,45,201,151,2552.0,218.0,229.0,68.0,0.14925373134328357,0.3,0.04477611940298507,0.7512437810945274,0.08542319749216301
662603,3649.0,1004,139,20,35,13,3344.0,44.0,165.0,96.0,0.13844621513944222,0.14388489208633093,0.0199203187250996,0.37142857142857144,0.013157894736842105
4612468,2806.0,1004,159,12,39,27,2485.0,44.0,181.0,96.0,0.15836653386454183,0.07547169811320754,0.01195219123505976,0.6923076923076923,0.017706237424547282
30676,1664.0,1003,90,6,19,12,1423.0,21.0,118.0,102.0,0.0897308075772682,0.06666666666666667,0.005982053838484547,0.631578947368421,0.014757554462403373
589513,2496.0,1002,46,2,7,5,2395.0,10.0,45.0,46.0,0.04590818363273453,0.043478260869565216,0.001996007984031936,0.7142857142857143,0.0041753653444676405
4739351,3927.0,1002,160,22,61,39,3546.0,63.0,163.0,155.0,0.1596806387225549,0.1375,0.021956087824351298,0.639344262295082,0.017766497461928935
4676764,3359.0,1000,197,43,145,97,2825.0,166.0,232.0,136.0,0.197,0.2182741116751269,0.043,0.6689655172413793,0.05876106194690266
777988,1768.0,999,87,9,66,56,1504.0,69.0,141.0,54.0,0.08708708708708708,0.10344827586206896,0.009009009009009009,0.8484848484848485,0.045877659574468085
586496,3726.0,999,152,32,142,109,3309.0,148.0,199.0,70.0,0.15215215215215216,0.21052631578947367,0.03203203203203203,0.7676056338028169,0.0447265034753702
606970,2828.0,998,114,24,71,44,2474.0,93.0,176.0,85.0,0.11422845691382766,0.21052631578947367,0.02404809619238477,0.6197183098591549,0.037590945836701695
3832749,4033.0,998,140,31,124,90,3640.0,132.0,189.0,72.0,0.1402805611222445,0.22142857142857142,0.031062124248496994,0.7258064516129032,0.03626373626373627
119365,2766.0,997,174,32,144,109,2182.0,207.0,258.0,119.0,0.17452357071213642,0.1839080459770115,0.0320962888665998,0.7569444444444444,0.09486709440879927
3589833,3205.0,997,153,24,78,53,2790.0,81.0,217.0,117.0,0.1534603811434303,0.1568627450980392,0.024072216649949848,0.6794871794871795,0.02903225806451613
4947302,2281.0,996,104,16,57,40,2028.0,62.0,125.0,66.0,0.10441767068273092,0.15384615384615385,0.01606425702811245,0.7017543859649122,0.03057199211045365
2221025,2884.0,996,124,24,64,38,2594.0,72.0,128.0,90.0,0.12449799196787148,0.1935483870967742,0.024096385542168676,0.59375,0.027756360832690823
512076,2398.0,991,123,19,145,117,1962.0,155.0,197.0,84.0,0.124117053481332,0.15447154471544716,0.01917255297679112,0.8068965517241379,0.07900101936799185
1579789,3587.0,991,147,8,19,11,3240.0,22.0,217.0,108.0,0.14833501513622604,0.05442176870748299,0.008072653884964682,0.5789473684210527,0.006790123456790123
3617337,4966.0,991,249,61,210,147,4278.0,224.0,335.0,129.0,0.2512613521695257,0.24497991967871485,0.0615539858728557,0.7,0.05236091631603553
4352893,3310.0,990,141,40,205,157,2838.0,223.0,213.0,36.0,0.14242424242424243,0.28368794326241137,0.04040404040404041,0.7658536585365854,0.07857646229739253
3279507,2451.0,989,118,14,54,37,2172.0,57.0,135.0,87.0,0.11931243680485339,0.11864406779661017,0.014155712841253791,0.6851851851851852,0.026243093922651933
4128033,1361.0,989,29,3,7,4,1288.0,7.0,53.0,13.0,0.029322548028311426,0.10344827586206896,0.003033367037411527,0.5714285714285714,0.005434782608695652
4285475,3571.0,988,112,4,10,6,3366.0,10.0,113.0,82.0,0.11336032388663968,0.03571428571428571,0.004048582995951417,0.6,0.0029708853238265003
4397687,3194.0,987,131,19,52,32,2876.0,54.0,153.0,111.0,0.13272543059777103,0.1450381679389313,0.019250253292806486,0.6153846153846154,0.018776077885952713
2122530,2674.0,987,93,8,26,17,2480.0,28.0,101.0,65.0,0.09422492401215805,0.08602150537634409,0.008105369807497468,0.6538461538461539,0.01129032258064516
4596584,2280.0,986,102,11,20,9,2067.0,20.0,120.0,73.0,0.10344827586206896,0.10784313725490197,0.011156186612576065,0.45,0.009675858732462506
3224824,4466.0,985,181,23,46,22,4023.0,53.0,241.0,149.0,0.18375634517766498,0.1270718232044199,0.023350253807106598,0.4782608695652174,0.013174248073576932
597734,2392.0,985,130,21,39,15,2108.0,42.0,155.0,87.0,0.1319796954314721,0.16153846153846155,0.02131979695431472,0.38461538461538464,0.019924098671726755
1738105,1723.0,984,43,6,23,16,1592.0,25.0,70.0,36.0,0.04369918699186992,0.13953488372093023,0.006097560975609756,0.6956521739130435,0.015703517587939697
4455776,2767.0,983,167,41,203,157,2252.0,212.0,226.0,77.0,0.1698880976602238,0.24550898203592814,0.04170905391658189,0.7733990147783252,0.0941385435168739
1178381,1684.0,983,73,5,18,13,1539.0,19.0,72.0,54.0,0.07426246185147507,0.0684931506849315,0.00508646998982706,0.7222222222222222,0.012345679012345678
4921353,3944.0,981,145,36,136,96,3505.0,157.0,196.0,86.0,0.14780835881753313,0.2482758620689655,0.03669724770642202,0.7058823529411765,0.044793152639087015
4213030,3302.0,981,130,36,205,166,2834.0,218.0,169.0,81.0,0.1325178389398573,0.27692307692307694,0.03669724770642202,0.8097560975609757,0.07692307692307693
573847,4372.0,980,176,41,170,126,3899.0,175.0,239.0,59.0,0.17959183673469387,0.23295454545454544,0.04183673469387755,0.7411764705882353,0.04488330341113106
2242620,3817.0,979,123,29,67,38,3530.0,70.0,145.0,72.0,0.12563840653728295,0.23577235772357724,0.0296220633299285,0.5671641791044776,0.019830028328611898
3757194,1450.0,979,50,4,12,8,1339.0,12.0,56.0,43.0,0.05107252298263534,0.08,0.0040858018386108275,0.6666666666666666,0.008961911874533234
240303,3129.0,978,145,22,91,67,2740.0,117.0,169.0,103.0,0.14826175869120656,0.15172413793103448,0.022494887525562373,0.7362637362637363,0.0427007299270073
68149,1882.0,978,73,12,75,63,1688.0,81.0,77.0,36.0,0.07464212678936605,0.1643835616438356,0.012269938650306749,0.84,0.04798578199052133
5037641,2214.0,978,126,6,13,7,1952.0,13.0,154.0,95.0,0.12883435582822086,0.047619047619047616,0.006134969325153374,0.5384615384615384,0.00665983606557377
1082035,3331.0,977,140,38,141,100,2919.0,155.0,181.0,76.0,0.14329580348004095,0.2714285714285714,0.038894575230296824,0.7092198581560284,0.05310037684138404
2678392,2865.0,976,133,6,20,12,2589.0,20.0,138.0,118.0,0.1362704918032787,0.045112781954887216,0.006147540983606557,0.6,0.00772499034376207
3042050,3438.0,976,181,59,209,149,2885.0,226.0,221.0,106.0,0.18545081967213115,0.3259668508287293,0.060450819672131145,0.7129186602870813,0.07833622183708838
164365,2998.0,976,123,13,46,32,2699.0,52.0,132.0,115.0,0.1260245901639344,0.10569105691056911,0.01331967213114754,0.6956521739130435,0.0192663949610967
1367866,2557.0,975,70,4,8,4,2415.0,12.0,86.0,44.0,0.07179487179487179,0.05714285714285714,0.0041025641025641026,0.5,0.004968944099378882
464112,2459.0,975,72,12,70,58,2227.0,73.0,114.0,45.0,0.07384615384615385,0.16666666666666666,0.012307692307692308,0.8285714285714286,0.0327795240233498
2483206,2137.0,975,120,31,120,83,1794.0,124.0,143.0,76.0,0.12307692307692308,0.25833333333333336,0.031794871794871796,0.6916666666666667,0.06911928651059086
2451199,1899.0,974,99,22,81,58,1599.0,86.0,145.0,69.0,0.10164271047227925,0.2222222222222222,0.022587268993839837,0.7160493827160493,0.05378361475922452
820727,2071.0,973,92,14,150,127,1672.0,164.0,182.0,53.0,0.09455292908530319,0.15217391304347827,0.014388489208633094,0.8466666666666667,0.09808612440191387
4462274,2590.0,972,142,25,130,100,2148.0,142.0,206.0,94.0,0.14609053497942387,0.176056338028169,0.0257201646090535,0.7692307692307693,0.06610800744878957
4978351,1455.0,972,49,2,3,1,1351.0,3.0,52.0,49.0,0.050411522633744855,0.04081632653061224,0.00205761316872428,0.3333333333333333,0.0022205773501110288
3627665,2067.0,971,51,4,16,12,1965.0,18.0,55.0,29.0,0.05252317198764161,0.0784313725490196,0.004119464469618949,0.75,0.00916030534351145
1548548,3232.0,969,109,9,36,27,2986.0,40.0,125.0,81.0,0.11248710010319918,0.08256880733944955,0.009287925696594427,0.75,0.013395847287340924
3882728,1462.0,968,38,4,22,18,1327.0,22.0,79.0,34.0,0.03925619834710744,0.10526315789473684,0.004132231404958678,0.8181818181818182,0.016578749058025623
96655,3676.0,967,119,23,52,29,3311.0,57.0,139.0,169.0,0.12306101344364012,0.19327731092436976,0.023784901758014478,0.5576923076923077,0.017215342796738146
558076,2362.0,966,115,33,97,59,2020.0,110.0,163.0,69.0,0.11904761904761904,0.28695652173913044,0.034161490683229816,0.6082474226804123,0.054455445544554455
1849958,2500.0,966,85,14,86,71,2227.0,105.0,115.0,53.0,0.08799171842650104,0.16470588235294117,0.014492753623188406,0.8255813953488372,0.04714863044454423
4118464,4854.0,965,135,23,71,48,4524.0,85.0,200.0,45.0,0.13989637305699482,0.17037037037037037,0.02383419689119171,0.676056338028169,0.01878868258178603
184939,1652.0,965,43,4,9,5,1571.0,11.0,41.0,29.0,0.04455958549222798,0.09302325581395349,0.004145077720207254,0.5555555555555556,0.007001909611712286
1109293,2920.0,962,140,17,84,67,2592.0,90.0,180.0,58.0,0.14553014553014554,0.12142857142857143,0.017671517671517672,0.7976190476190477,0.034722222222222224
3099552,1832.0,961,53,7,60,51,1632.0,62.0,72.0,66.0,0.055150884495317375,0.1320754716981132,0.007284079084287201,0.85,0.03799019607843137
3920188,1670.0,961,62,7,39,30,1494.0,41.0,84.0,51.0,0.06451612903225806,0.11290322580645161,0.007284079084287201,0.7692307692307693,0.02744310575635877
3791863,1775.0,960,36,3,14,10,1699.0,16.0,43.0,17.0,0.0375,0.08333333333333333,0.003125,0.7142857142857143,0.009417304296645085
1493787,2038.0,959,131,24,116,89,1641.0,122.0,216.0,59.0,0.13660062565172054,0.183206106870229,0.02502606882168926,0.7672413793103449,0.07434491163924437
2253689,2145.0,959,99,15,40,25,1900.0,42.0,125.0,78.0,0.1032325338894682,0.15151515151515152,0.01564129301355579,0.625,0.022105263157894735
4447409,2383.0,958,92,16,102,83,2045.0,123.0,151.0,64.0,0.09603340292275574,0.17391304347826086,0.016701461377870562,0.8137254901960784,0.060146699266503664
1486580,2462.0,958,132,38,136,95,2059.0,151.0,193.0,59.0,0.13778705636743216,0.2878787878787879,0.03966597077244259,0.6985294117647058,0.0733365711510442
929749,2343.0,958,140,33,119,83,1944.0,126.0,190.0,83.0,0.14613778705636743,0.2357142857142857,0.03444676409185804,0.6974789915966386,0.06481481481481481
249261,3043.0,957,63,3,9,5,2897.0,11.0,73.0,62.0,0.06583072100313479,0.047619047619047616,0.003134796238244514,0.5555555555555556,0.0037970314118053157
3124169,1645.0,957,86,19,100,75,1355.0,103.0,121.0,66.0,0.08986415882967608,0.22093023255813954,0.019853709508881923,0.75,0.07601476014760147
745134,2662.0,957,90,0,8,8,2475.0,8.0,123.0,56.0,0.09404388714733543,0.0,0.0,1.0,0.0032323232323232323
3505582,4189.0,955,165,18,52,30,3815.0,64.0,182.0,128.0,0.17277486910994763,0.10909090909090909,0.018848167539267015,0.5769230769230769,0.016775884665792922
270397,3146.0,955,169,45,188,140,2560.0,242.0,251.0,93.0,0.1769633507853403,0.26627218934911245,0.04712041884816754,0.7446808510638298,0.09453125
3313438,1937.0,954,101,24,142,115,1585.0,147.0,131.0,74.0,0.10587002096436059,0.2376237623762376,0.025157232704402517,0.8098591549295775,0.09274447949526814
2384561,3241.0,954,161,52,257,198,2699.0,270.0,202.0,70.0,0.16876310272536688,0.32298136645962733,0.05450733752620545,0.7704280155642024,0.10003705075954057
1628899,2675.0,954,102,22,103,78,2372.0,120.0,122.0,61.0,0.1069182389937107,0.21568627450980393,0.023060796645702306,0.7572815533980582,0.050590219224283306
1799984,2448.0,954,153,27,75,47,2064.0,85.0,205.0,94.0,0.16037735849056603,0.17647058823529413,0.02830188679245283,0.6266666666666667,0.041182170542635656
305857,2463.0,953,141,29,108,77,2060.0,126.0,197.0,80.0,0.14795383001049317,0.20567375886524822,0.030430220356768102,0.7129629629629629,0.06116504854368932
481203,3378.0,952,155,22,82,60,2949.0,100.0,233.0,96.0,0.16281512605042017,0.14193548387096774,0.023109243697478993,0.7317073170731707,0.0339097999321804
3923569,1858.0,951,54,9,48,38,1692.0,50.0,81.0,35.0,0.056782334384858045,0.16666666666666666,0.00946372239747634,0.7916666666666666,0.02955082742316785
3175480,2504.0,951,141,41,191,141,1994.0,206.0,232.0,72.0,0.14826498422712933,0.2907801418439716,0.04311251314405889,0.7382198952879581,0.10330992978936811
1223790,1380.0,950,43,5,15,8,1253.0,15.0,63.0,49.0,0.045263157894736845,0.11627906976744186,0.005263157894736842,0.5333333333333333,0.011971268954509178
4723396,3060.0,948,86,12,66,53,2827.0,73.0,115.0,45.0,0.09071729957805907,0.13953488372093023,0.012658227848101266,0.803030303030303,0.025822426600636716
4737339,2213.0,948,81,11,50,37,1975.0,52.0,119.0,67.0,0.08544303797468354,0.13580246913580246,0.011603375527426161,0.74,0.026329113924050632
3042127,1829.0,946,87,13,118,102,1516.0,122.0,149.0,42.0,0.0919661733615222,0.14942528735632185,0.013742071881606765,0.864406779661017,0.08047493403693931
1946069,2826.0,945,110,15,52,36,2531.0,56.0,152.0,87.0,0.1164021164021164,0.13636363636363635,0.015873015873015872,0.6923076923076923,0.022125642038719872
3807068,3395.0,944,185,44,208,158,2779.0,228.0,235.0,153.0,0.19597457627118645,0.23783783783783785,0.046610169491525424,0.7596153846153846,0.08204390068369917
1368186,2488.0,943,104,25,149,122,2142.0,162.0,142.0,42.0,0.1102863202545069,0.2403846153846154,0.026511134676564158,0.8187919463087249,0.07563025210084033
861104,2566.0,943,84,6,22,15,2346.0,22.0,105.0,93.0,0.08907741251325557,0.07142857142857142,0.006362672322375398,0.6818181818181818,0.00937766410912191
1702898,3077.0,943,175,52,223,165,2513.0,232.0,247.0,85.0,0.1855779427359491,0.29714285714285715,0.05514316012725345,0.7399103139013453,0.09231993633107839
1314876,3096.0,942,99,10,71,59,2850.0,73.0,120.0,53.0,0.10509554140127389,0.10101010101010101,0.010615711252653927,0.8309859154929577,0.025614035087719297
963285,2372.0,942,113,21,103,81,1990.0,106.0,195.0,81.0,0.11995753715498939,0.18584070796460178,0.022292993630573247,0.7864077669902912,0.053266331658291456
3307148,1896.0,939,30,3,6,2,1826.0,8.0,25.0,37.0,0.03194888178913738,0.1,0.003194888178913738,0.3333333333333333,0.004381161007667032
1302259,3341.0,939,60,10,40,30,3195.0,43.0,77.0,26.0,0.06389776357827476,0.16666666666666666,0.010649627263045794,0.75,0.013458528951486698
2100750,2604.0,937,117,24,144,117,2254.0,154.0,115.0,81.0,0.1248665955176094,0.20512820512820512,0.025613660618996798,0.8125,0.06832298136645963
1391236,1776.0,936,89,8,22,13,1565.0,27.0,109.0,75.0,0.09508547008547008,0.0898876404494382,0.008547008547008548,0.5909090909090909,0.017252396166134186
2580472,2010.0,935,40,3,13,10,1913.0,13.0,26.0,58.0,0.0427807486631016,0.075,0.0032085561497326204,0.7692307692307693,0.006795608991113434
4904396,3941.0,933,242,73,151,75,3334.0,170.0,322.0,115.0,0.25937834941050375,0.30165289256198347,0.0782422293676313,0.4966887417218543,0.05098980203959208
3786362,2740.0,931,86,14,61,44,2507.0,64.0,108.0,61.0,0.09237379162191192,0.16279069767441862,0.015037593984962405,0.7213114754098361,0.025528520143597924
1826911,1917.0,930,51,9,51,41,1768.0,66.0,60.0,23.0,0.054838709677419356,0.17647058823529413,0.00967741935483871,0.803921568627451,0.03733031674208145
3803127,2349.0,930,101,14,41,24,2108.0,41.0,144.0,56.0,0.1086021505376344,0.13861386138613863,0.015053763440860216,0.5853658536585366,0.019449715370018977
3283188,3684.0,930,130,36,158,119,3184.0,227.0,202.0,71.0,0.13978494623655913,0.27692307692307694,0.03870967741935484,0.7531645569620253,0.07129396984924623
633394,3703.0,930,145,17,38,21,3389.0,43.0,164.0,107.0,0.15591397849462366,0.11724137931034483,0.01827956989247312,0.5526315789473685,0.012688108586603719
337775,2428.0,930,134,24,84,57,2041.0,95.0,200.0,92.0,0.14408602150537633,0.1791044776119403,0.025806451612903226,0.6785714285714286,0.04654581087702107
1492770,1530.0,929,52,7,44,37,1404.0,46.0,66.0,14.0,0.05597416576964478,0.1346153846153846,0.007534983853606028,0.8409090909090909,0.03276353276353276
4612213,2193.0,928,119,19,138,113,1827.0,145.0,158.0,63.0,0.12823275862068967,0.15966386554621848,0.020474137931034482,0.8188405797101449,0.07936507936507936
122108,3660.0,925,186,42,105,61,3172.0,120.0,254.0,114.0,0.20108108108108108,0.22580645161290322,0.04540540540540541,0.580952380952381,0.03783102143757881
3464658,1624.0,925,40,5,20,14,1503.0,23.0,63.0,35.0,0.043243243243243246,0.125,0.005405405405405406,0.7,0.015302727877578177
2723232,2554.0,924,134,6,27,20,2276.0,28.0,162.0,88.0,0.14502164502164502,0.04477611940298507,0.006493506493506494,0.7407407407407407,0.012302284710017574
1982376,2203.0,924,100,10,23,12,1969.0,24.0,119.0,91.0,0.10822510822510822,0.1,0.010822510822510822,0.5217391304347826,0.01218892839004571
453243,2020.0,924,47,1,6,4,1919.0,6.0,47.0,48.0,0.050865800865800864,0.02127659574468085,0.0010822510822510823,0.6666666666666666,0.003126628452318916
3780203,2884.0,923,116,20,88,62,2524.0,133.0,170.0,57.0,0.1256771397616468,0.1724137931034483,0.021668472372697724,0.7045454545454546,0.052694136291600635
1007732,2661.0,923,149,30,106,74,2242.0,112.0,194.0,113.0,0.16143011917659805,0.20134228187919462,0.032502708559046585,0.6981132075471698,0.049955396966993755
2185551,1430.0,922,51,3,38,33,1254.0,39.0,93.0,44.0,0.055314533622559656,0.058823529411764705,0.0032537960954446853,0.868421052631579,0.03110047846889952
93002,3802.0,922,89,14,46,31,3564.0,51.0,137.0,50.0,0.09652928416485901,0.15730337078651685,0.015184381778741865,0.6739130434782609,0.01430976430976431
2836123,3712.0,919,115,17,70,52,3422.0,78.0,157.0,55.0,0.1251360174102285,0.14782608695652175,0.018498367791077257,0.7428571428571429,0.022793687901811806
2297311,2350.0,918,146,20,73,52,1994.0,84.0,192.0,80.0,0.15904139433551198,0.136986301369863,0.02178649237472767,0.7123287671232876,0.04212637913741224
2370648,3699.0,917,165,34,86,52,3285.0,95.0,230.0,89.0,0.17993456924754633,0.20606060606060606,0.03707742639040349,0.6046511627906976,0.0289193302891933
2958664,2462.0,915,137,24,190,162,2013.0,203.0,201.0,45.0,0.14972677595628414,0.17518248175182483,0.02622950819672131,0.8526315789473684,0.10084451068057626
269606,3986.0,915,104,30,105,75,3597.0,193.0,144.0,52.0,0.11366120218579236,0.28846153846153844,0.03278688524590164,0.7142857142857143,0.053655824298026136
5103002,7991.0,914,213,21,39,18,7462.0,46.0,304.0,179.0,0.23304157549234136,0.09859154929577464,0.022975929978118162,0.46153846153846156,0.006164567140176896
4026111,2394.0,914,39,4,10,6,2303.0,13.0,43.0,35.0,0.04266958424507659,0.10256410256410256,0.00437636761487965,0.6,0.005644811115935736
1986754,2839.0,912,130,19,62,40,2526.0,67.0,137.0,109.0,0.1425438596491228,0.14615384615384616,0.020833333333333332,0.6451612903225806,0.026524148851939825
4515292,1323.0,912,48,1,5,4,1199.0,5.0,55.0,64.0,0.05263157894736842,0.020833333333333332,0.0010964912280701754,0.8,0.004170141784820684
3458525,2199.0,912,83,8,31,22,1988.0,38.0,69.0,104.0,0.09100877192982457,0.0963855421686747,0.008771929824561403,0.7096774193548387,0.019114688128772636
4201517,2214.0,911,120,12,46,32,1885.0,54.0,193.0,82.0,0.13172338090010977,0.1,0.013172338090010977,0.6956521739130435,0.028647214854111407
4524771,2523.0,910,90,21,119,98,2241.0,124.0,91.0,67.0,0.0989010989010989,0.23333333333333334,0.023076923076923078,0.8235294117647058,0.05533244087460955
171128,3186.0,908,141,31,159,125,2705.0,187.0,219.0,75.0,0.15528634361233482,0.2198581560283688,0.034140969162995596,0.7861635220125787,0.06913123844731978
1075533,3459.0,908,133,45,169,121,3002.0,178.0,232.0,47.0,0.14647577092511013,0.3383458646616541,0.04955947136563876,0.7159763313609467,0.059293804130579615
4783746,1776.0,908,54,11,242,226,1398.0,246.0,98.0,34.0,0.05947136563876652,0.2037037037037037,0.012114537444933921,0.9338842975206612,0.1759656652360515
1306853,2959.0,906,164,28,135,104,2518.0,145.0,206.0,90.0,0.18101545253863136,0.17073170731707318,0.03090507726269316,0.7703703703703704,0.057585385226370134
3893770,3334.0,906,159,16,26,9,2968.0,28.0,227.0,111.0,0.17549668874172186,0.10062893081761007,0.017660044150110375,0.34615384615384615,0.009433962264150943
4596941,2709.0,904,112,35,233,192,2216.0,267.0,147.0,79.0,0.12389380530973451,0.3125,0.03871681415929203,0.8240343347639485,0.12048736462093863
3639576,2426.0,901,125,28,120,86,2080.0,132.0,166.0,48.0,0.13873473917869034,0.224,0.03107658157602664,0.7166666666666667,0.06346153846153846
2411901,1708.0,900,52,8,39,30,1503.0,55.0,97.0,53.0,0.057777777777777775,0.15384615384615385,0.008888888888888889,0.7692307692307693,0.036593479707252165
88511,3171.0,899,110,19,56,34,2890.0,64.0,160.0,57.0,0.12235817575083426,0.17272727272727273,0.021134593993325918,0.6071428571428571,0.022145328719723183
4021638,2231.0,898,103,14,58,40,1955.0,62.0,154.0,60.0,0.11469933184855234,0.13592233009708737,0.015590200445434299,0.6896551724137931,0.031713554987212275
3311020,3161.0,897,147,19,73,46,2809.0,75.0,178.0,99.0,0.16387959866220736,0.1292517006802721,0.021181716833890748,0.6301369863013698,0.026699893200427198
1992078,2970.0,897,116,26,82,53,2698.0,83.0,141.0,48.0,0.12931995540691194,0.22413793103448276,0.028985507246376812,0.6463414634146342,0.030763528539659007
1117098,3663.0,897,125,14,74,58,3298.0,81.0,173.0,111.0,0.13935340022296544,0.112,0.01560758082497213,0.7837837837837838,0.024560339599757428
2500714,1718.0,897,62,2,14,12,1579.0,18.0,85.0,36.0,0.06911928651059086,0.03225806451612903,0.002229654403567447,0.8571428571428571,0.011399620012666244
1059665,1761.0,896,74,4,29,25,1600.0,31.0,97.0,33.0,0.08258928571428571,0.05405405405405406,0.004464285714285714,0.8620689655172413,0.019375
4090730,2240.0,896,112,15,41,24,1981.0,47.0,136.0,76.0,0.125,0.13392857142857142,0.016741071428571428,0.5853658536585366,0.023725391216557295
1895940,1337.0,894,39,1,5,4,1234.0,6.0,41.0,56.0,0.0436241610738255,0.02564102564102564,0.0011185682326621924,0.8,0.004862236628849271
5084833,2223.0,893,108,28,95,66,1875.0,116.0,150.0,82.0,0.12094064949608063,0.25925925925925924,0.03135498320268757,0.6947368421052632,0.06186666666666667
2508333,2207.0,892,147,14,86,66,1762.0,90.0,264.0,91.0,0.1647982062780269,0.09523809523809523,0.01569506726457399,0.7674418604651163,0.0510783200908059
593235,1339.0,889,47,6,63,56,1178.0,65.0,89.0,7.0,0.052868391451068614,0.1276595744680851,0.006749156355455568,0.8888888888888888,0.055178268251273345
4485778,2534.0,888,76,18,56,38,2319.0,71.0,110.0,34.0,0.08558558558558559,0.23684210526315788,0.02027027027027027,0.6785714285714286,0.030616645105648987
2978598,2463.0,886,132,17,59,41,2129.0,64.0,178.0,92.0,0.1489841986455982,0.12878787878787878,0.019187358916478554,0.6949152542372882,0.030061061531235323
1132465,1862.0,886,98,10,81,69,1571.0,82.0,143.0,66.0,0.11060948081264109,0.10204081632653061,0.011286681715575621,0.8518518518518519,0.052196053469127944
1725572,2410.0,886,83,14,44,28,2234.0,45.0,88.0,43.0,0.09367945823927765,0.1686746987951807,0.01580135440180587,0.6363636363636364,0.020143240823634737
4055505,2173.0,886,46,4,13,9,2069.0,15.0,49.0,40.0,0.05191873589164785,0.08695652173913043,0.004514672686230248,0.6923076923076923,0.007249879168680522
2313724,2479.0,886,118,12,63,51,2187.0,72.0,145.0,75.0,0.13318284424379231,0.1016949152542373,0.013544018058690745,0.8095238095238095,0.03292181069958848
1905278,1766.0,884,37,1,5,4,1683.0,5.0,37.0,41.0,0.0418552036199095,0.02702702702702703,0.0011312217194570137,0.8,0.0029708853238265003
285048,2103.0,884,134,21,73,51,1783.0,74.0,181.0,65.0,0.1515837104072398,0.15671641791044777,0.023755656108597284,0.6986301369863014,0.04150308468872686
3783852,1967.0,884,80,11,60,49,1763.0,62.0,103.0,39.0,0.09049773755656108,0.1375,0.012443438914027148,0.8166666666666667,0.03516732841747022
4159811,1989.0,884,124,20,103,78,1603.0,113.0,184.0,89.0,0.14027149321266968,0.16129032258064516,0.02262443438914027,0.7572815533980582,0.07049282595134124
3773865,2316.0,883,107,14,30,14,2110.0,32.0,92.0,82.0,0.12117780294450736,0.1308411214953271,0.015855039637599093,0.4666666666666667,0.015165876777251185
155091,1604.0,881,72,6,21,13,1435.0,22.0,88.0,59.0,0.08172531214528944,0.08333333333333333,0.00681044267877412,0.6190476190476191,0.015331010452961672
3521514,2331.0,881,104,32,261,223,1838.0,269.0,162.0,62.0,0.11804767309875142,0.3076923076923077,0.036322360953461974,0.8544061302681992,0.14635473340587596
5060750,3247.0,880,194,48,161,112,2692.0,176.0,286.0,93.0,0.22045454545454546,0.24742268041237114,0.05454545454545454,0.6956521739130435,0.06537890044576523
3812513,1329.0,879,72,2,7,5,1176.0,8.0,66.0,79.0,0.08191126279863481,0.027777777777777776,0.0022753128555176336,0.7142857142857143,0.006802721088435374
4811586,2879.0,878,111,19,66,47,2618.0,71.0,144.0,46.0,0.1264236902050114,0.17117117117117117,0.02164009111617312,0.7121212121212122,0.027119938884644767
168997,2172.0,878,111,24,166,134,1778.0,176.0,181.0,37.0,0.1264236902050114,0.21621621621621623,0.02733485193621868,0.8072289156626506,0.09898762654668167
4205429,2371.0,877,104,11,31,18,2085.0,39.0,117.0,130.0,0.11858608893956671,0.10576923076923077,0.012542759407069556,0.5806451612903226,0.01870503597122302
1628030,2203.0,877,104,17,121,99,1876.0,128.0,165.0,34.0,0.11858608893956671,0.16346153846153846,0.019384264538198404,0.8181818181818182,0.06823027718550106
513013,1536.0,873,69,11,35,23,1359.0,38.0,97.0,42.0,0.07903780068728522,0.15942028985507245,0.012600229095074456,0.6571428571428571,0.027961736571008096
3593457,1781.0,873,44,5,20,15,1704.0,21.0,35.0,21.0,0.050400916380297825,0.11363636363636363,0.0057273768613974796,0.75,0.01232394366197183
1946811,2320.0,873,109,11,59,46,2060.0,64.0,113.0,83.0,0.12485681557846506,0.10091743119266056,0.012600229095074456,0.7796610169491526,0.031067961165048542
2031969,2413.0,872,142,37,161,120,1927.0,173.0,229.0,84.0,0.1628440366972477,0.2605633802816901,0.04243119266055046,0.7453416149068323,0.08977685521536066
65099,2316.0,872,95,18,80,59,2052.0,86.0,135.0,43.0,0.10894495412844037,0.18947368421052632,0.020642201834862386,0.7375,0.04191033138401559
467461,2231.0,871,136,23,95,69,1859.0,98.0,202.0,72.0,0.15614236509758897,0.16911764705882354,0.02640642939150402,0.7263157894736842,0.052716514254975796
2028981,2777.0,871,155,33,114,79,2266.0,138.0,228.0,145.0,0.17795637198622274,0.2129032258064516,0.03788748564867968,0.6929824561403509,0.06090026478375993
2585015,3565.0,871,181,41,90,46,3041.0,144.0,281.0,99.0,0.20780711825487944,0.2265193370165746,0.04707233065442021,0.5111111111111111,0.04735284445905952
4161881,4694.0,870,108,11,44,32,4419.0,55.0,163.0,57.0,0.12413793103448276,0.10185185185185185,0.01264367816091954,0.7272727272727273,0.012446254808780267
1747827,1803.0,870,42,6,63,57,1657.0,69.0,53.0,24.0,0.04827586206896552,0.14285714285714285,0.006896551724137931,0.9047619047619048,0.04164152082076041
677862,3147.0,870,149,52,262,205,2568.0,291.0,231.0,57.0,0.17126436781609194,0.348993288590604,0.059770114942528735,0.7824427480916031,0.1133177570093458
3222818,2915.0,869,122,22,85,61,2586.0,99.0,146.0,84.0,0.14039125431530494,0.18032786885245902,0.02531645569620253,0.7176470588235294,0.0382830626450116
1524470,1520.0,868,74,5,29,23,1331.0,32.0,100.0,57.0,0.08525345622119816,0.06756756756756757,0.00576036866359447,0.7931034482758621,0.02404207362885049
4602388,2188.0,866,77,14,115,99,1900.0,153.0,80.0,55.0,0.08891454965357967,0.18181818181818182,0.016166281755196306,0.8608695652173913,0.08052631578947368
4082111,2174.0,866,98,11,47,35,1930.0,48.0,127.0,69.0,0.11316397228637413,0.11224489795918367,0.012702078521939953,0.7446808510638298,0.024870466321243522
1222799,2827.0,863,137,32,106,72,2438.0,119.0,196.0,74.0,0.15874855156431056,0.23357664233576642,0.03707995365005794,0.6792452830188679,0.04881050041017227
3030258,3105.0,863,181,34,179,141,2600.0,189.0,246.0,70.0,0.20973348783314022,0.1878453038674033,0.039397450753186555,0.7877094972067039,0.0726923076923077
3103283,1821.0,862,103,24,113,78,1435.0,121.0,200.0,65.0,0.11948955916473318,0.23300970873786409,0.027842227378190254,0.6902654867256637,0.0843205574912892
722302,2773.0,862,72,11,24,12,2629.0,25.0,82.0,37.0,0.08352668213457076,0.1527777777777778,0.012761020881670533,0.5,0.009509319132750094
923586,2251.0,862,82,21,70,48,2032.0,72.0,113.0,34.0,0.0951276102088167,0.25609756097560976,0.024361948955916472,0.6857142857142857,0.03543307086614173
2565645,1739.0,861,47,1,7,6,1633.0,7.0,55.0,44.0,0.0545876887340302,0.02127659574468085,0.0011614401858304297,0.8571428571428571,0.004286589099816289
4174407,2281.0,861,122,23,67,43,2003.0,78.0,147.0,53.0,0.14169570267131243,0.1885245901639344,0.026713124274099883,0.6417910447761194,0.038941587618572145
5158474,2065.0,860,90,23,62,38,1811.0,78.0,135.0,41.0,0.10465116279069768,0.25555555555555554,0.026744186046511628,0.6129032258064516,0.04307012700165654
2895013,3170.0,860,122,27,139,110,2774.0,158.0,171.0,67.0,0.14186046511627906,0.22131147540983606,0.031395348837209305,0.7913669064748201,0.05695746214852199
479837,2161.0,859,98,16,57,41,1919.0,60.0,131.0,51.0,0.1140861466821886,0.16326530612244897,0.018626309662398137,0.7192982456140351,0.031266284523189164
826250,2619.0,859,61,6,14,8,2496.0,17.0,65.0,41.0,0.0710128055878929,0.09836065573770492,0.006984866123399301,0.5714285714285714,0.006810897435897436
2575059,2740.0,859,66,4,12,7,2589.0,12.0,79.0,60.0,0.07683352735739232,0.06060606060606061,0.004656577415599534,0.5833333333333334,0.004634994206257242
2521664,2755.0,859,161,43,217,169,2213.0,240.0,212.0,90.0,0.18742724097788127,0.2670807453416149,0.050058207217694994,0.7788018433179723,0.10845006778129236
2038530,3803.0,859,140,16,57,39,3486.0,66.0,175.0,76.0,0.1629802095459837,0.11428571428571428,0.018626309662398137,0.6842105263157895,0.0189328743545611
3715755,3198.0,858,86,13,62,48,2998.0,68.0,85.0,47.0,0.10023310023310024,0.1511627906976744,0.015151515151515152,0.7741935483870968,0.02268178785857238
3204345,1443.0,856,54,10,58,48,1269.0,63.0,87.0,24.0,0.0630841121495327,0.18518518518518517,0.011682242990654205,0.8275862068965517,0.04964539007092199
1031083,2413.0,856,113,19,88,67,2082.0,104.0,165.0,62.0,0.13200934579439252,0.168141592920354,0.02219626168224299,0.7613636363636364,0.049951969260326606
4223213,4269.0,856,130,40,192,148,3847.0,228.0,146.0,48.0,0.15186915887850466,0.3076923076923077,0.04672897196261682,0.7708333333333334,0.05926696126852093
2647117,2429.0,855,114,15,50,33,2122.0,53.0,162.0,92.0,0.13333333333333333,0.13157894736842105,0.017543859649122806,0.66,0.024976437323279924
2508553,1861.0,855,96,12,125,110,1491.0,130.0,202.0,38.0,0.11228070175438597,0.125,0.014035087719298246,0.88,0.08718980549966465
2887364,1462.0,854,57,1,11,10,1312.0,12.0,87.0,51.0,0.06674473067915691,0.017543859649122806,0.00117096018735363,0.9090909090909091,0.009146341463414634
1433774,3514.0,854,133,30,138,104,3110.0,151.0,160.0,93.0,0.1557377049180328,0.22556390977443608,0.0351288056206089,0.7536231884057971,0.04855305466237942
3852520,3214.0,853,117,18,74,54,2890.0,87.0,143.0,94.0,0.13716295427901523,0.15384615384615385,0.021101992966002344,0.7297297297297297,0.030103806228373702
1626142,1406.0,853,47,10,43,33,1249.0,47.0,85.0,25.0,0.05509964830011723,0.2127659574468085,0.011723329425556858,0.7674418604651163,0.03763010408326661
3709037,2459.0,853,116,33,162,119,2033.0,171.0,195.0,60.0,0.13599062133645956,0.28448275862068967,0.038686987104337635,0.7345679012345679,0.08411214953271028
3381933,1501.0,853,42,1,5,4,1412.0,5.0,45.0,39.0,0.0492379835873388,0.023809523809523808,0.0011723329425556857,0.8,0.0035410764872521247
271505,1829.0,852,96,9,54,40,1568.0,55.0,147.0,59.0,0.11267605633802817,0.09375,0.01056338028169014,0.7407407407407407,0.035076530612244895
1694669,2138.0,852,133,25,140,107,1707.0,150.0,233.0,48.0,0.15610328638497653,0.18796992481203006,0.029342723004694836,0.7642857142857142,0.08787346221441125
1149584,2342.0,851,143,42,253,196,1759.0,266.0,262.0,55.0,0.16803760282021152,0.2937062937062937,0.04935370152761457,0.7747035573122529,0.1512222853894258
1633142,2331.0,848,119,16,41,24,2073.0,43.0,154.0,61.0,0.1403301886792453,0.13445378151260504,0.018867924528301886,0.5853658536585366,0.020742884708152436
3519828,1883.0,848,43,10,41,30,1764.0,43.0,49.0,27.0,0.05070754716981132,0.23255813953488372,0.01179245283018868,0.7317073170731707,0.024376417233560092
546816,2626.0,847,86,15,59,42,2418.0,65.0,106.0,37.0,0.10153482880755609,0.1744186046511628,0.01770956316410862,0.711864406779661,0.026881720430107527
5041265,5121.0,846,149,24,61,36,4664.0,88.0,251.0,118.0,0.17612293144208038,0.1610738255033557,0.028368794326241134,0.5901639344262295,0.018867924528301886
2801229,2935.0,846,163,34,146,108,2428.0,154.0,228.0,125.0,0.19267139479905437,0.2085889570552147,0.04018912529550828,0.7397260273972602,0.06342668863261944
2271249,2119.0,846,95,10,51,40,1916.0,54.0,113.0,36.0,0.11229314420803782,0.10526315789473684,0.01182033096926714,0.7843137254901961,0.028183716075156576
1097635,1976.0,843,99,12,58,41,1743.0,58.0,137.0,38.0,0.11743772241992882,0.12121212121212122,0.014234875444839857,0.7068965517241379,0.03327596098680436
5042232,2059.0,843,79,13,31,17,1878.0,41.0,85.0,55.0,0.0937129300118624,0.16455696202531644,0.01542111506524318,0.5483870967741935,0.021831735889243878
2168009,2390.0,840,98,18,183,158,2001.0,191.0,136.0,62.0,0.11666666666666667,0.1836734693877551,0.02142857142857143,0.8633879781420765,0.09545227386306847
4408422,2357.0,840,85,11,36,23,2144.0,38.0,103.0,72.0,0.10119047619047619,0.12941176470588237,0.013095238095238096,0.6388888888888888,0.017723880597014924
734809,3153.0,840,139,49,357,297,2476.0,401.0,197.0,79.0,0.16547619047619047,0.35251798561151076,0.058333333333333334,0.8319327731092437,0.16195476575121162
3749027,2077.0,840,96,13,62,49,1827.0,76.0,143.0,31.0,0.11428571428571428,0.13541666666666666,0.015476190476190477,0.7903225806451613,0.04159824849480022
546023,2519.0,840,120,25,72,46,2206.0,78.0,151.0,84.0,0.14285714285714285,0.20833333333333334,0.02976190476190476,0.6388888888888888,0.03535811423390753
3395587,2175.0,838,88,14,142,122,1827.0,158.0,125.0,65.0,0.10501193317422435,0.1590909090909091,0.016706443914081145,0.8591549295774648,0.08648056923918993
1739706,1894.0,837,112,21,95,70,1575.0,96.0,140.0,83.0,0.13381123058542413,0.1875,0.025089605734767026,0.7368421052631579,0.06095238095238095
4473353,2816.0,835,69,5,11,6,2690.0,17.0,71.0,38.0,0.08263473053892216,0.07246376811594203,0.005988023952095809,0.5454545454545454,0.006319702602230483
3866248,2509.0,835,139,27,87,55,2146.0,96.0,187.0,80.0,0.1664670658682635,0.19424460431654678,0.032335329341317366,0.632183908045977,0.04473438956197577
4212069,3103.0,835,102,24,91,67,2789.0,101.0,139.0,74.0,0.12215568862275449,0.23529411764705882,0.02874251497005988,0.7362637362637363,0.036213696665471494
994464,2089.0,834,144,25,75,46,1696.0,80.0,234.0,79.0,0.17266187050359713,0.1736111111111111,0.02997601918465228,0.6133333333333333,0.04716981132075472
571820,3122.0,834,105,23,96,71,2799.0,101.0,156.0,66.0,0.12589928057553956,0.21904761904761905,0.027577937649880094,0.7395833333333334,0.036084315827081104
3255541,1999.0,834,98,23,133,106,1640.0,157.0,151.0,51.0,0.11750599520383694,0.23469387755102042,0.027577937649880094,0.7969924812030075,0.09573170731707317
3715096,2974.0,834,71,16,46,30,2635.0,143.0,167.0,29.0,0.08513189448441247,0.22535211267605634,0.019184652278177457,0.6521739130434783,0.05426944971537002
2013864,2342.0,834,119,28,103,70,2007.0,121.0,171.0,43.0,0.14268585131894485,0.23529411764705882,0.03357314148681055,0.6796116504854369,0.06028898854010962
4436461,2248.0,833,105,25,236,202,1818.0,252.0,124.0,54.0,0.12605042016806722,0.23809523809523808,0.030012004801920768,0.8559322033898306,0.13861386138613863
3483523,2109.0,833,61,8,38,29,1953.0,44.0,65.0,47.0,0.07322929171668667,0.13114754098360656,0.009603841536614645,0.7631578947368421,0.022529441884280594
4208686,1333.0,830,58,4,13,9,1215.0,14.0,70.0,34.0,0.06987951807228916,0.06896551724137931,0.004819277108433735,0.6923076923076923,0.011522633744855968
2128694,1442.0,829,55,6,27,21,1318.0,27.0,62.0,35.0,0.06634499396863691,0.10909090909090909,0.007237635705669481,0.7777777777777778,0.0204855842185129
552733,2863.0,829,141,32,140,104,2436.0,162.0,159.0,106.0,0.1700844390832328,0.22695035460992907,0.038600723763570564,0.7428571428571429,0.0665024630541872
399980,1912.0,827,95,16,72,53,1649.0,74.0,121.0,68.0,0.11487303506650544,0.16842105263157894,0.019347037484885126,0.7361111111111112,0.04487568223165555
1614257,1379.0,827,36,7,23,15,1279.0,25.0,48.0,27.0,0.04353083434099154,0.19444444444444445,0.008464328899637243,0.6521739130434783,0.019546520719311962
4280793,2057.0,826,128,15,46,31,1715.0,64.0,196.0,82.0,0.1549636803874092,0.1171875,0.018159806295399514,0.6739130434782609,0.037317784256559766
873521,2237.0,825,102,11,53,40,1990.0,54.0,137.0,56.0,0.12363636363636364,0.10784313725490197,0.013333333333333334,0.7547169811320755,0.027135678391959798
3818023,2202.0,825,133,23,88,61,1866.0,101.0,195.0,40.0,0.16121212121212122,0.17293233082706766,0.027878787878787878,0.6931818181818182,0.05412647374062165
3432434,1978.0,825,85,15,77,59,1729.0,82.0,108.0,59.0,0.10303030303030303,0.17647058823529413,0.01818181818181818,0.7662337662337663,0.04742625795257374
4499281,1166.0,824,34,5,23,17,1052.0,24.0,54.0,36.0,0.0412621359223301,0.14705882352941177,0.006067961165048544,0.7391304347826086,0.022813688212927757
2931809,1546.0,823,72,6,33,25,1356.0,34.0,118.0,38.0,0.08748481166464156,0.08333333333333333,0.007290400972053463,0.7575757575757576,0.025073746312684365
3113126,1491.0,821,38,2,6,4,1429.0,6.0,34.0,22.0,0.04628501827040195,0.05263157894736842,0.00243605359317905,0.6666666666666666,0.004198740377886634
2245265,1770.0,821,73,4,24,20,1566.0,25.0,129.0,50.0,0.08891595615103533,0.0547945205479452,0.0048721071863581,0.8333333333333334,0.015964240102171137
4544743,2893.0,820,106,13,68,54,2612.0,72.0,134.0,75.0,0.12926829268292683,0.12264150943396226,0.015853658536585366,0.7941176470588235,0.027565084226646247
526781,1427.0,819,48,10,65,48,1249.0,73.0,59.0,46.0,0.05860805860805861,0.20833333333333334,0.01221001221001221,0.7384615384615385,0.05844675740592474
592161,1965.0,818,111,9,61,49,1639.0,72.0,180.0,74.0,0.1356968215158924,0.08108108108108109,0.011002444987775062,0.8032786885245902,0.04392922513727883
3934761,1878.0,817,107,4,21,15,1634.0,21.0,127.0,96.0,0.13096695226438188,0.037383177570093455,0.004895960832313341,0.7142857142857143,0.012851897184822521
387633,1810.0,816,100,16,100,84,1500.0,107.0,140.0,63.0,0.12254901960784313,0.16,0.0196078431372549,0.84,0.07133333333333333
355362,1560.0,815,77,5,19,12,1376.0,21.0,126.0,37.0,0.09447852760736196,0.06493506493506493,0.006134969325153374,0.631578947368421,0.015261627906976744
1508998,1629.0,815,63,13,44,30,1468.0,44.0,72.0,45.0,0.07730061349693251,0.20634920634920634,0.015950920245398775,0.6818181818181818,0.02997275204359673
3771608,1615.0,814,74,10,28,18,1429.0,28.0,106.0,52.0,0.09090909090909091,0.13513513513513514,0.012285012285012284,0.6428571428571429,0.01959412176347096
1547974,2233.0,814,42,0,3,3,2129.0,4.0,55.0,45.0,0.051597051597051594,0.0,0.0,1.0,0.0018788163457022077
2384854,2766.0,814,111,29,91,58,2437.0,100.0,142.0,87.0,0.13636363636363635,0.26126126126126126,0.03562653562653563,0.6373626373626373,0.04103405826836274
3255355,2176.0,812,137,27,115,84,1767.0,126.0,213.0,70.0,0.1687192118226601,0.19708029197080293,0.0332512315270936,0.7304347826086957,0.07130730050933787
334831,2856.0,811,194,58,153,92,2309.0,166.0,265.0,116.0,0.23921085080147966,0.29896907216494845,0.07151664611590629,0.6013071895424836,0.07189259419662192
622741,1683.0,811,83,12,117,104,1412.0,125.0,113.0,33.0,0.10234278668310727,0.14457831325301204,0.014796547472256474,0.8888888888888888,0.08852691218130311
4879255,2123.0,810,97,24,61,36,1869.0,63.0,107.0,84.0,0.11975308641975309,0.24742268041237114,0.02962962962962963,0.5901639344262295,0.033707865168539325
1764424,1521.0,810,57,7,45,37,1358.0,50.0,83.0,30.0,0.07037037037037037,0.12280701754385964,0.008641975308641974,0.8222222222222222,0.036818851251840944
3282340,1695.0,806,46,10,86,74,1507.0,92.0,38.0,58.0,0.05707196029776675,0.21739130434782608,0.01240694789081886,0.8604651162790697,0.06104844061048441
873298,1521.0,805,38,4,23,18,1420.0,26.0,49.0,26.0,0.04720496894409938,0.10526315789473684,0.004968944099378882,0.782608695652174,0.018309859154929577
1315415,2297.0,804,133,26,104,73,1951.0,112.0,151.0,83.0,0.1654228855721393,0.19548872180451127,0.03233830845771144,0.7019230769230769,0.05740645822655049
1983014,1996.0,804,67,9,40,30,1829.0,46.0,89.0,32.0,0.08333333333333333,0.13432835820895522,0.011194029850746268,0.75,0.025150355385456534
1363459,2901.0,804,142,32,109,75,2518.0,119.0,197.0,67.0,0.17661691542288557,0.22535211267605634,0.03980099502487562,0.6880733944954128,0.047259729944400315
834620,1578.0,803,74,9,24,15,1400.0,25.0,102.0,51.0,0.0921544209215442,0.12162162162162163,0.0112079701120797,0.625,0.017857142857142856
3717634,1664.0,802,84,12,29,16,1424.0,31.0,127.0,82.0,0.10473815461346633,0.14285714285714285,0.014962593516209476,0.5517241379310345,0.021769662921348316
4880845,2286.0,802,131,8,29,20,1968.0,32.0,151.0,135.0,0.1633416458852868,0.061068702290076333,0.00997506234413965,0.6896551724137931,0.016260162601626018
3091786,1829.0,802,66,6,31,24,1667.0,35.0,78.0,49.0,0.08229426433915212,0.09090909090909091,0.007481296758104738,0.7741935483870968,0.020995800839832032
1696979,1667.0,802,103,11,60,45,1404.0,65.0,140.0,58.0,0.128428927680798,0.10679611650485436,0.01371571072319202,0.75,0.046296296296296294
4385918,1764.0,801,100,11,60,47,1533.0,62.0,138.0,31.0,0.12484394506866417,0.11,0.01373283395755306,0.7833333333333333,0.04044357469015003
445307,2715.0,801,137,21,89,67,2371.0,98.0,151.0,95.0,0.17103620474406991,0.15328467153284672,0.026217228464419477,0.7528089887640449,0.04133277098270772
84994,1576.0,800,107,9,38,27,1347.0,41.0,142.0,46.0,0.13375,0.08411214953271028,0.01125,0.7105263157894737,0.030438010393466965
699361,1730.0,799,57,12,83,68,1478.0,113.0,104.0,35.0,0.07133917396745933,0.21052631578947367,0.015018773466833541,0.8192771084337349,0.07645466847090664
3229786,1464.0,799,55,4,14,10,1342.0,14.0,56.0,52.0,0.0688360450563204,0.07272727272727272,0.0050062578222778474,0.7142857142857143,0.010432190760059613
3905335,1324.0,799,26,1,2,1,1276.0,2.0,21.0,25.0,0.03254067584480601,0.038461538461538464,0.0012515644555694619,0.5,0.001567398119122257
3148538,1789.0,798,70,13,104,86,1524.0,106.0,107.0,52.0,0.08771929824561403,0.18571428571428572,0.016290726817042606,0.8269230769230769,0.06955380577427822
4380386,1294.0,797,65,4,36,29,1106.0,36.0,114.0,38.0,0.08155583437892096,0.06153846153846154,0.005018820577164366,0.8055555555555556,0.0325497287522604
3940352,2264.0,795,137,27,118,88,1839.0,121.0,217.0,87.0,0.17232704402515722,0.19708029197080293,0.033962264150943396,0.7457627118644068,0.06579662860250136
3225747,1938.0,795,106,26,101,72,1622.0,105.0,151.0,60.0,0.13333333333333333,0.24528301886792453,0.03270440251572327,0.7128712871287128,0.06473489519112208
4924285,1492.0,794,76,9,45,35,1300.0,46.0,109.0,37.0,0.09571788413098237,0.11842105263157894,0.011335012594458438,0.7777777777777778,0.03538461538461538
3126591,2125.0,793,110,14,41,27,1845.0,46.0,143.0,91.0,0.13871374527112232,0.12727272727272726,0.017654476670870115,0.6585365853658537,0.024932249322493227
4056651,1575.0,792,47,7,57,49,1408.0,61.0,53.0,53.0,0.059343434343434344,0.14893617021276595,0.008838383838383838,0.8596491228070176,0.04332386363636364
4855372,1573.0,792,61,6,25,19,1425.0,27.0,71.0,50.0,0.07702020202020202,0.09836065573770492,0.007575757575757576,0.76,0.018947368421052633
2830440,1601.0,792,42,5,39,34,1470.0,39.0,57.0,35.0,0.05303030303030303,0.11904761904761904,0.006313131313131313,0.8717948717948718,0.026530612244897958
462551,2725.0,791,104,22,67,42,2473.0,73.0,113.0,66.0,0.13147914032869784,0.21153846153846154,0.02781289506953224,0.6268656716417911,0.029518803073190457
1215367,2325.0,791,83,15,59,43,2118.0,61.0,95.0,51.0,0.10493046776232617,0.18072289156626506,0.018963337547408345,0.7288135593220338,0.028800755429650614
1032791,2040.0,790,52,10,40,28,1913.0,41.0,42.0,44.0,0.06582278481012659,0.19230769230769232,0.012658227848101266,0.7,0.021432305279665446
1864286,1519.0,790,66,8,33,25,1358.0,35.0,87.0,39.0,0.08354430379746836,0.12121212121212122,0.010126582278481013,0.7575757575757576,0.02577319587628866
4304606,1592.0,789,42,2,11,8,1462.0,13.0,61.0,56.0,0.053231939163498096,0.047619047619047616,0.0025348542458808617,0.7272727272727273,0.008891928864569083
3523150,1988.0,789,91,15,46,28,1752.0,47.0,105.0,84.0,0.11533586818757921,0.16483516483516483,0.019011406844106463,0.6086956521739131,0.02682648401826484
203249,1449.0,788,81,5,64,57,1215.0,64.0,125.0,45.0,0.10279187817258884,0.06172839506172839,0.006345177664974619,0.890625,0.05267489711934156
3443560,2621.0,788,88,9,25,16,2417.0,33.0,98.0,73.0,0.1116751269035533,0.10227272727272728,0.011421319796954314,0.64,0.01365328920148945
3125533,1586.0,786,65,7,46,38,1420.0,50.0,82.0,34.0,0.08269720101781171,0.1076923076923077,0.008905852417302799,0.8260869565217391,0.035211267605633804
2472174,1673.0,785,46,10,22,11,1519.0,24.0,81.0,49.0,0.05859872611464968,0.21739130434782608,0.012738853503184714,0.5,0.015799868334430547
3982609,2109.0,784,55,3,10,6,1994.0,12.0,43.0,60.0,0.07015306122448979,0.05454545454545454,0.003826530612244898,0.6,0.006018054162487462
844212,2202.0,783,78,5,11,5,2026.0,11.0,81.0,84.0,0.09961685823754789,0.0641025641025641,0.006385696040868455,0.45454545454545453,0.005429417571569595
677459,1396.0,783,67,13,110,90,1067.0,114.0,139.0,76.0,0.08556832694763729,0.19402985074626866,0.016602809706257982,0.8181818181818182,0.10684161199625117
946991,1192.0,783,67,4,22,15,997.0,22.0,107.0,66.0,0.08556832694763729,0.05970149253731343,0.005108556832694764,0.6818181818181818,0.022066198595787363
2505953,2372.0,782,84,9,29,20,2161.0,33.0,115.0,63.0,0.10741687979539642,0.10714285714285714,0.011508951406649617,0.6896551724137931,0.015270708005552984
2626490,1914.0,781,117,23,154,124,1520.0,175.0,162.0,57.0,0.14980793854033292,0.19658119658119658,0.029449423815621,0.8051948051948052,0.11513157894736842
4924053,1688.0,780,123,16,113,89,1255.0,122.0,206.0,105.0,0.1576923076923077,0.13008130081300814,0.020512820512820513,0.7876106194690266,0.09721115537848606
2807957,1322.0,779,24,1,7,6,1277.0,7.0,22.0,16.0,0.03080872913992298,0.041666666666666664,0.0012836970474967907,0.8571428571428571,0.00548159749412686
3028359,3179.0,779,180,38,126,87,2694.0,156.0,260.0,69.0,0.23106546854942234,0.2111111111111111,0.04878048780487805,0.6904761904761905,0.05790645879732739
2571201,2195.0,779,77,10,24,12,2013.0,24.0,87.0,71.0,0.09884467265725289,0.12987012987012986,0.012836970474967908,0.5,0.011922503725782414
447553,1705.0,777,97,14,65,49,1418.0,71.0,157.0,59.0,0.12483912483912483,0.14432989690721648,0.018018018018018018,0.7538461538461538,0.05007052186177715
4478620,3118.0,776,111,25,103,77,2817.0,120.0,144.0,37.0,0.14304123711340205,0.22522522522522523,0.03221649484536082,0.7475728155339806,0.042598509052183174
1959284,1685.0,776,54,5,9,3,1595.0,9.0,63.0,18.0,0.06958762886597938,0.09259259259259259,0.006443298969072165,0.3333333333333333,0.005642633228840125
2262787,3273.0,775,124,29,107,74,2898.0,111.0,191.0,73.0,0.16,0.23387096774193547,0.03741935483870968,0.6915887850467289,0.038302277432712216
5086533,2118.0,775,105,22,117,93,1793.0,131.0,149.0,45.0,0.13548387096774195,0.20952380952380953,0.02838709677419355,0.7948717948717948,0.07306190741773563
738670,2282.0,774,95,19,107,85,1975.0,116.0,117.0,74.0,0.1227390180878553,0.2,0.02454780361757106,0.794392523364486,0.05873417721518987
48178,1734.0,774,63,2,15,12,1618.0,15.0,55.0,46.0,0.08139534883720931,0.031746031746031744,0.002583979328165375,0.8,0.009270704573547589
311509,2252.0,774,98,25,157,125,1883.0,158.0,148.0,63.0,0.12661498708010335,0.25510204081632654,0.03229974160206718,0.7961783439490446,0.08390865639936272
1312158,2319.0,773,117,18,74,55,1988.0,83.0,177.0,71.0,0.15135834411384216,0.15384615384615385,0.02328589909443726,0.7432432432432432,0.041750503018108655
4953826,1292.0,772,61,8,100,86,1007.0,101.0,123.0,61.0,0.07901554404145078,0.13114754098360656,0.010362694300518135,0.86,0.1002979145978153
4358072,1928.0,771,69,10,29,18,1753.0,29.0,93.0,53.0,0.08949416342412451,0.14492753623188406,0.01297016861219196,0.6206896551724138,0.01654306902452938
4106517,2141.0,771,97,27,134,104,1818.0,151.0,113.0,59.0,0.125810635538262,0.27835051546391754,0.03501945525291829,0.7761194029850746,0.08305830583058306
4193511,1636.0,771,59,5,25,18,1495.0,33.0,85.0,23.0,0.07652399481193256,0.0847457627118644,0.00648508430609598,0.72,0.022073578595317726
1635363,1430.0,771,103,7,41,33,1143.0,43.0,154.0,90.0,0.13359273670557717,0.06796116504854369,0.009079118028534372,0.8048780487804879,0.03762029746281715
3726582,1214.0,771,23,3,14,11,1162.0,14.0,14.0,24.0,0.029831387808041506,0.13043478260869565,0.0038910505836575876,0.7857142857142857,0.012048192771084338
1958275,1929.0,770,82,23,318,242,1213.0,346.0,347.0,23.0,0.10649350649350649,0.2804878048780488,0.02987012987012987,0.7610062893081762,0.2852431986809563
4982192,1503.0,770,77,9,99,88,1205.0,102.0,152.0,44.0,0.1,0.11688311688311688,0.011688311688311689,0.8888888888888888,0.08464730290456432
1729588,2075.0,770,47,3,6,3,1985.0,6.0,52.0,32.0,0.06103896103896104,0.06382978723404255,0.003896103896103896,0.5,0.003022670025188917
2872294,2832.0,769,167,37,160,121,2354.0,168.0,246.0,64.0,0.21716514954486346,0.2215568862275449,0.04811443433029909,0.75625,0.0713678844519966
990111,1039.0,768,15,1,2,1,1003.0,2.0,15.0,19.0,0.01953125,0.06666666666666667,0.0013020833333333333,0.5,0.0019940179461615153
2526041,1412.0,768,54,9,92,80,1193.0,100.0,67.0,52.0,0.0703125,0.16666666666666666,0.01171875,0.8695652173913043,0.08382229673093043
1532088,1979.0,767,120,30,203,166,1503.0,208.0,201.0,67.0,0.15645371577574968,0.25,0.03911342894393742,0.8177339901477833,0.1383898868928809
4977497,2126.0,767,49,3,5,2,2030.0,5.0,48.0,43.0,0.06388526727509779,0.061224489795918366,0.003911342894393742,0.4,0.0024630541871921183
2698437,2798.0,764,135,30,150,115,2380.0,164.0,158.0,96.0,0.17670157068062828,0.2222222222222222,0.03926701570680628,0.7666666666666667,0.06890756302521009
2413296,3622.0,764,130,31,111,80,3292.0,127.0,153.0,50.0,0.17015706806282724,0.23846153846153847,0.04057591623036649,0.7207207207207207,0.038578371810449576
1877159,1341.0,762,55,3,3,0,1217.0,3.0,58.0,63.0,0.07217847769028872,0.05454545454545454,0.003937007874015748,0.0,0.0024650780608052587
1783394,1994.0,761,119,16,60,41,1679.0,63.0,179.0,73.0,0.15637319316688567,0.13445378151260504,0.02102496714848883,0.6833333333333333,0.03752233472304944
2512968,2904.0,761,119,24,72,47,2618.0,81.0,125.0,80.0,0.15637319316688567,0.20168067226890757,0.03153745072273324,0.6527777777777778,0.030939648586707412
1774298,1349.0,760,50,3,16,11,1236.0,17.0,47.0,49.0,0.06578947368421052,0.06,0.003947368421052632,0.6875,0.013754045307443365
2136933,2162.0,760,122,26,133,104,1772.0,142.0,146.0,102.0,0.16052631578947368,0.21311475409836064,0.034210526315789476,0.7819548872180451,0.08013544018058691
1489094,1936.0,759,105,9,48,35,1677.0,54.0,162.0,43.0,0.1383399209486166,0.08571428571428572,0.011857707509881422,0.7291666666666666,0.03220035778175313
3701839,1641.0,759,67,6,20,14,1501.0,22.0,82.0,36.0,0.08827404479578392,0.08955223880597014,0.007905138339920948,0.7,0.014656895403064623
3663224,2524.0,759,127,21,62,40,2190.0,66.0,157.0,111.0,0.1673254281949934,0.16535433070866143,0.02766798418972332,0.6451612903225806,0.030136986301369864
2636586,1590.0,759,95,16,86,67,1304.0,90.0,143.0,53.0,0.1251646903820817,0.16842105263157894,0.021080368906455864,0.7790697674418605,0.06901840490797546
3100408,2236.0,758,90,25,123,96,1933.0,132.0,127.0,44.0,0.11873350923482849,0.2777777777777778,0.032981530343007916,0.7804878048780488,0.06828763579927574
2341266,1756.0,758,63,8,24,15,1612.0,25.0,73.0,46.0,0.08311345646437995,0.12698412698412698,0.010554089709762533,0.625,0.015508684863523574
2596518,1779.0,757,75,11,57,46,1569.0,61.0,99.0,50.0,0.09907529722589167,0.14666666666666667,0.01453104359313078,0.8070175438596491,0.038878266411727216
1988672,2648.0,757,101,21,92,69,2344.0,105.0,146.0,53.0,0.1334214002642008,0.2079207920792079,0.02774108322324967,0.75,0.04479522184300341
5030407,1943.0,757,111,38,196,150,1516.0,208.0,170.0,49.0,0.14663143989431968,0.34234234234234234,0.05019815059445178,0.7653061224489796,0.13720316622691292
3336289,2501.0,756,91,18,49,31,2252.0,61.0,142.0,46.0,0.12037037037037036,0.1978021978021978,0.023809523809523808,0.6326530612244898,0.02708703374777975
1375362,2165.0,756,79,14,57,43,1954.0,69.0,104.0,38.0,0.10449735449735449,0.17721518987341772,0.018518518518518517,0.7543859649122807,0.035312180143295804
3176349,1229.0,756,32,8,32,24,1111.0,36.0,57.0,25.0,0.042328042328042326,0.25,0.010582010582010581,0.75,0.032403240324032405
150092,1165.0,756,62,6,16,10,990.0,18.0,89.0,68.0,0.082010582010582,0.0967741935483871,0.007936507936507936,0.625,0.01818181818181818
4045204,1445.0,755,73,11,54,39,1218.0,59.0,123.0,45.0,0.09668874172185431,0.1506849315068493,0.01456953642384106,0.7222222222222222,0.048440065681444995
1550383,2105.0,754,56,5,14,9,1984.0,17.0,58.0,46.0,0.07427055702917772,0.08928571428571429,0.006631299734748011,0.6428571428571429,0.008568548387096774
998114,2424.0,754,129,31,114,77,2020.0,129.0,194.0,81.0,0.17108753315649866,0.24031007751937986,0.04111405835543767,0.6754385964912281,0.06386138613861386
4234389,2650.0,754,123,16,56,40,2317.0,59.0,131.0,143.0,0.16312997347480107,0.13008130081300814,0.021220159151193633,0.7142857142857143,0.025463962019853258
3739450,1815.0,752,89,9,32,21,1593.0,32.0,124.0,66.0,0.11835106382978723,0.10112359550561797,0.011968085106382979,0.65625,0.020087884494664157
451092,3078.0,751,123,24,109,81,2724.0,114.0,152.0,88.0,0.16378162450066577,0.1951219512195122,0.03195739014647137,0.7431192660550459,0.04185022026431718
917578,1579.0,751,68,9,34,24,1370.0,35.0,94.0,80.0,0.09054593874833555,0.1323529411764706,0.011984021304926764,0.7058823529411765,0.025547445255474453
4147847,2383.0,751,119,18,66,45,2076.0,71.0,161.0,75.0,0.1584553928095872,0.15126050420168066,0.023968042609853527,0.6818181818181818,0.03420038535645472
4535278,1339.0,750,51,4,12,8,1222.0,12.0,65.0,40.0,0.068,0.0784313725490196,0.005333333333333333,0.6666666666666666,0.009819967266775777
3467297,1538.0,750,74,6,22,15,1386.0,22.0,82.0,48.0,0.09866666666666667,0.08108108108108109,0.008,0.6818181818181818,0.015873015873015872
1236409,2896.0,750,118,10,59,48,2609.0,66.0,155.0,66.0,0.15733333333333333,0.0847457627118644,0.013333333333333334,0.8135593220338984,0.025297048677654272
3117587,2171.0,750,119,22,118,90,1781.0,132.0,173.0,85.0,0.15866666666666668,0.18487394957983194,0.029333333333333333,0.7627118644067796,0.07411566535654127
2921059,887.0,750,12,1,8,7,847.0,9.0,13.0,18.0,0.016,0.08333333333333333,0.0013333333333333333,0.875,0.010625737898465172
2003083,3554.0,750,175,44,146,101,2778.0,157.0,260.0,359.0,0.23333333333333334,0.25142857142857145,0.058666666666666666,0.6917808219178082,0.056515478761699066
1340517,1437.0,749,90,7,42,29,1219.0,45.0,104.0,69.0,0.12016021361815754,0.07777777777777778,0.009345794392523364,0.6904761904761905,0.03691550451189499
2783282,1966.0,749,96,17,134,113,1621.0,161.0,124.0,60.0,0.12817089452603472,0.17708333333333334,0.022696929238985315,0.8432835820895522,0.09932140653917335
4323655,1539.0,749,55,11,40,28,1389.0,41.0,65.0,44.0,0.07343124165554073,0.2,0.014686248331108143,0.7,0.029517638588912886
3057385,1853.0,748,85,20,132,105,1514.0,145.0,162.0,32.0,0.11363636363636363,0.23529411764705882,0.026737967914438502,0.7954545454545454,0.09577278731836196
2381796,1084.0,748,26,0,2,2,1018.0,2.0,41.0,23.0,0.034759358288770054,0.0,0.0,1.0,0.0019646365422396855
4255953,1919.0,747,111,24,126,96,1554.0,137.0,174.0,54.0,0.14859437751004015,0.21621621621621623,0.0321285140562249,0.7619047619047619,0.08815958815958816
12407,1324.0,746,43,2,7,5,1248.0,7.0,45.0,24.0,0.057640750670241284,0.046511627906976744,0.002680965147453083,0.7142857142857143,0.005608974358974359
1613385,1026.0,746,24,0,3,3,947.0,3.0,36.0,40.0,0.032171581769437,0.0,0.0,1.0,0.0031678986272439284
824180,2156.0,746,62,6,17,11,1996.0,18.0,101.0,41.0,0.08310991957104558,0.0967741935483871,0.00804289544235925,0.6470588235294118,0.009018036072144289
3248341,1584.0,745,115,11,40,28,1321.0,42.0,137.0,84.0,0.15436241610738255,0.09565217391304348,0.01476510067114094,0.7,0.03179409538228615
3342150,1541.0,745,99,6,11,5,1338.0,11.0,131.0,61.0,0.13288590604026845,0.06060606060606061,0.008053691275167786,0.45454545454545453,0.008221225710014948
2116151,1071.0,744,26,1,3,2,1002.0,3.0,44.0,22.0,0.03494623655913978,0.038461538461538464,0.0013440860215053765,0.6666666666666666,0.0029940119760479044
979761,2825.0,744,137,31,98,65,2451.0,109.0,207.0,58.0,0.18413978494623656,0.22627737226277372,0.041666666666666664,0.6632653061224489,0.044471644226846185
1106292,1460.0,743,89,12,80,65,1181.0,87.0,146.0,46.0,0.11978465679676985,0.1348314606741573,0.016150740242261104,0.8125,0.07366638441998306
3447865,1449.0,742,40,3,10,7,1374.0,10.0,47.0,18.0,0.05390835579514825,0.075,0.004043126684636119,0.7,0.00727802037845706
4774660,2162.0,742,88,13,40,25,1955.0,41.0,119.0,47.0,0.11859838274932614,0.14772727272727273,0.01752021563342318,0.625,0.020971867007672635
4707763,1627.0,741,69,13,43,28,1464.0,44.0,75.0,44.0,0.0931174089068826,0.18840579710144928,0.017543859649122806,0.6511627906976745,0.030054644808743168
561327,1549.0,740,60,10,65,52,1380.0,65.0,62.0,42.0,0.08108108108108109,0.16666666666666666,0.013513513513513514,0.8,0.04710144927536232
3827546,1635.0,740,87,14,105,84,1341.0,118.0,130.0,46.0,0.11756756756756757,0.16091954022988506,0.01891891891891892,0.8,0.08799403430275914
1366688,4054.0,739,125,64,367,291,3270.0,498.0,215.0,71.0,0.16914749661705006,0.512,0.08660351826792964,0.7929155313351499,0.15229357798165138
1168771,1761.0,738,66,4,20,15,1601.0,21.0,73.0,66.0,0.08943089430894309,0.06060606060606061,0.005420054200542005,0.75,0.01311680199875078
3389104,1492.0,738,46,5,17,12,1378.0,21.0,72.0,21.0,0.06233062330623306,0.10869565217391304,0.006775067750677507,0.7058823529411765,0.015239477503628448
713731,2379.0,737,104,27,94,66,2073.0,113.0,144.0,49.0,0.14111261872455902,0.25961538461538464,0.036635006784260515,0.7021276595744681,0.05451037144235408
1832757,2012.0,737,80,6,11,5,1805.0,17.0,129.0,61.0,0.10854816824966079,0.075,0.008141112618724558,0.45454545454545453,0.009418282548476454
4411052,1690.0,736,27,0,4,4,1629.0,4.0,26.0,31.0,0.036684782608695655,0.0,0.0,1.0,0.0024554941682013503
3003972,1058.0,736,33,1,5,4,977.0,7.0,33.0,41.0,0.04483695652173913,0.030303030303030304,0.001358695652173913,0.8,0.007164790174002047
2479831,2437.0,736,116,18,81,60,2090.0,94.0,185.0,68.0,0.15760869565217392,0.15517241379310345,0.024456521739130436,0.7407407407407407,0.044976076555023926
1598774,2524.0,735,14,2,172,165,2216.0,197.0,14.0,97.0,0.01904761904761905,0.14285714285714285,0.0027210884353741495,0.9593023255813954,0.08889891696750903
3177782,2009.0,734,126,23,106,79,1647.0,115.0,195.0,52.0,0.17166212534059946,0.18253968253968253,0.031335149863760216,0.7452830188679245,0.06982392228293868
166326,2132.0,734,125,21,228,201,1634.0,246.0,206.0,46.0,0.17029972752043596,0.168,0.02861035422343324,0.881578947368421,0.15055079559363524
2415413,1866.0,729,95,23,116,87,1545.0,120.0,152.0,49.0,0.13031550068587106,0.24210526315789474,0.03155006858710562,0.75,0.07766990291262135
2565857,2655.0,728,75,7,29,21,2509.0,31.0,83.0,32.0,0.10302197802197802,0.09333333333333334,0.009615384615384616,0.7241379310344828,0.012355520127540853
1447294,1766.0,728,90,12,54,39,1541.0,58.0,119.0,48.0,0.12362637362637363,0.13333333333333333,0.016483516483516484,0.7222222222222222,0.03763789746917586
2664775,2275.0,728,94,18,38,18,2033.0,41.0,154.0,47.0,0.12912087912087913,0.19148936170212766,0.024725274725274724,0.47368421052631576,0.02016724053123463
4988053,2643.0,728,79,18,78,60,2397.0,112.0,100.0,34.0,0.10851648351648352,0.22784810126582278,0.024725274725274724,0.7692307692307693,0.046725073007926575
4215937,2065.0,726,127,26,80,52,1711.0,117.0,194.0,43.0,0.174931129476584,0.2047244094488189,0.03581267217630854,0.65,0.06838106370543542
3827944,1404.0,726,61,10,26,15,1254.0,28.0,76.0,46.0,0.08402203856749312,0.16393442622950818,0.013774104683195593,0.5769230769230769,0.022328548644338118
5015375,1990.0,723,91,27,204,174,1577.0,208.0,134.0,71.0,0.12586445366528354,0.2967032967032967,0.03734439834024896,0.8529411764705882,0.13189600507292326
1730162,1662.0,723,48,2,5,3,1566.0,6.0,44.0,46.0,0.06639004149377593,0.041666666666666664,0.0027662517289073307,0.6,0.0038314176245210726
3758834,1533.0,722,92,9,29,19,1310.0,33.0,119.0,71.0,0.12742382271468145,0.09782608695652174,0.012465373961218837,0.6551724137931034,0.025190839694656488
3796606,2537.0,721,109,16,53,35,2253.0,57.0,125.0,102.0,0.15117891816920942,0.14678899082568808,0.022191400832177532,0.660377358490566,0.02529960053262317
1641818,2308.0,720,89,5,27,21,2102.0,29.0,88.0,89.0,0.12361111111111112,0.056179775280898875,0.006944444444444444,0.7777777777777778,0.01379638439581351
2974419,1210.0,720,52,9,29,20,1076.0,31.0,73.0,30.0,0.07222222222222222,0.17307692307692307,0.0125,0.6896551724137931,0.028810408921933085
4624272,2425.0,719,93,27,93,62,2157.0,104.0,123.0,41.0,0.12934631432545202,0.2903225806451613,0.037552155771905425,0.6666666666666666,0.04821511358368104
4135185,1623.0,718,60,12,38,26,1474.0,38.0,74.0,37.0,0.08356545961002786,0.2,0.016713091922005572,0.6842105263157895,0.025780189959294438
3753279,1819.0,717,87,11,86,68,1494.0,89.0,186.0,50.0,0.12133891213389121,0.12643678160919541,0.015341701534170154,0.7906976744186046,0.059571619812583666
499665,1456.0,717,82,8,34,26,1252.0,36.0,125.0,43.0,0.11436541143654114,0.0975609756097561,0.011157601115760111,0.7647058823529411,0.02875399361022364
1084665,2335.0,717,112,25,101,74,2008.0,118.0,152.0,57.0,0.15620641562064155,0.22321428571428573,0.03486750348675035,0.7326732673267327,0.05876494023904383
462791,2254.0,716,119,30,143,109,1873.0,156.0,181.0,44.0,0.16620111731843576,0.25210084033613445,0.04189944134078212,0.7622377622377622,0.08328884143085959
4339963,1139.0,716,10,1,11,9,1110.0,11.0,8.0,10.0,0.013966480446927373,0.1,0.0013966480446927375,0.8181818181818182,0.00990990990990991
4338029,2726.0,716,118,29,111,81,2418.0,114.0,127.0,67.0,0.164804469273743,0.2457627118644068,0.040502793296089384,0.7297297297297297,0.04714640198511166
711599,1972.0,715,54,6,23,16,1862.0,26.0,59.0,25.0,0.07552447552447553,0.1111111111111111,0.008391608391608392,0.6956521739130435,0.013963480128893663
105137,1214.0,715,50,8,83,72,995.0,90.0,87.0,42.0,0.06993006993006994,0.16,0.011188811188811189,0.8674698795180723,0.09045226130653267
1030192,2419.0,713,25,9,857,845,1195.0,1183.0,0.0,41.0,0.03506311360448808,0.36,0.012622720897615708,0.9859976662777129,0.9899581589958159
4960046,2582.0,713,82,17,50,32,2389.0,55.0,103.0,35.0,0.1150070126227209,0.2073170731707317,0.023842917251051893,0.64,0.023022185014650483
1997869,2072.0,711,81,4,15,11,1914.0,16.0,85.0,57.0,0.11392405063291139,0.04938271604938271,0.005625879043600563,0.7333333333333333,0.008359456635318705
2171,1845.0,711,105,18,99,77,1540.0,103.0,157.0,45.0,0.14767932489451477,0.17142857142857143,0.02531645569620253,0.7777777777777778,0.06688311688311688
5103246,1945.0,710,116,20,55,34,1667.0,58.0,158.0,62.0,0.16338028169014085,0.1724137931034483,0.028169014084507043,0.6181818181818182,0.03479304139172166
2643222,1222.0,710,50,7,18,10,1086.0,19.0,65.0,52.0,0.07042253521126761,0.14,0.009859154929577466,0.5555555555555556,0.017495395948434623
3937814,2213.0,709,144,36,150,112,1728.0,163.0,231.0,91.0,0.20310296191819463,0.25,0.05077574047954866,0.7466666666666667,0.0943287037037037
2816302,2581.0,708,89,13,36,20,2377.0,39.0,108.0,57.0,0.12570621468926554,0.14606741573033707,0.018361581920903956,0.5555555555555556,0.016407236011779555
1352609,1618.0,707,98,18,170,147,1245.0,173.0,167.0,33.0,0.13861386138613863,0.1836734693877551,0.02545968882602546,0.8647058823529412,0.1389558232931727
128908,898.0,707,16,0,1,1,823.0,1.0,39.0,35.0,0.02263083451202263,0.0,0.0,1.0,0.001215066828675577
4497044,2201.0,707,116,32,160,124,1815.0,176.0,163.0,47.0,0.16407355021216408,0.27586206896551724,0.04526166902404526,0.775,0.09696969696969697
1254330,2283.0,707,82,18,101,83,2019.0,116.0,107.0,41.0,0.11598302687411598,0.21951219512195122,0.02545968882602546,0.8217821782178217,0.05745418524021793
2313162,744.0,705,1,0,0,0,729.0,0.0,3.0,12.0,0.0014184397163120568,0.0,0.0,,0.0
784897,1736.0,705,61,10,60,49,1548.0,70.0,77.0,41.0,0.08652482269503546,0.16393442622950818,0.014184397163120567,0.8166666666666667,0.04521963824289406
4568967,1531.0,704,88,6,15,9,1323.0,15.0,111.0,82.0,0.125,0.06818181818181818,0.008522727272727272,0.6,0.011337868480725623
2854798,1476.0,703,62,9,35,26,1325.0,41.0,80.0,30.0,0.08819345661450925,0.14516129032258066,0.012802275960170697,0.7428571428571429,0.030943396226415093
1909440,2576.0,702,122,25,78,52,2267.0,88.0,156.0,65.0,0.1737891737891738,0.20491803278688525,0.03561253561253561,0.6666666666666666,0.0388178209086899
3815870,1586.0,702,75,13,90,75,1296.0,115.0,130.0,45.0,0.10683760683760683,0.17333333333333334,0.018518518518518517,0.8333333333333334,0.08873456790123457
2183874,2239.0,701,74,15,41,25,2033.0,49.0,95.0,62.0,0.10556348074179743,0.20270270270270271,0.021398002853067047,0.6097560975609756,0.024102311854402363
1537669,2035.0,701,92,23,139,114,1696.0,159.0,124.0,56.0,0.1312410841654779,0.25,0.03281027104136947,0.8201438848920863,0.09375
2197799,1826.0,701,100,29,149,120,1490.0,161.0,120.0,55.0,0.14265335235378032,0.29,0.04136947218259629,0.8053691275167785,0.10805369127516778
4276422,1325.0,700,53,6,30,23,1202.0,30.0,62.0,31.0,0.07571428571428572,0.11320754716981132,0.008571428571428572,0.7666666666666667,0.024958402662229616
262541,1501.0,700,93,22,138,105,1073.0,150.0,247.0,31.0,0.13285714285714287,0.23655913978494625,0.03142857142857143,0.7608695652173914,0.13979496738117428
2806798,1632.0,700,74,17,52,33,1440.0,56.0,107.0,29.0,0.10571428571428572,0.22972972972972974,0.024285714285714285,0.6346153846153846,0.03888888888888889
3448205,2601.0,699,142,30,178,141,2149.0,199.0,204.0,49.0,0.20314735336194564,0.2112676056338028,0.04291845493562232,0.7921348314606742,0.09260120986505352
1896675,2284.0,699,96,24,100,75,1978.0,110.0,131.0,65.0,0.13733905579399142,0.25,0.034334763948497854,0.75,0.055611729019211326
4112095,1585.0,699,68,13,81,62,1336.0,102.0,108.0,39.0,0.09728183118741059,0.19117647058823528,0.01859799713876967,0.7654320987654321,0.07634730538922156
2099400,2013.0,699,101,20,84,63,1733.0,91.0,103.0,86.0,0.14449213161659513,0.19801980198019803,0.02861230329041488,0.75,0.052510098095787654
4792801,1654.0,697,75,21,106,83,1406.0,112.0,98.0,38.0,0.10760401721664276,0.28,0.03012912482065997,0.7830188679245284,0.07965860597439545
4591425,1516.0,697,39,6,144,137,1240.0,180.0,62.0,34.0,0.05595408895265423,0.15384615384615385,0.00860832137733142,0.9513888888888888,0.14516129032258066
892254,1535.0,696,78,21,125,98,1234.0,131.0,133.0,37.0,0.11206896551724138,0.2692307692307692,0.03017241379310345,0.784,0.10615883306320907
3756841,2059.0,695,78,21,89,66,1819.0,98.0,102.0,40.0,0.11223021582733812,0.2692307692307692,0.030215827338129497,0.7415730337078652,0.05387575590984057
104848,1983.0,694,78,19,135,113,1711.0,138.0,96.0,38.0,0.11239193083573487,0.24358974358974358,0.027377521613832854,0.837037037037037,0.08065458796025717
3043292,2929.0,694,100,23,50,26,2662.0,52.0,136.0,79.0,0.1440922190201729,0.23,0.03314121037463977,0.52,0.019534184823441023
106589,2773.0,693,118,30,199,165,2315.0,212.0,177.0,69.0,0.17027417027417027,0.2542372881355932,0.04329004329004329,0.8291457286432161,0.09157667386609071
2080896,1501.0,693,47,2,9,7,1366.0,10.0,60.0,65.0,0.06782106782106782,0.0425531914893617,0.002886002886002886,0.7777777777777778,0.007320644216691069
1936090,1221.0,693,25,1,3,2,1168.0,3.0,15.0,35.0,0.03607503607503607,0.04,0.001443001443001443,0.6666666666666666,0.0025684931506849314
1302909,1096.0,692,41,6,15,9,980.0,15.0,57.0,44.0,0.059248554913294796,0.14634146341463414,0.008670520231213872,0.6,0.015306122448979591
1272549,1695.0,692,91,10,74,61,1401.0,80.0,145.0,69.0,0.1315028901734104,0.10989010989010989,0.014450867052023121,0.8243243243243243,0.05710206995003569
3324385,1508.0,692,89,13,68,51,1231.0,69.0,141.0,67.0,0.12861271676300579,0.14606741573033707,0.01878612716763006,0.75,0.056051990251827784
2468711,1652.0,692,90,11,43,32,1443.0,47.0,103.0,59.0,0.13005780346820808,0.12222222222222222,0.015895953757225433,0.7441860465116279,0.03257103257103257
3527242,1890.0,691,47,5,24,19,1756.0,29.0,64.0,41.0,0.06801736613603473,0.10638297872340426,0.00723589001447178,0.7916666666666666,0.01651480637813212
3727100,1627.0,691,54,12,40,26,1487.0,44.0,62.0,34.0,0.07814761215629522,0.2222222222222222,0.017366136034732273,0.65,0.029589778076664425
3521896,1754.0,691,120,23,92,68,1418.0,99.0,172.0,65.0,0.1736613603473227,0.19166666666666668,0.03328509406657019,0.7391304347826086,0.06981664315937941
2436491,1789.0,691,103,15,48,30,1542.0,58.0,161.0,28.0,0.14905933429811866,0.14563106796116504,0.02170767004341534,0.625,0.03761348897535668
378205,1673.0,690,76,11,149,130,1365.0,156.0,99.0,53.0,0.11014492753623188,0.14473684210526316,0.015942028985507246,0.87248322147651,0.11428571428571428
3748100,1834.0,689,122,32,160,116,1409.0,173.0,194.0,58.0,0.17706821480406387,0.26229508196721313,0.04644412191582003,0.725,0.12278211497515969
4578843,1787.0,688,97,11,39,28,1567.0,40.0,105.0,75.0,0.14098837209302326,0.1134020618556701,0.015988372093023256,0.717948717948718,0.025526483726866625
4372759,1992.0,688,76,12,25,13,1807.0,28.0,79.0,78.0,0.11046511627906977,0.15789473684210525,0.01744186046511628,0.52,0.01549529607083564
1624041,1727.0,687,72,15,76,58,1498.0,84.0,93.0,52.0,0.10480349344978165,0.20833333333333334,0.021834061135371178,0.7631578947368421,0.056074766355140186
1479868,1566.0,687,72,12,64,52,1370.0,64.0,89.0,43.0,0.10480349344978165,0.16666666666666666,0.017467248908296942,0.8125,0.04671532846715328
1360533,1077.0,687,51,6,28,20,951.0,28.0,59.0,39.0,0.07423580786026202,0.11764705882352941,0.008733624454148471,0.7142857142857143,0.029442691903259727
1493374,1673.0,687,92,8,14,5,1493.0,14.0,110.0,56.0,0.1339155749636099,0.08695652173913043,0.011644832605531296,0.35714285714285715,0.009377093101138647
2881031,1832.0,687,84,15,40,24,1624.0,44.0,94.0,70.0,0.1222707423580786,0.17857142857142858,0.021834061135371178,0.6,0.027093596059113302
2327095,2768.0,686,85,12,38,26,2572.0,39.0,107.0,50.0,0.1239067055393586,0.1411764705882353,0.01749271137026239,0.6842105263157895,0.015163297045101089
4527263,2306.0,686,93,23,75,50,2053.0,85.0,136.0,32.0,0.13556851311953352,0.24731182795698925,0.033527696793002916,0.6666666666666666,0.04140282513395031
1127791,1389.0,686,38,7,34,26,1272.0,43.0,54.0,20.0,0.05539358600583091,0.18421052631578946,0.01020408163265306,0.7647058823529411,0.03380503144654088
2677611,1612.0,685,79,15,87,70,1359.0,94.0,109.0,50.0,0.11532846715328467,0.189873417721519,0.021897810218978103,0.8045977011494253,0.06916850625459897
2024359,1305.0,685,50,5,24,18,1171.0,28.0,77.0,29.0,0.072992700729927,0.1,0.0072992700729927005,0.75,0.02391118701964133
1858817,1842.0,684,68,17,62,43,1652.0,65.0,80.0,45.0,0.09941520467836257,0.25,0.024853801169590642,0.6935483870967742,0.03934624697336562
1037069,1421.0,683,39,1,22,21,1307.0,23.0,53.0,38.0,0.05710102489019034,0.02564102564102564,0.0014641288433382138,0.9545454545454546,0.017597551644988524
3697658,1528.0,683,95,11,100,83,1198.0,105.0,157.0,68.0,0.1390922401171303,0.11578947368421053,0.016105417276720352,0.83,0.08764607679465776
5097436,1666.0,683,92,13,123,106,1341.0,134.0,149.0,42.0,0.13469985358711567,0.14130434782608695,0.01903367496339678,0.8617886178861789,0.09992542878448919
4952210,2128.0,683,68,10,73,60,1758.0,77.0,97.0,196.0,0.09956076134699854,0.14705882352941177,0.014641288433382138,0.821917808219178,0.04379977246871445
244681,2509.0,682,65,25,153,127,2188.0,210.0,92.0,19.0,0.09530791788856305,0.38461538461538464,0.036656891495601175,0.8300653594771242,0.09597806215722121
845370,1784.0,682,112,6,30,22,1492.0,45.0,169.0,78.0,0.16422287390029325,0.05357142857142857,0.008797653958944282,0.7333333333333333,0.030160857908847184
4605315,1979.0,680,53,5,16,11,1868.0,16.0,59.0,36.0,0.07794117647058824,0.09433962264150944,0.007352941176470588,0.6875,0.008565310492505354
3013991,1782.0,680,93,8,43,35,1539.0,58.0,150.0,35.0,0.13676470588235295,0.08602150537634409,0.011764705882352941,0.813953488372093,0.037686809616634176
2278353,1378.0,680,81,11,49,36,1169.0,49.0,114.0,46.0,0.11911764705882352,0.13580246913580246,0.016176470588235296,0.7346938775510204,0.041916167664670656
3754527,1996.0,679,116,24,81,52,1675.0,106.0,148.0,67.0,0.17083946980854198,0.20689655172413793,0.035346097201767304,0.6419753086419753,0.06328358208955225
2568036,909.0,679,6,0,1,1,891.0,1.0,15.0,2.0,0.008836524300441826,0.0,0.0,1.0,0.001122334455667789
4214301,2024.0,678,90,22,121,96,1716.0,135.0,126.0,47.0,0.13274336283185842,0.24444444444444444,0.032448377581120944,0.7933884297520661,0.07867132867132867
1635426,1622.0,678,45,6,53,45,1485.0,56.0,58.0,23.0,0.06637168141592921,0.13333333333333333,0.008849557522123894,0.8490566037735849,0.03771043771043771
3379070,1367.0,678,45,6,20,13,1252.0,21.0,46.0,48.0,0.06637168141592921,0.13333333333333333,0.008849557522123894,0.65,0.016773162939297124
257793,1663.0,677,7,2,635,633,965.0,683.0,0.0,15.0,0.0103397341211226,0.2857142857142857,0.0029542097488921715,0.9968503937007874,0.7077720207253886
568628,1317.0,677,57,14,60,43,1135.0,73.0,83.0,26.0,0.08419497784342689,0.24561403508771928,0.0206794682422452,0.7166666666666667,0.06431718061674009
4896014,1724.0,675,87,12,42,30,1491.0,46.0,139.0,48.0,0.1288888888888889,0.13793103448275862,0.017777777777777778,0.7142857142857143,0.03085177733065057
980025,2754.0,675,60,8,42,33,2585.0,44.0,97.0,28.0,0.08888888888888889,0.13333333333333333,0.011851851851851851,0.7857142857142857,0.01702127659574468
4202143,1620.0,675,99,18,75,55,1338.0,81.0,160.0,41.0,0.14666666666666667,0.18181818181818182,0.02666666666666667,0.7333333333333333,0.06053811659192825
1340836,1662.0,674,101,15,85,66,1398.0,88.0,121.0,55.0,0.14985163204747776,0.1485148514851485,0.02225519287833828,0.7764705882352941,0.06294706723891273
2689976,1458.0,672,58,7,24,16,1330.0,25.0,65.0,38.0,0.08630952380952381,0.1206896551724138,0.010416666666666666,0.6666666666666666,0.018796992481203006
959702,1738.0,672,53,6,17,11,1605.0,18.0,79.0,36.0,0.07886904761904762,0.11320754716981132,0.008928571428571428,0.6470588235294118,0.011214953271028037
3783926,1261.0,671,48,7,20,13,1144.0,20.0,70.0,27.0,0.07153502235469449,0.14583333333333334,0.010432190760059613,0.65,0.017482517482517484
1254305,1025.0,670,57,2,14,12,906.0,15.0,70.0,34.0,0.08507462686567165,0.03508771929824561,0.0029850746268656717,0.8571428571428571,0.016556291390728478
4781861,1278.0,668,47,4,38,30,1146.0,41.0,67.0,24.0,0.07035928143712575,0.0851063829787234,0.005988023952095809,0.7894736842105263,0.03577661431064572
1397281,1046.0,668,37,0,34,32,925.0,35.0,63.0,23.0,0.05538922155688623,0.0,0.0,0.9411764705882353,0.03783783783783784
2480639,1734.0,667,26,2,42,37,1417.0,46.0,6.0,265.0,0.038980509745127435,0.07692307692307693,0.0029985007496251873,0.8809523809523809,0.032462949894142556
3478949,836.0,666,20,1,3,2,728.0,3.0,41.0,64.0,0.03003003003003003,0.05,0.0015015015015015015,0.6666666666666666,0.004120879120879121
2547722,2185.0,666,110,19,69,48,1894.0,79.0,144.0,68.0,0.16516516516516516,0.17272727272727273,0.028528528528528527,0.6956521739130435,0.04171066525871172
4284910,1125.0,664,42,4,10,6,1034.0,11.0,41.0,39.0,0.06325301204819277,0.09523809523809523,0.006024096385542169,0.6,0.010638297872340425
759560,1565.0,664,87,8,47,39,1362.0,51.0,103.0,49.0,0.13102409638554216,0.09195402298850575,0.012048192771084338,0.8297872340425532,0.037444933920704845
4572192,2061.0,663,61,12,55,43,1891.0,62.0,77.0,31.0,0.09200603318250378,0.19672131147540983,0.01809954751131222,0.7818181818181819,0.03278688524590164
1274175,1156.0,663,33,9,44,34,1035.0,44.0,48.0,29.0,0.049773755656108594,0.2727272727272727,0.013574660633484163,0.7727272727272727,0.04251207729468599
2578274,2026.0,662,81,6,14,6,1853.0,21.0,84.0,68.0,0.12235649546827794,0.07407407407407407,0.00906344410876133,0.42857142857142855,0.011332973556395036
1998227,1573.0,660,65,15,105,85,1347.0,111.0,73.0,42.0,0.09848484848484848,0.23076923076923078,0.022727272727272728,0.8095238095238095,0.08240534521158129
1434020,1529.0,660,63,3,8,5,1393.0,8.0,65.0,63.0,0.09545454545454546,0.047619047619047616,0.004545454545454545,0.625,0.00574300071787509
2228775,1438.0,659,66,6,28,22,1277.0,30.0,81.0,50.0,0.10015174506828528,0.09090909090909091,0.009104704097116844,0.7857142857142857,0.023492560689115115
2426100,1791.0,658,49,2,12,8,1685.0,13.0,70.0,23.0,0.07446808510638298,0.04081632653061224,0.00303951367781155,0.6666666666666666,0.00771513353115727
1230484,1682.0,658,65,16,75,55,1481.0,80.0,88.0,33.0,0.09878419452887538,0.24615384615384617,0.0243161094224924,0.7333333333333333,0.05401755570560432
4725921,1565.0,657,38,0,5,5,1487.0,6.0,28.0,44.0,0.0578386605783866,0.0,0.0,1.0,0.004034969737726967
2592038,2455.0,656,100,22,77,55,2201.0,86.0,113.0,55.0,0.1524390243902439,0.22,0.03353658536585366,0.7142857142857143,0.03907314856883235
678005,2152.0,655,112,29,112,80,1803.0,117.0,181.0,51.0,0.17099236641221374,0.25892857142857145,0.044274809160305344,0.7142857142857143,0.064891846921797
2388400,2022.0,655,112,25,121,94,1661.0,131.0,167.0,63.0,0.17099236641221374,0.22321428571428573,0.03816793893129771,0.7768595041322314,0.07886815171583383
656392,2492.0,655,113,32,95,62,2171.0,109.0,153.0,59.0,0.17251908396946564,0.2831858407079646,0.04885496183206107,0.6526315789473685,0.05020727775218793
3251598,1397.0,655,69,2,5,3,1229.0,5.0,83.0,80.0,0.10534351145038168,0.028985507246376812,0.0030534351145038168,0.6,0.0040683482506102524
3556548,1940.0,654,64,12,53,39,1772.0,54.0,85.0,29.0,0.09785932721712538,0.1875,0.01834862385321101,0.7358490566037735,0.030474040632054177
380055,1629.0,654,92,13,50,36,1403.0,53.0,103.0,70.0,0.14067278287461774,0.14130434782608695,0.019877675840978593,0.72,0.037776193870277974
315794,1204.0,654,51,5,87,79,998.0,89.0,80.0,37.0,0.0779816513761468,0.09803921568627451,0.00764525993883792,0.9080459770114943,0.08917835671342686
3794880,1131.0,653,55,8,29,21,1007.0,33.0,67.0,24.0,0.08422664624808576,0.14545454545454545,0.01225114854517611,0.7241379310344828,0.03277060575968222
2232467,756.0,653,11,0,2,2,703.0,2.0,27.0,24.0,0.016845329249617153,0.0,0.0,1.0,0.002844950213371266
3770700,1787.0,653,81,12,93,80,1523.0,102.0,102.0,60.0,0.12404287901990811,0.14814814814814814,0.018376722817764167,0.8602150537634409,0.066973079448457
2027583,1776.0,652,71,13,55,42,1583.0,62.0,100.0,31.0,0.10889570552147239,0.18309859154929578,0.019938650306748466,0.7636363636363637,0.03916614024005054
4372382,1016.0,652,32,2,16,14,927.0,16.0,35.0,38.0,0.049079754601226995,0.0625,0.003067484662576687,0.875,0.017259978425026967
2522303,1431.0,652,70,2,24,21,1266.0,24.0,75.0,66.0,0.10736196319018405,0.02857142857142857,0.003067484662576687,0.875,0.018957345971563982
2867927,1899.0,651,51,3,13,9,1791.0,15.0,56.0,37.0,0.07834101382488479,0.058823529411764705,0.004608294930875576,0.6923076923076923,0.008375209380234505
974282,1387.0,650,60,12,48,34,1211.0,50.0,90.0,36.0,0.09230769230769231,0.2,0.018461538461538463,0.7083333333333334,0.04128819157720892
1581081,1431.0,650,34,0,3,1,1309.0,4.0,93.0,25.0,0.052307692307692305,0.0,0.0,0.3333333333333333,0.0030557677616501145
4393800,1344.0,649,75,12,35,22,1166.0,39.0,111.0,28.0,0.11556240369799692,0.16,0.01848998459167951,0.6285714285714286,0.03344768439108062
4768477,1942.0,649,82,17,67,47,1707.0,77.0,111.0,47.0,0.1263482280431433,0.2073170731707317,0.026194144838212634,0.7014925373134329,0.04510837727006444
3235112,1472.0,649,89,17,96,76,1165.0,109.0,160.0,38.0,0.13713405238828968,0.19101123595505617,0.026194144838212634,0.7916666666666666,0.09356223175965665
3080141,1521.0,649,73,14,59,45,1302.0,86.0,108.0,25.0,0.11248073959938366,0.1917808219178082,0.02157164869029276,0.7627118644067796,0.06605222734254992
502123,2253.0,648,111,22,88,64,1945.0,97.0,144.0,67.0,0.1712962962962963,0.1981981981981982,0.033950617283950615,0.7272727272727273,0.04987146529562982
5149726,1655.0,648,88,22,185,158,1278.0,194.0,136.0,47.0,0.13580246913580246,0.25,0.033950617283950615,0.8540540540540541,0.15179968701095461
2559809,1463.0,647,75,11,113,100,1151.0,122.0,125.0,65.0,0.11591962905718702,0.14666666666666667,0.017001545595054096,0.8849557522123894,0.10599478714161599
176556,1504.0,645,65,11,37,26,1338.0,41.0,83.0,42.0,0.10077519379844961,0.16923076923076924,0.017054263565891473,0.7027027027027027,0.030642750373692077
4595580,1635.0,645,58,8,30,19,1501.0,30.0,63.0,41.0,0.08992248062015504,0.13793103448275862,0.012403100775193798,0.6333333333333333,0.019986675549633577
4597130,1465.0,645,73,10,40,30,1305.0,40.0,85.0,35.0,0.11317829457364341,0.136986301369863,0.015503875968992248,0.75,0.03065134099616858
362750,2094.0,644,104,22,107,81,1777.0,123.0,136.0,58.0,0.16149068322981366,0.21153846153846154,0.034161490683229816,0.7570093457943925,0.06921778277996624
1506939,1581.0,644,66,6,37,29,1390.0,39.0,115.0,37.0,0.10248447204968944,0.09090909090909091,0.009316770186335404,0.7837837837837838,0.02805755395683453
128749,1328.0,644,51,7,24,17,1201.0,27.0,54.0,46.0,0.07919254658385093,0.13725490196078433,0.010869565217391304,0.7083333333333334,0.022481265611990008
3290084,2083.0,643,70,14,46,32,1856.0,94.0,105.0,28.0,0.1088646967340591,0.2,0.02177293934681182,0.6956521739130435,0.05064655172413793
1043312,1970.0,642,104,24,64,39,1717.0,69.0,135.0,49.0,0.16199376947040497,0.23076923076923078,0.037383177570093455,0.609375,0.0401863715783343
3891335,1430.0,641,94,5,26,18,1218.0,30.0,114.0,68.0,0.14664586583463338,0.05319148936170213,0.0078003120124804995,0.6923076923076923,0.024630541871921183
2160135,2056.0,641,98,8,24,15,1845.0,26.0,105.0,80.0,0.15288611544461778,0.08163265306122448,0.0124804992199688,0.625,0.014092140921409214
2019624,1117.0,641,53,4,57,52,946.0,60.0,70.0,41.0,0.08268330733229329,0.07547169811320754,0.0062402496099844,0.9122807017543859,0.06342494714587738
4007123,2208.0,641,78,15,110,94,1943.0,123.0,113.0,29.0,0.12168486739469579,0.19230769230769232,0.0234009360374415,0.8545454545454545,0.06330416881111683
3397084,1533.0,640,69,14,68,52,1303.0,78.0,97.0,55.0,0.1078125,0.2028985507246377,0.021875,0.7647058823529411,0.059861857252494245
588463,3609.0,640,33,7,383,352,3032.0,408.0,0.0,169.0,0.0515625,0.21212121212121213,0.0109375,0.9190600522193212,0.1345646437994723
823219,1160.0,640,22,2,9,7,1106.0,10.0,26.0,18.0,0.034375,0.09090909090909091,0.003125,0.7777777777777778,0.009041591320072333
137459,1175.0,639,28,4,9,5,1122.0,9.0,30.0,14.0,0.04381846635367762,0.14285714285714285,0.006259780907668232,0.5555555555555556,0.008021390374331552
1844626,2013.0,638,47,8,30,20,1887.0,34.0,60.0,32.0,0.07366771159874608,0.1702127659574468,0.012539184952978056,0.6666666666666666,0.018018018018018018
2393800,2128.0,637,85,25,155,130,1796.0,174.0,124.0,34.0,0.13343799058084774,0.29411764705882354,0.03924646781789639,0.8387096774193549,0.09688195991091314
990723,2029.0,637,71,13,80,63,1780.0,106.0,104.0,39.0,0.11145996860282574,0.18309859154929578,0.02040816326530612,0.7875,0.05955056179775281
3864227,1650.0,636,51,9,29,20,1533.0,30.0,46.0,41.0,0.08018867924528301,0.17647058823529413,0.014150943396226415,0.6896551724137931,0.019569471624266144
4216317,1505.0,636,75,14,75,60,1253.0,81.0,132.0,39.0,0.1179245283018868,0.18666666666666668,0.0220125786163522,0.8,0.06464485235434957
2257426,1832.0,636,51,7,21,14,1734.0,22.0,51.0,25.0,0.08018867924528301,0.13725490196078433,0.0110062893081761,0.6666666666666666,0.012687427912341407
432523,1674.0,635,98,20,155,127,1298.0,157.0,176.0,43.0,0.15433070866141732,0.20408163265306123,0.031496062992125984,0.8193548387096774,0.12095531587057011
472273,2260.0,635,119,28,93,61,1874.0,134.0,169.0,83.0,0.18740157480314962,0.23529411764705882,0.04409448818897638,0.6559139784946236,0.07150480256136606
3721625,1283.0,635,74,8,16,8,1132.0,18.0,79.0,54.0,0.11653543307086614,0.10810810810810811,0.012598425196850394,0.5,0.015901060070671377
4797379,1906.0,635,61,3,4,1,1774.0,5.0,70.0,57.0,0.09606299212598425,0.04918032786885246,0.004724409448818898,0.25,0.002818489289740699
2787085,1369.0,635,32,2,6,4,1302.0,7.0,39.0,21.0,0.050393700787401574,0.0625,0.0031496062992125984,0.6666666666666666,0.005376344086021506
1117956,1099.0,634,33,0,4,3,1035.0,4.0,29.0,31.0,0.052050473186119876,0.0,0.0,0.75,0.003864734299516908
274483,2315.0,634,95,18,43,25,2126.0,44.0,112.0,33.0,0.1498422712933754,0.18947368421052632,0.028391167192429023,0.5813953488372093,0.020696142991533398
4695478,2107.0,633,80,18,46,28,1911.0,49.0,87.0,60.0,0.1263823064770932,0.225,0.02843601895734597,0.6086956521739131,0.02564102564102564
2121141,2096.0,633,102,22,50,26,1854.0,51.0,113.0,78.0,0.16113744075829384,0.21568627450980393,0.03475513428120063,0.52,0.02750809061488673
1498957,1364.0,632,82,22,98,70,1071.0,106.0,151.0,36.0,0.12974683544303797,0.2682926829268293,0.03481012658227848,0.7142857142857143,0.09897292250233426
5126058,1717.0,632,56,9,59,47,1529.0,64.0,92.0,32.0,0.08860759493670886,0.16071428571428573,0.014240506329113924,0.7966101694915254,0.041857423152387184
3334995,1344.0,632,53,7,14,7,1215.0,19.0,63.0,47.0,0.08386075949367089,0.1320754716981132,0.011075949367088608,0.5,0.015637860082304528
2016297,1973.0,631,70,15,52,36,1795.0,67.0,74.0,37.0,0.1109350237717908,0.21428571428571427,0.02377179080824089,0.6923076923076923,0.03732590529247911
5140004,957.0,631,20,1,2,1,907.0,3.0,39.0,8.0,0.03169572107765452,0.05,0.001584786053882726,0.5,0.0033076074972436605
3494149,846.0,631,28,2,9,7,745.0,9.0,45.0,47.0,0.044374009508716325,0.07142857142857142,0.003169572107765452,0.7777777777777778,0.012080536912751677
1406509,1619.0,631,59,11,28,16,1495.0,29.0,71.0,24.0,0.09350237717908082,0.1864406779661017,0.017432646592709985,0.5714285714285714,0.01939799331103679
825165,2021.0,630,99,18,44,26,1772.0,54.0,109.0,86.0,0.15714285714285714,0.18181818181818182,0.02857142857142857,0.5909090909090909,0.030474040632054177
3575962,1758.0,625,114,25,81,55,1386.0,105.0,172.0,95.0,0.1824,0.21929824561403508,0.04,0.6790123456790124,0.07575757575757576
2196643,1687.0,625,80,17,45,25,1491.0,50.0,109.0,37.0,0.128,0.2125,0.0272,0.5555555555555556,0.0335345405767941
5088091,1432.0,624,17,3,7,4,1394.0,8.0,16.0,14.0,0.027243589743589744,0.17647058823529413,0.004807692307692308,0.5714285714285714,0.005738880918220947
3142076,1113.0,624,40,5,28,21,971.0,30.0,76.0,36.0,0.0641025641025641,0.125,0.008012820512820512,0.75,0.030895983522142123
4135404,2375.0,623,109,11,21,10,2158.0,22.0,117.0,78.0,0.17495987158908508,0.10091743119266056,0.01765650080256822,0.47619047619047616,0.010194624652455977
3044192,1295.0,623,44,6,29,21,1152.0,35.0,74.0,34.0,0.07062600321027288,0.13636363636363635,0.009630818619582664,0.7241379310344828,0.030381944444444444
3628508,1535.0,623,86,14,227,202,1068.0,234.0,177.0,56.0,0.13804173354735153,0.16279069767441862,0.02247191011235955,0.8898678414096917,0.21910112359550563
4254099,1621.0,622,103,24,66,40,1310.0,73.0,167.0,71.0,0.16559485530546625,0.23300970873786409,0.03858520900321544,0.6060606060606061,0.055725190839694655
305253,1534.0,621,105,17,91,69,1220.0,100.0,178.0,36.0,0.16908212560386474,0.1619047619047619,0.027375201288244767,0.7582417582417582,0.08196721311475409
2400671,1150.0,621,51,3,13,10,1030.0,15.0,66.0,39.0,0.0821256038647343,0.058823529411764705,0.004830917874396135,0.7692307692307693,0.014563106796116505
1327405,1101.0,621,35,4,16,12,1009.0,17.0,51.0,24.0,0.05636070853462158,0.11428571428571428,0.00644122383252818,0.75,0.01684836471754212
1396935,2128.0,620,51,3,4,1,2020.0,5.0,64.0,39.0,0.08225806451612903,0.058823529411764705,0.004838709677419355,0.25,0.0024752475247524753
2665773,3393.0,619,83,18,52,34,3119.0,75.0,132.0,67.0,0.13408723747980614,0.21686746987951808,0.029079159935379646,0.6538461538461539,0.02404616864379609
44158,886.0,619,15,0,9,8,841.0,9.0,25.0,11.0,0.024232633279483037,0.0,0.0,0.8888888888888888,0.01070154577883472
1073699,1398.0,619,74,9,69,56,1171.0,75.0,99.0,53.0,0.11954765751211632,0.12162162162162163,0.014539579967689823,0.8115942028985508,0.06404782237403928
4649218,2343.0,618,103,12,23,11,2117.0,28.0,130.0,68.0,0.16666666666666666,0.11650485436893204,0.019417475728155338,0.4782608695652174,0.013226263580538498
1323134,1033.0,618,49,5,9,4,943.0,9.0,60.0,21.0,0.07928802588996764,0.10204081632653061,0.008090614886731391,0.4444444444444444,0.009544008483563097
336385,1309.0,618,57,8,62,52,1097.0,71.0,98.0,43.0,0.09223300970873786,0.14035087719298245,0.012944983818770227,0.8387096774193549,0.06472196900638104
926345,1478.0,618,60,8,38,30,1312.0,43.0,74.0,49.0,0.0970873786407767,0.13333333333333333,0.012944983818770227,0.7894736842105263,0.03277439024390244
2230040,1332.0,618,58,12,80,66,1098.0,89.0,104.0,41.0,0.09385113268608414,0.20689655172413793,0.019417475728155338,0.825,0.08105646630236794
2689922,1473.0,617,62,12,80,66,1268.0,82.0,88.0,35.0,0.10048622366288493,0.1935483870967742,0.019448946515397084,0.825,0.06466876971608833
523181,1457.0,617,47,12,91,78,1252.0,100.0,70.0,35.0,0.07617504051863858,0.2553191489361702,0.019448946515397084,0.8571428571428571,0.07987220447284345
3047024,2614.0,617,35,6,207,190,2197.0,220.0,0.0,197.0,0.05672609400324149,0.17142857142857143,0.009724473257698542,0.9178743961352657,0.10013654984069185
2961648,1622.0,616,69,9,33,24,1450.0,38.0,73.0,61.0,0.11201298701298701,0.13043478260869565,0.01461038961038961,0.7272727272727273,0.02620689655172414
330260,1805.0,616,91,11,46,33,1572.0,50.0,140.0,43.0,0.14772727272727273,0.12087912087912088,0.017857142857142856,0.717391304347826,0.031806615776081425
2484494,1712.0,616,89,18,47,26,1482.0,50.0,112.0,68.0,0.1444805194805195,0.20224719101123595,0.02922077922077922,0.5531914893617021,0.033738191632928474
1119638,1200.0,615,38,6,40,34,1086.0,46.0,38.0,30.0,0.061788617886178863,0.15789473684210525,0.00975609756097561,0.85,0.0423572744014733
2573442,1460.0,614,77,13,75,60,1204.0,78.0,104.0,74.0,0.1254071661237785,0.16883116883116883,0.021172638436482084,0.8,0.06478405315614617
5024947,1329.0,614,72,11,44,33,1111.0,48.0,81.0,89.0,0.11726384364820847,0.1527777777777778,0.017915309446254073,0.75,0.043204320432043204
2343750,2175.0,614,98,30,175,138,1786.0,190.0,137.0,62.0,0.15960912052117263,0.30612244897959184,0.048859934853420196,0.7885714285714286,0.10638297872340426
2728656,1860.0,614,89,23,66,43,1641.0,70.0,111.0,38.0,0.1449511400651466,0.25842696629213485,0.03745928338762215,0.6515151515151515,0.042656916514320534
4558340,1431.0,614,77,12,96,76,1141.0,109.0,142.0,39.0,0.1254071661237785,0.15584415584415584,0.019543973941368076,0.7916666666666666,0.09553023663453111
2131381,987.0,614,15,1,3,2,959.0,3.0,21.0,4.0,0.024429967426710098,0.06666666666666667,0.0016286644951140066,0.6666666666666666,0.0031282586027111575
3194089,1731.0,612,81,15,105,86,1464.0,111.0,112.0,44.0,0.1323529411764706,0.18518518518518517,0.024509803921568627,0.819047619047619,0.07581967213114754
1423815,1279.0,612,40,0,11,11,1201.0,11.0,47.0,20.0,0.06535947712418301,0.0,0.0,1.0,0.009159034138218152
1510443,1065.0,611,33,0,1,1,993.0,1.0,39.0,32.0,0.054009819967266774,0.0,0.0,1.0,0.0010070493454179255
3258823,1127.0,611,36,5,36,31,1002.0,37.0,53.0,35.0,0.058919803600654665,0.1388888888888889,0.008183306055646482,0.8611111111111112,0.036926147704590816
1338176,902.0,611,10,2,24,22,860.0,24.0,0.0,18.0,0.016366612111292964,0.2,0.0032733224222585926,0.9166666666666666,0.027906976744186046
142492,1494.0,610,51,5,16,11,1371.0,17.0,64.0,42.0,0.08360655737704918,0.09803921568627451,0.00819672131147541,0.6875,0.012399708242159009
735872,2007.0,610,81,8,38,29,1836.0,39.0,77.0,55.0,0.13278688524590163,0.09876543209876543,0.013114754098360656,0.7631578947368421,0.021241830065359478
3092897,1408.0,610,58,6,57,51,1231.0,60.0,72.0,45.0,0.09508196721311475,0.10344827586206896,0.009836065573770493,0.8947368421052632,0.048740861088545896
2358229,1268.0,609,35,4,10,6,1184.0,12.0,42.0,30.0,0.05747126436781609,0.11428571428571428,0.006568144499178982,0.6,0.010135135135135136
1945301,1696.0,608,102,9,24,15,1429.0,25.0,170.0,72.0,0.16776315789473684,0.08823529411764706,0.014802631578947368,0.625,0.01749475157452764
1127151,1301.0,608,44,2,15,13,1194.0,17.0,48.0,42.0,0.07236842105263158,0.045454545454545456,0.003289473684210526,0.8666666666666667,0.01423785594639866
2551289,1535.0,608,53,12,75,61,1350.0,78.0,80.0,27.0,0.08717105263157894,0.22641509433962265,0.019736842105263157,0.8133333333333334,0.057777777777777775
2062335,1276.0,608,66,13,82,65,1052.0,85.0,115.0,24.0,0.10855263157894737,0.19696969696969696,0.02138157894736842,0.7926829268292683,0.08079847908745247
2993461,2236.0,608,79,11,24,13,2072.0,27.0,83.0,54.0,0.1299342105263158,0.13924050632911392,0.018092105263157895,0.5416666666666666,0.013030888030888031
4039014,1734.0,606,101,26,116,87,1408.0,121.0,141.0,64.0,0.16666666666666666,0.25742574257425743,0.0429042904290429,0.75,0.0859375
5036985,1810.0,606,72,13,36,23,1618.0,44.0,89.0,59.0,0.1188118811881188,0.18055555555555555,0.02145214521452145,0.6388888888888888,0.027194066749072928
1442665,3094.0,605,89,26,97,71,2842.0,111.0,103.0,38.0,0.14710743801652892,0.29213483146067415,0.04297520661157025,0.7319587628865979,0.0390570021111893
1500130,2224.0,604,80,23,92,63,1934.0,102.0,129.0,59.0,0.13245033112582782,0.2875,0.0380794701986755,0.6847826086956522,0.052740434332988625
4736875,787.0,604,28,2,21,17,685.0,21.0,48.0,33.0,0.046357615894039736,0.07142857142857142,0.0033112582781456954,0.8095238095238095,0.030656934306569343
3574673,914.0,604,38,3,15,12,826.0,17.0,34.0,37.0,0.06291390728476821,0.07894736842105263,0.004966887417218543,0.8,0.020581113801452784
1855417,1153.0,603,33,2,6,4,1082.0,6.0,39.0,26.0,0.05472636815920398,0.06060606060606061,0.003316749585406302,0.6666666666666666,0.005545286506469501
4376524,1231.0,603,66,10,52,40,1053.0,54.0,83.0,41.0,0.10945273631840796,0.15151515151515152,0.01658374792703151,0.7692307692307693,0.05128205128205128
654045,1254.0,602,46,16,148,116,930.0,161.0,139.0,24.0,0.07641196013289037,0.34782608695652173,0.026578073089700997,0.7837837837837838,0.17311827956989248
1207502,1644.0,601,58,10,69,56,1464.0,76.0,82.0,22.0,0.09650582362728785,0.1724137931034483,0.016638935108153077,0.8115942028985508,0.05191256830601093
2988043,1473.0,601,79,10,49,37,1261.0,50.0,126.0,36.0,0.1314475873544093,0.12658227848101267,0.016638935108153077,0.7551020408163265,0.03965107057890563
537820,1442.0,601,51,2,7,5,1343.0,8.0,43.0,48.0,0.08485856905158069,0.0392156862745098,0.0033277870216306157,0.7142857142857143,0.005956813104988831
342575,1212.0,600,57,5,20,14,1074.0,20.0,67.0,51.0,0.095,0.08771929824561403,0.008333333333333333,0.7,0.0186219739292365
1350540,1041.0,600,30,3,15,12,959.0,19.0,45.0,18.0,0.05,0.1,0.005,0.8,0.01981230448383733
602012,1340.0,599,64,18,131,106,1024.0,146.0,152.0,18.0,0.10684474123539232,0.28125,0.03005008347245409,0.8091603053435115,0.142578125
2957371,2161.0,599,89,10,32,20,1948.0,32.0,107.0,74.0,0.14858096828046743,0.11235955056179775,0.01669449081803005,0.625,0.01642710472279261
1440065,1001.0,597,45,4,36,31,865.0,44.0,76.0,16.0,0.07537688442211055,0.08888888888888889,0.006700167504187605,0.8611111111111112,0.05086705202312139
4333465,2334.0,596,110,23,85,60,2036.0,90.0,160.0,48.0,0.18456375838926176,0.20909090909090908,0.03859060402684564,0.7058823529411765,0.04420432220039293
3742254,985.0,595,24,2,19,16,923.0,19.0,25.0,18.0,0.040336134453781515,0.08333333333333333,0.0033613445378151263,0.8421052631578947,0.020585048754062838
11120,1289.0,595,69,13,42,27,1141.0,45.0,76.0,27.0,0.11596638655462185,0.18840579710144928,0.021848739495798318,0.6428571428571429,0.03943908851884312
715950,1236.0,595,70,9,95,81,950.0,106.0,152.0,28.0,0.11764705882352941,0.12857142857142856,0.015126050420168067,0.8526315789473684,0.11157894736842106
764558,1274.0,595,54,10,124,109,1037.0,131.0,84.0,22.0,0.0907563025210084,0.18518518518518517,0.01680672268907563,0.8790322580645161,0.12632594021215043
1434401,2221.0,595,94,32,117,81,1867.0,162.0,134.0,58.0,0.15798319327731092,0.3404255319148936,0.05378151260504202,0.6923076923076923,0.0867702196036422
4311343,1657.0,594,57,12,59,47,1479.0,65.0,84.0,29.0,0.09595959595959595,0.21052631578947367,0.020202020202020204,0.7966101694915254,0.04394861392832995
140361,1360.0,594,4,1,105,104,1238.0,117.0,0.0,5.0,0.006734006734006734,0.25,0.0016835016835016834,0.9904761904761905,0.09450726978998385
4971055,1147.0,594,56,5,47,39,987.0,48.0,65.0,47.0,0.09427609427609428,0.08928571428571429,0.008417508417508417,0.8297872340425532,0.0486322188449848
3184079,1916.0,594,60,14,59,44,1734.0,61.0,92.0,29.0,0.10101010101010101,0.23333333333333334,0.02356902356902357,0.7457627118644068,0.03517877739331027
291898,1334.0,594,50,5,23,17,1213.0,23.0,62.0,36.0,0.08417508417508418,0.1,0.008417508417508417,0.7391304347826086,0.018961253091508656
714348,1290.0,592,47,15,76,60,1129.0,77.0,56.0,28.0,0.07939189189189189,0.3191489361702128,0.02533783783783784,0.7894736842105263,0.06820194862710363
3550349,1183.0,591,50,3,26,22,1049.0,27.0,74.0,33.0,0.08460236886632826,0.06,0.005076142131979695,0.8461538461538461,0.025738798856053385
4600680,1300.0,590,6,0,0,0,1289.0,0.0,0.0,11.0,0.010169491525423728,0.0,0.0,,0.0
4387999,813.0,589,11,0,0,0,793.0,0.0,6.0,14.0,0.01867572156196944,0.0,0.0,,0.0
1742197,1856.0,589,113,24,137,105,1487.0,152.0,187.0,30.0,0.19185059422750425,0.21238938053097345,0.04074702886247878,0.7664233576642335,0.10221923335574983
5067029,1491.0,589,71,16,68,49,1295.0,72.0,98.0,26.0,0.12054329371816638,0.22535211267605634,0.027164685908319185,0.7205882352941176,0.055598455598455596
4083704,1322.0,587,30,2,8,6,1262.0,8.0,25.0,27.0,0.05110732538330494,0.06666666666666667,0.0034071550255536627,0.75,0.006339144215530904
4349907,1622.0,587,88,18,44,26,1406.0,48.0,109.0,59.0,0.14991482112436116,0.20454545454545456,0.030664395229982964,0.5909090909090909,0.034139402560455195
1088357,1379.0,586,49,11,21,10,1254.0,30.0,74.0,21.0,0.08361774744027303,0.22448979591836735,0.01877133105802048,0.47619047619047616,0.023923444976076555
3014848,1177.0,586,39,6,20,14,1070.0,22.0,59.0,26.0,0.06655290102389079,0.15384615384615385,0.010238907849829351,0.7,0.020560747663551402
3461081,1316.0,586,69,15,69,52,1082.0,74.0,104.0,56.0,0.11774744027303755,0.21739130434782608,0.025597269624573378,0.7536231884057971,0.06839186691312385
2181439,1982.0,585,74,18,77,56,1777.0,83.0,84.0,38.0,0.1264957264957265,0.24324324324324326,0.03076923076923077,0.7272727272727273,0.04670793472144063
3542036,2470.0,585,90,8,24,15,2261.0,30.0,111.0,68.0,0.15384615384615385,0.08888888888888889,0.013675213675213675,0.625,0.013268465280849183
2776831,1279.0,585,66,3,14,11,1099.0,15.0,93.0,72.0,0.11282051282051282,0.045454545454545456,0.005128205128205128,0.7857142857142857,0.01364877161055505
420877,1526.0,584,55,3,10,6,1393.0,11.0,80.0,42.0,0.09417808219178082,0.05454545454545454,0.005136986301369863,0.6,0.007896625987078248
2201622,1591.0,583,65,13,67,51,1395.0,70.0,90.0,36.0,0.11149228130360206,0.2,0.022298456260720412,0.7611940298507462,0.05017921146953405
792836,920.0,583,26,0,8,8,847.0,8.0,38.0,27.0,0.044596912521440824,0.0,0.0,1.0,0.009445100354191263
1639265,1076.0,583,30,3,17,13,983.0,17.0,62.0,14.0,0.051457975986277875,0.1,0.005145797598627788,0.7647058823529411,0.017293997965412006
817164,2029.0,583,50,18,280,261,1595.0,357.0,0.0,77.0,0.08576329331046312,0.36,0.030874785591766724,0.9321428571428572,0.22382445141065832
2638664,1637.0,583,51,6,18,11,1502.0,19.0,76.0,40.0,0.08747855917667238,0.11764705882352941,0.010291595197255575,0.6111111111111112,0.012649800266311585
2643858,2026.0,582,56,13,36,21,1869.0,37.0,83.0,37.0,0.09621993127147767,0.23214285714285715,0.022336769759450172,0.5833333333333334,0.019796682718031033
3279421,796.0,582,28,3,18,14,687.0,19.0,65.0,25.0,0.048109965635738834,0.10714285714285714,0.005154639175257732,0.7777777777777778,0.027656477438136828
479163,2186.0,582,106,23,59,35,1929.0,70.0,130.0,57.0,0.18213058419243985,0.2169811320754717,0.03951890034364261,0.5932203389830508,0.036288232244686365
2438773,2165.0,582,147,24,90,63,1788.0,96.0,199.0,82.0,0.25257731958762886,0.16326530612244897,0.041237113402061855,0.7,0.053691275167785234
2964467,934.0,582,36,0,0,0,871.0,0.0,17.0,46.0,0.061855670103092786,0.0,0.0,,0.0
1948588,975.0,581,38,2,18,12,873.0,19.0,56.0,27.0,0.06540447504302926,0.05263157894736842,0.0034423407917383822,0.6666666666666666,0.021764032073310423
3809976,1534.0,581,67,9,30,19,1368.0,38.0,64.0,64.0,0.1153184165232358,0.13432835820895522,0.01549053356282272,0.6333333333333333,0.027777777777777776
3014132,1370.0,580,68,12,70,56,1137.0,76.0,108.0,49.0,0.11724137931034483,0.17647058823529413,0.020689655172413793,0.8,0.06684256816182937
2505579,910.0,579,35,2,20,18,816.0,20.0,58.0,16.0,0.06044905008635579,0.05714285714285714,0.0034542314335060447,0.9,0.024509803921568627
4735133,2388.0,579,100,23,99,76,2070.0,122.0,165.0,31.0,0.17271157167530224,0.23,0.039723661485319514,0.7676767676767676,0.05893719806763285
5060757,826.0,579,25,1,10,8,740.0,10.0,52.0,24.0,0.04317789291882556,0.04,0.0017271157167530224,0.8,0.013513513513513514
4827299,2939.0,578,84,7,21,13,2724.0,25.0,111.0,79.0,0.1453287197231834,0.08333333333333333,0.012110726643598616,0.6190476190476191,0.009177679882525698
1331923,1123.0,577,68,8,42,32,944.0,44.0,111.0,24.0,0.11785095320623917,0.11764705882352941,0.01386481802426343,0.7619047619047619,0.046610169491525424
1756055,1193.0,577,62,5,32,26,1024.0,41.0,88.0,40.0,0.10745233968804159,0.08064516129032258,0.008665511265164644,0.8125,0.0400390625
863892,1372.0,577,40,0,3,3,1287.0,5.0,36.0,44.0,0.06932409012131716,0.0,0.0,1.0,0.003885003885003885
1985331,1205.0,576,65,8,39,31,1035.0,42.0,96.0,32.0,0.11284722222222222,0.12307692307692308,0.013888888888888888,0.7948717948717948,0.04057971014492753
79085,634.0,576,9,0,1,1,588.0,1.0,20.0,25.0,0.015625,0.0,0.0,1.0,0.0017006802721088435
754344,1342.0,576,47,16,37,21,1224.0,37.0,55.0,26.0,0.08159722222222222,0.3404255319148936,0.027777777777777776,0.5675675675675675,0.03022875816993464
377676,1161.0,576,55,3,23,19,1016.0,28.0,71.0,46.0,0.0954861111111111,0.05454545454545454,0.005208333333333333,0.8260869565217391,0.027559055118110236
2584074,641.0,575,10,0,2,2,607.0,2.0,13.0,19.0,0.017391304347826087,0.0,0.0,1.0,0.0032948929159802307
87054,968.0,575,31,2,27,25,866.0,32.0,48.0,22.0,0.05391304347826087,0.06451612903225806,0.0034782608695652175,0.9259259259259259,0.03695150115473441
2534744,1386.0,575,63,11,35,23,1230.0,39.0,77.0,40.0,0.10956521739130434,0.1746031746031746,0.019130434782608695,0.6571428571428571,0.03170731707317073
1445597,1058.0,574,28,9,14,5,982.0,16.0,46.0,14.0,0.04878048780487805,0.32142857142857145,0.0156794425087108,0.35714285714285715,0.016293279022403257
2141039,1484.0,574,97,18,80,59,1168.0,91.0,169.0,56.0,0.16898954703832753,0.18556701030927836,0.0313588850174216,0.7375,0.0779109589041096
5046388,1605.0,574,55,10,56,45,1448.0,60.0,69.0,28.0,0.09581881533101046,0.18181818181818182,0.017421602787456445,0.8035714285714286,0.04143646408839779
1597658,1163.0,573,42,1,4,3,1070.0,4.0,33.0,56.0,0.07329842931937172,0.023809523809523808,0.0017452006980802793,0.75,0.003738317757009346
3626061,1151.0,573,56,5,11,6,1020.0,11.0,72.0,48.0,0.09773123909249563,0.08928571428571429,0.008726003490401396,0.5454545454545454,0.010784313725490196
1829350,1084.0,573,33,4,7,3,1014.0,11.0,29.0,30.0,0.05759162303664921,0.12121212121212122,0.006980802792321117,0.42857142857142855,0.010848126232741617
1460136,1319.0,573,54,5,26,20,1082.0,29.0,174.0,34.0,0.09424083769633508,0.09259259259259259,0.008726003490401396,0.7692307692307693,0.026802218114602587
1673948,1322.0,571,49,19,73,53,1155.0,84.0,56.0,27.0,0.08581436077057793,0.3877551020408163,0.03327495621716287,0.726027397260274,0.07272727272727272
2482357,1040.0,571,53,6,21,12,906.0,23.0,80.0,31.0,0.09281961471103327,0.11320754716981132,0.010507880910683012,0.5714285714285714,0.025386313465783666
4258223,1269.0,570,51,4,12,8,1171.0,12.0,54.0,32.0,0.08947368421052632,0.0784313725490196,0.007017543859649123,0.6666666666666666,0.010247651579846286
2302700,1394.0,569,50,10,30,20,1276.0,33.0,44.0,41.0,0.08787346221441125,0.2,0.01757469244288225,0.6666666666666666,0.02586206896551724
1468632,1553.0,569,61,5,6,1,1452.0,7.0,49.0,45.0,0.10720562390158173,0.08196721311475409,0.008787346221441126,0.16666666666666666,0.0048209366391184574
2950381,2238.0,569,72,12,61,48,2009.0,69.0,120.0,40.0,0.1265377855887522,0.16666666666666666,0.0210896309314587,0.7868852459016393,0.03434544549527128
681850,1030.0,568,28,7,15,8,940.0,16.0,51.0,23.0,0.04929577464788732,0.25,0.01232394366197183,0.5333333333333333,0.01702127659574468
3672513,1325.0,567,31,1,4,3,1260.0,6.0,31.0,28.0,0.054673721340388004,0.03225806451612903,0.001763668430335097,0.75,0.004761904761904762
3021605,1393.0,566,45,5,22,16,1239.0,26.0,54.0,74.0,0.07950530035335689,0.1111111111111111,0.0088339222614841,0.7272727272727273,0.020984665052461663
1660019,1766.0,566,63,13,52,38,1609.0,67.0,57.0,33.0,0.11130742049469965,0.20634920634920634,0.022968197879858657,0.7307692307692307,0.041640770665009326
294562,1318.0,566,76,14,102,84,1021.0,113.0,142.0,42.0,0.13427561837455831,0.18421052631578946,0.024734982332155476,0.8235294117647058,0.11067580803134182
2559494,1443.0,565,55,8,25,16,1316.0,28.0,72.0,27.0,0.09734513274336283,0.14545454545454545,0.01415929203539823,0.64,0.02127659574468085
2540361,1528.0,565,82,16,70,52,1320.0,77.0,99.0,32.0,0.14513274336283186,0.1951219512195122,0.02831858407079646,0.7428571428571429,0.058333333333333334
3989372,1488.0,565,49,9,33,24,1359.0,39.0,66.0,24.0,0.08672566371681416,0.1836734693877551,0.01592920353982301,0.7272727272727273,0.02869757174392936
3947630,1315.0,564,67,21,131,102,1011.0,140.0,123.0,41.0,0.11879432624113476,0.31343283582089554,0.03723404255319149,0.7786259541984732,0.13847675568743817
1620142,1770.0,564,65,10,18,8,1610.0,20.0,91.0,49.0,0.11524822695035461,0.15384615384615385,0.01773049645390071,0.4444444444444444,0.012422360248447204
2443475,1303.0,563,3,1,540,539,726.0,566.0,0.0,11.0,0.0053285968028419185,0.3333333333333333,0.0017761989342806395,0.9981481481481481,0.7796143250688705
511680,1372.0,562,28,0,1,1,1309.0,2.0,26.0,35.0,0.0498220640569395,0.0,0.0,1.0,0.0015278838808250573
5106609,1302.0,562,33,0,3,3,1239.0,4.0,32.0,27.0,0.05871886120996441,0.0,0.0,1.0,0.003228410008071025
3630197,1415.0,562,48,5,32,25,1278.0,38.0,69.0,30.0,0.08540925266903915,0.10416666666666667,0.008896797153024912,0.78125,0.0297339593114241
3273035,1259.0,562,54,3,12,9,1133.0,12.0,50.0,64.0,0.09608540925266904,0.05555555555555555,0.005338078291814947,0.75,0.01059135039717564
3289012,1095.0,561,54,6,38,32,960.0,38.0,83.0,14.0,0.0962566844919786,0.1111111111111111,0.0106951871657754,0.8421052631578947,0.03958333333333333
4081518,1498.0,561,78,14,87,68,1284.0,95.0,77.0,42.0,0.13903743315508021,0.1794871794871795,0.024955436720142603,0.7816091954022989,0.07398753894080996
2432451,1182.0,560,69,15,64,47,967.0,70.0,98.0,47.0,0.12321428571428572,0.21739130434782608,0.026785714285714284,0.734375,0.07238883143743537
1925578,1877.0,560,82,20,58,36,1664.0,71.0,114.0,28.0,0.14642857142857144,0.24390243902439024,0.03571428571428571,0.6206896551724138,0.04266826923076923
4211233,1527.0,560,111,17,60,41,1262.0,66.0,141.0,58.0,0.1982142857142857,0.15315315315315314,0.030357142857142857,0.6833333333333333,0.05229793977812995
2084864,1209.0,560,59,5,16,11,1073.0,17.0,84.0,35.0,0.10535714285714286,0.0847457627118644,0.008928571428571428,0.6875,0.015843429636533086
1672287,1259.0,560,47,8,47,37,1112.0,51.0,59.0,37.0,0.08392857142857142,0.1702127659574468,0.014285714285714285,0.7872340425531915,0.045863309352517985
1955349,1852.0,560,83,25,102,77,1588.0,116.0,102.0,46.0,0.14821428571428572,0.30120481927710846,0.044642857142857144,0.7549019607843137,0.07304785894206549
1065421,1359.0,560,59,8,17,8,1231.0,17.0,70.0,41.0,0.10535714285714286,0.13559322033898305,0.014285714285714285,0.47058823529411764,0.01380991064175467
2168489,922.0,560,29,1,88,83,665.0,91.0,153.0,13.0,0.05178571428571429,0.034482758620689655,0.0017857142857142857,0.9431818181818182,0.1368421052631579
2255446,1388.0,560,50,3,14,11,1261.0,19.0,58.0,50.0,0.08928571428571429,0.06,0.005357142857142857,0.7857142857142857,0.01506740681998414
985237,1165.0,560,82,11,55,37,929.0,57.0,146.0,33.0,0.14642857142857144,0.13414634146341464,0.019642857142857142,0.6727272727272727,0.061356297093649086
1699768,1280.0,559,70,12,53,41,1091.0,55.0,85.0,49.0,0.1252236135957066,0.17142857142857143,0.02146690518783542,0.7735849056603774,0.05041246562786435
1997475,1045.0,558,19,2,10,8,988.0,10.0,27.0,20.0,0.034050179211469536,0.10526315789473684,0.0035842293906810036,0.8,0.010121457489878543
4949807,1448.0,558,109,17,94,75,1044.0,117.0,187.0,100.0,0.1953405017921147,0.1559633027522936,0.03046594982078853,0.7978723404255319,0.11206896551724138
4303322,1873.0,558,79,26,118,90,1602.0,136.0,102.0,33.0,0.14157706093189965,0.3291139240506329,0.04659498207885305,0.7627118644067796,0.08489388264669163
2918955,1092.0,558,44,6,31,24,970.0,33.0,62.0,27.0,0.07885304659498207,0.13636363636363635,0.010752688172043012,0.7741935483870968,0.03402061855670103
843337,1632.0,558,63,3,11,8,1495.0,12.0,80.0,45.0,0.11290322580645161,0.047619047619047616,0.005376344086021506,0.7272727272727273,0.008026755852842809
4064281,1326.0,558,50,2,10,8,1220.0,12.0,59.0,35.0,0.08960573476702509,0.04,0.0035842293906810036,0.8,0.009836065573770493
4398560,1515.0,557,111,25,126,98,1173.0,131.0,152.0,59.0,0.1992818671454219,0.22522522522522523,0.04488330341113106,0.7777777777777778,0.11167945439045183
4065220,1334.0,556,48,13,69,56,1150.0,71.0,86.0,27.0,0.08633093525179857,0.2708333333333333,0.023381294964028777,0.8115942028985508,0.06173913043478261
2462416,1791.0,554,48,7,13,5,1684.0,14.0,61.0,32.0,0.08664259927797834,0.14583333333333334,0.01263537906137184,0.38461538461538464,0.00831353919239905
3244175,1241.0,553,63,15,67,52,1043.0,71.0,102.0,25.0,0.11392405063291139,0.23809523809523808,0.027124773960216998,0.7761194029850746,0.06807286673058485
8409,1444.0,553,85,19,70,47,1184.0,80.0,145.0,35.0,0.15370705244122965,0.2235294117647059,0.034358047016274866,0.6714285714285714,0.06756756756756757
2720496,1059.0,553,53,8,40,31,887.0,41.0,86.0,45.0,0.09584086799276673,0.1509433962264151,0.014466546112115732,0.775,0.046223224351747465
256001,1046.0,553,49,5,42,33,883.0,45.0,85.0,33.0,0.08860759493670886,0.10204081632653061,0.009041591320072333,0.7857142857142857,0.05096262740656852
3478346,1221.0,552,74,16,62,43,1011.0,64.0,109.0,37.0,0.13405797101449277,0.21621621621621623,0.028985507246376812,0.6935483870967742,0.06330365974282888
2763221,1433.0,551,36,1,4,2,1361.0,4.0,30.0,38.0,0.06533575317604355,0.027777777777777776,0.0018148820326678765,0.5,0.0029390154298310064
3291419,1515.0,551,49,4,37,31,1376.0,41.0,66.0,32.0,0.08892921960072596,0.08163265306122448,0.007259528130671506,0.8378378378378378,0.029796511627906978
430834,948.0,550,28,7,25,16,868.0,26.0,30.0,24.0,0.05090909090909091,0.25,0.012727272727272728,0.64,0.029953917050691243
3623883,1611.0,550,34,3,8,5,1539.0,11.0,50.0,11.0,0.06181818181818182,0.08823529411764706,0.005454545454545455,0.625,0.007147498375568551
1265208,1140.0,550,46,8,26,16,1014.0,29.0,68.0,29.0,0.08363636363636363,0.17391304347826086,0.014545454545454545,0.6153846153846154,0.028599605522682446
331892,1404.0,550,67,14,88,70,1174.0,97.0,92.0,41.0,0.12181818181818181,0.208955223880597,0.025454545454545455,0.7954545454545454,0.08262350936967632
1485805,917.0,548,40,5,33,26,760.0,39.0,67.0,51.0,0.072992700729927,0.125,0.009124087591240875,0.7878787878787878,0.05131578947368421
4354636,818.0,548,27,3,23,18,719.0,23.0,52.0,24.0,0.04927007299270073,0.1111111111111111,0.005474452554744526,0.782608695652174,0.031988873435326845
822242,1857.0,547,104,28,152,119,1489.0,158.0,164.0,46.0,0.19012797074954296,0.2692307692307692,0.051188299817184646,0.7828947368421053,0.1061114842175957
4141851,1361.0,547,44,1,5,4,1288.0,6.0,37.0,30.0,0.08043875685557587,0.022727272727272728,0.0018281535648994515,0.8,0.004658385093167702
2692253,1698.0,546,49,5,17,12,1607.0,19.0,48.0,24.0,0.08974358974358974,0.10204081632653061,0.009157509157509158,0.7058823529411765,0.011823273179838207
3947069,1908.0,546,74,5,39,33,1721.0,48.0,87.0,52.0,0.13553113553113552,0.06756756756756757,0.009157509157509158,0.8461538461538461,0.02789076118535735
3654707,1771.0,546,90,14,44,28,1502.0,55.0,140.0,74.0,0.16483516483516483,0.15555555555555556,0.02564102564102564,0.6363636363636364,0.03661784287616511
4791913,1357.0,546,83,14,36,22,1170.0,40.0,108.0,39.0,0.152014652014652,0.1686746987951807,0.02564102564102564,0.6111111111111112,0.03418803418803419
3148589,1829.0,546,71,14,93,78,1609.0,108.0,87.0,25.0,0.13003663003663005,0.19718309859154928,0.02564102564102564,0.8387096774193549,0.06712243629583592
4312015,933.0,545,40,8,33,24,814.0,39.0,72.0,8.0,0.07339449541284404,0.2,0.014678899082568808,0.7272727272727273,0.04791154791154791
1079326,1161.0,545,42,6,40,32,1030.0,47.0,62.0,22.0,0.07706422018348624,0.14285714285714285,0.011009174311926606,0.8,0.04563106796116505
4481193,1336.0,544,63,5,21,16,1195.0,24.0,79.0,38.0,0.11580882352941177,0.07936507936507936,0.009191176470588236,0.7619047619047619,0.0200836820083682
2088964,1445.0,543,76,11,51,36,1200.0,74.0,112.0,59.0,0.13996316758747698,0.14473684210526316,0.020257826887661142,0.7058823529411765,0.06166666666666667
576099,1158.0,543,41,6,26,20,1064.0,26.0,40.0,28.0,0.07550644567219153,0.14634146341463414,0.011049723756906077,0.7692307692307693,0.02443609022556391
3592798,1263.0,543,66,13,97,84,1042.0,98.0,100.0,23.0,0.12154696132596685,0.19696969696969696,0.02394106813996317,0.865979381443299,0.09404990403071017
2481784,1806.0,543,53,7,55,46,1635.0,60.0,67.0,44.0,0.09760589318600368,0.1320754716981132,0.01289134438305709,0.8363636363636363,0.03669724770642202
5148857,1357.0,542,50,8,41,32,1221.0,44.0,54.0,38.0,0.09225092250922509,0.16,0.014760147601476014,0.7804878048780488,0.036036036036036036
4847313,1398.0,542,62,14,63,46,1184.0,90.0,90.0,34.0,0.11439114391143912,0.22580645161290322,0.025830258302583026,0.7301587301587301,0.07601351351351351
2192649,1400.0,541,81,13,110,92,1103.0,113.0,144.0,40.0,0.14972273567467653,0.16049382716049382,0.024029574861367836,0.8363636363636363,0.10244786944696282
2599558,1090.0,541,58,12,63,49,886.0,70.0,106.0,28.0,0.10720887245841035,0.20689655172413793,0.022181146025878003,0.7777777777777778,0.07900677200902935
1648035,1508.0,540,83,20,122,101,1240.0,133.0,101.0,34.0,0.1537037037037037,0.24096385542168675,0.037037037037037035,0.8278688524590164,0.10725806451612903
4360464,915.0,540,29,2,21,17,845.0,22.0,35.0,13.0,0.053703703703703705,0.06896551724137931,0.003703703703703704,0.8095238095238095,0.02603550295857988
3130892,1693.0,540,75,15,96,79,1422.0,110.0,115.0,46.0,0.1388888888888889,0.2,0.027777777777777776,0.8229166666666666,0.07735583684950774
4122623,1576.0,540,60,12,25,13,1455.0,30.0,61.0,30.0,0.1111111111111111,0.2,0.022222222222222223,0.52,0.020618556701030927
3176755,1845.0,539,117,25,78,49,1548.0,85.0,161.0,51.0,0.21706864564007422,0.21367521367521367,0.04638218923933209,0.6282051282051282,0.05490956072351421
1500885,1273.0,539,59,10,19,9,1129.0,20.0,66.0,58.0,0.10946196660482375,0.1694915254237288,0.01855287569573284,0.47368421052631576,0.01771479185119575
4260727,1737.0,539,61,15,78,62,1534.0,90.0,88.0,25.0,0.11317254174397032,0.2459016393442623,0.027829313543599257,0.7948717948717948,0.05867014341590613
2116789,1418.0,537,69,11,42,29,1210.0,47.0,110.0,51.0,0.12849162011173185,0.15942028985507245,0.020484171322160148,0.6904761904761905,0.03884297520661157
2103141,1148.0,537,59,6,15,9,1021.0,16.0,54.0,57.0,0.10986964618249534,0.1016949152542373,0.0111731843575419,0.6,0.015670910871694418
3862122,1458.0,537,91,21,110,84,1159.0,113.0,124.0,62.0,0.16945996275605213,0.23076923076923078,0.03910614525139665,0.7636363636363637,0.09749784296807593
1536770,1525.0,536,66,7,22,14,1370.0,22.0,81.0,52.0,0.12313432835820895,0.10606060606060606,0.013059701492537313,0.6363636363636364,0.016058394160583942
3635345,1671.0,536,43,2,8,6,1602.0,9.0,29.0,31.0,0.08022388059701492,0.046511627906976744,0.0037313432835820895,0.75,0.0056179775280898875
3072574,1227.0,536,45,7,26,19,1106.0,28.0,52.0,41.0,0.08395522388059702,0.15555555555555556,0.013059701492537313,0.7307692307692307,0.02531645569620253
852546,1279.0,535,38,0,5,5,1197.0,5.0,40.0,37.0,0.07102803738317758,0.0,0.0,1.0,0.004177109440267335
15890,1582.0,534,82,9,28,19,1384.0,28.0,100.0,70.0,0.15355805243445692,0.10975609756097561,0.016853932584269662,0.6785714285714286,0.02023121387283237
3354040,770.0,533,19,2,5,3,682.0,5.0,42.0,41.0,0.03564727954971857,0.10526315789473684,0.00375234521575985,0.6,0.007331378299120235
1413007,1647.0,532,79,11,36,25,1477.0,40.0,79.0,51.0,0.14849624060150377,0.13924050632911392,0.020676691729323307,0.6944444444444444,0.027081922816519974
3363059,1360.0,532,47,8,26,18,1246.0,29.0,54.0,31.0,0.08834586466165413,0.1702127659574468,0.015037593984962405,0.6923076923076923,0.023274478330658106
137099,1310.0,531,44,7,36,28,1185.0,37.0,69.0,19.0,0.08286252354048965,0.1590909090909091,0.013182674199623353,0.7777777777777778,0.031223628691983123
3511975,1160.0,529,57,5,29,23,1022.0,32.0,74.0,32.0,0.10775047258979206,0.08771929824561403,0.00945179584120983,0.7931034482758621,0.03131115459882583
3666135,2103.0,529,116,30,152,117,1709.0,180.0,169.0,45.0,0.21928166351606806,0.25862068965517243,0.05671077504725898,0.7697368421052632,0.1053247513165594
2759887,1602.0,529,94,25,75,49,1333.0,78.0,130.0,61.0,0.1776937618147448,0.26595744680851063,0.04725897920604915,0.6533333333333333,0.058514628657164294
549014,1398.0,529,74,8,27,19,1202.0,30.0,88.0,78.0,0.13988657844990549,0.10810810810810811,0.015122873345935728,0.7037037037037037,0.024958402662229616
3109662,861.0,528,33,3,23,18,756.0,23.0,46.0,36.0,0.0625,0.09090909090909091,0.005681818181818182,0.782608695652174,0.03042328042328042
834876,1275.0,527,62,3,13,10,1145.0,13.0,96.0,21.0,0.11764705882352941,0.04838709677419355,0.0056925996204933585,0.7692307692307693,0.011353711790393014
3866121,1359.0,527,77,10,39,27,1161.0,43.0,102.0,53.0,0.1461100569259962,0.12987012987012986,0.018975332068311195,0.6923076923076923,0.037037037037037035
3692944,849.0,526,32,4,49,42,717.0,50.0,50.0,32.0,0.060836501901140684,0.125,0.0076045627376425855,0.8571428571428571,0.0697350069735007
3054267,773.0,526,25,2,14,9,705.0,14.0,30.0,24.0,0.04752851711026616,0.08,0.0038022813688212928,0.6428571428571429,0.019858156028368795
3755957,1115.0,525,38,2,9,7,1047.0,9.0,37.0,22.0,0.07238095238095238,0.05263157894736842,0.0038095238095238095,0.7777777777777778,0.008595988538681949
1889065,1020.0,524,32,5,22,15,933.0,25.0,38.0,24.0,0.061068702290076333,0.15625,0.009541984732824428,0.6818181818181818,0.02679528403001072
476519,1113.0,524,32,5,131,124,910.0,136.0,40.0,27.0,0.061068702290076333,0.15625,0.009541984732824428,0.9465648854961832,0.14945054945054945
2413768,1690.0,523,69,14,60,43,1483.0,89.0,86.0,32.0,0.13193116634799235,0.2028985507246377,0.02676864244741874,0.7166666666666667,0.06001348617666891
2950158,1586.0,523,75,16,128,109,1282.0,151.0,104.0,49.0,0.14340344168260039,0.21333333333333335,0.030592734225621414,0.8515625,0.11778471138845553
300699,939.0,522,50,8,56,45,753.0,58.0,93.0,35.0,0.09578544061302682,0.16,0.01532567049808429,0.8035714285714286,0.07702523240371846
4976839,1425.0,521,39,2,8,6,1340.0,8.0,35.0,42.0,0.07485604606525911,0.05128205128205128,0.003838771593090211,0.75,0.005970149253731343
2273944,1570.0,521,82,26,69,38,1328.0,69.0,109.0,64.0,0.15738963531669867,0.3170731707317073,0.04990403071017274,0.5507246376811594,0.051957831325301206
3253709,1317.0,520,63,9,39,29,1170.0,40.0,53.0,54.0,0.12115384615384615,0.14285714285714285,0.01730769230769231,0.7435897435897436,0.03418803418803419
803507,1541.0,520,74,21,103,75,1286.0,106.0,124.0,25.0,0.1423076923076923,0.28378378378378377,0.04038461538461539,0.7281553398058253,0.08242612752721618
3958932,1206.0,519,48,3,14,10,1104.0,15.0,51.0,36.0,0.09248554913294797,0.0625,0.005780346820809248,0.7142857142857143,0.01358695652173913
4077781,848.0,519,27,1,6,5,789.0,6.0,38.0,15.0,0.05202312138728324,0.037037037037037035,0.0019267822736030828,0.8333333333333334,0.0076045627376425855
1716161,1387.0,519,56,7,29,22,1256.0,35.0,63.0,33.0,0.10789980732177264,0.125,0.01348747591522158,0.7586206896551724,0.02786624203821656
4671427,1543.0,519,74,9,19,10,1374.0,23.0,101.0,45.0,0.14258188824662812,0.12162162162162163,0.017341040462427744,0.5263157894736842,0.016739446870451237
1904657,1325.0,519,83,23,123,91,1016.0,139.0,135.0,35.0,0.1599229287090559,0.27710843373493976,0.04431599229287091,0.7398373983739838,0.13681102362204725
1651393,1056.0,515,19,1,2,1,1018.0,2.0,20.0,16.0,0.036893203883495145,0.05263157894736842,0.001941747572815534,0.5,0.0019646365422396855
34885,1228.0,515,58,3,13,8,1105.0,14.0,73.0,36.0,0.11262135922330097,0.05172413793103448,0.005825242718446602,0.6153846153846154,0.012669683257918552
3091219,1061.0,515,39,3,25,22,928.0,28.0,81.0,24.0,0.07572815533980583,0.07692307692307693,0.005825242718446602,0.88,0.03017241379310345
2250828,1234.0,514,73,10,24,14,1052.0,27.0,93.0,62.0,0.14202334630350194,0.136986301369863,0.019455252918287938,0.5833333333333334,0.025665399239543727
752128,1771.0,514,70,14,70,55,1543.0,79.0,101.0,48.0,0.13618677042801555,0.2,0.027237354085603113,0.7857142857142857,0.05119896305897602
564928,1119.0,513,29,2,3,1,1053.0,3.0,28.0,35.0,0.056530214424951264,0.06896551724137931,0.003898635477582846,0.3333333333333333,0.002849002849002849
3817434,1701.0,513,88,19,96,76,1448.0,102.0,124.0,27.0,0.17153996101364521,0.2159090909090909,0.037037037037037035,0.7916666666666666,0.07044198895027624
4801438,970.0,513,40,2,6,4,887.0,6.0,56.0,21.0,0.07797270955165692,0.05,0.003898635477582846,0.6666666666666666,0.006764374295377677
1217732,977.0,512,56,7,45,36,802.0,49.0,87.0,39.0,0.109375,0.125,0.013671875,0.8,0.06109725685785536
4017197,1205.0,512,59,8,30,22,1067.0,34.0,70.0,34.0,0.115234375,0.13559322033898305,0.015625,0.7333333333333333,0.031865042174320526
216695,745.0,512,21,3,30,25,663.0,30.0,33.0,19.0,0.041015625,0.14285714285714285,0.005859375,0.8333333333333334,0.04524886877828054
1279737,1360.0,512,51,7,43,35,1192.0,48.0,66.0,54.0,0.099609375,0.13725490196078433,0.013671875,0.813953488372093,0.040268456375838924
3697561,926.0,512,46,3,27,23,799.0,27.0,78.0,22.0,0.08984375,0.06521739130434782,0.005859375,0.8518518518518519,0.03379224030037547
2740196,718.0,511,18,1,10,6,635.0,10.0,43.0,30.0,0.03522504892367906,0.05555555555555555,0.0019569471624266144,0.6,0.015748031496062992
4473295,1019.0,511,59,4,41,34,846.0,45.0,101.0,27.0,0.11545988258317025,0.06779661016949153,0.007827788649706457,0.8292682926829268,0.05319148936170213
1404020,2725.0,511,1,0,1041,1041,792.0,1930.0,0.0,3.0,0.0019569471624266144,0.0,0.0,1.0,2.436868686868687
1144819,808.0,511,17,1,1,0,762.0,1.0,23.0,22.0,0.033268101761252444,0.058823529411764705,0.0019569471624266144,0.0,0.0013123359580052493
1798067,846.0,509,19,0,2,2,811.0,2.0,18.0,15.0,0.03732809430255403,0.0,0.0,1.0,0.002466091245376079
1000959,1408.0,509,40,7,17,10,1321.0,17.0,52.0,18.0,0.07858546168958742,0.175,0.0137524557956778,0.5882352941176471,0.012869038607115822
2480068,1556.0,509,68,12,98,82,1335.0,107.0,70.0,44.0,0.13359528487229863,0.17647058823529413,0.023575638506876228,0.8367346938775511,0.08014981273408239
2049879,1278.0,509,74,17,95,75,1037.0,101.0,92.0,48.0,0.14538310412573674,0.22972972972972974,0.03339882121807466,0.7894736842105263,0.09739633558341369
4981586,1222.0,508,47,5,36,31,1092.0,43.0,63.0,24.0,0.09251968503937008,0.10638297872340426,0.00984251968503937,0.8611111111111112,0.039377289377289376
2854994,1193.0,508,61,6,47,40,1003.0,51.0,102.0,37.0,0.12007874015748031,0.09836065573770492,0.011811023622047244,0.851063829787234,0.05084745762711865
105131,958.0,507,26,5,25,20,871.0,27.0,32.0,28.0,0.05128205128205128,0.19230769230769232,0.009861932938856016,0.8,0.030998851894374284
4683561,2077.0,507,119,28,82,52,1760.0,97.0,148.0,72.0,0.23471400394477318,0.23529411764705882,0.055226824457593686,0.6341463414634146,0.055113636363636365
3792077,944.0,507,30,3,6,3,864.0,6.0,43.0,31.0,0.05917159763313609,0.1,0.005917159763313609,0.5,0.006944444444444444
992700,1328.0,506,78,21,93,70,1062.0,98.0,120.0,48.0,0.1541501976284585,0.2692307692307692,0.041501976284584984,0.7526881720430108,0.09227871939736347
197048,803.0,506,30,2,26,24,695.0,34.0,51.0,23.0,0.05928853754940711,0.06666666666666667,0.003952569169960474,0.9230769230769231,0.04892086330935252
3674154,4210.0,506,117,28,60,30,3865.0,82.0,171.0,92.0,0.23122529644268774,0.23931623931623933,0.05533596837944664,0.5,0.021216041397153947
229607,1923.0,505,93,21,58,37,1698.0,62.0,105.0,58.0,0.18415841584158416,0.22580645161290322,0.041584158415841586,0.6379310344827587,0.03651354534746761
5004245,2113.0,504,80,7,25,18,1924.0,27.0,117.0,45.0,0.15873015873015872,0.0875,0.013888888888888888,0.72,0.014033264033264034
1461957,783.0,504,38,2,19,16,687.0,20.0,41.0,35.0,0.07539682539682539,0.05263157894736842,0.003968253968253968,0.8421052631578947,0.02911208151382824
1818551,1585.0,504,67,11,46,31,1420.0,49.0,77.0,39.0,0.13293650793650794,0.16417910447761194,0.021825396825396824,0.6739130434782609,0.03450704225352113
1962983,1068.0,504,49,11,35,24,942.0,38.0,65.0,23.0,0.09722222222222222,0.22448979591836735,0.021825396825396824,0.6857142857142857,0.040339702760084924
4963777,707.0,503,21,0,3,2,667.0,3.0,26.0,11.0,0.041749502982107355,0.0,0.0,0.6666666666666666,0.004497751124437781
4173539,1494.0,503,61,15,50,34,1327.0,51.0,82.0,34.0,0.12127236580516898,0.2459016393442623,0.02982107355864811,0.68,0.03843255463451394
4783832,784.0,502,28,2,26,23,701.0,26.0,38.0,19.0,0.055776892430278883,0.07142857142857142,0.00398406374501992,0.8846153846153846,0.037089871611982884
4036672,1205.0,502,78,9,35,26,1024.0,37.0,101.0,43.0,0.1553784860557769,0.11538461538461539,0.017928286852589643,0.7428571428571429,0.0361328125
3890915,1876.0,502,77,23,106,77,1586.0,140.0,98.0,52.0,0.15338645418326693,0.2987012987012987,0.045816733067729085,0.7264150943396226,0.08827238335435057
2986368,1375.0,501,49,8,20,11,1230.0,35.0,89.0,21.0,0.09780439121756487,0.16326530612244897,0.015968063872255488,0.55,0.028455284552845527
685742,1345.0,501,90,16,75,56,1061.0,88.0,123.0,73.0,0.17964071856287425,0.17777777777777778,0.031936127744510975,0.7466666666666667,0.08294062205466542
2924780,885.0,501,34,7,36,26,791.0,38.0,34.0,22.0,0.06786427145708583,0.20588235294117646,0.013972055888223553,0.7222222222222222,0.04804045512010114
2352087,1291.0,501,69,10,58,44,1073.0,62.0,116.0,40.0,0.1377245508982036,0.14492753623188406,0.01996007984031936,0.7586206896551724,0.05778191985088537
219531,1699.0,500,51,14,54,40,1549.0,68.0,59.0,23.0,0.102,0.27450980392156865,0.028,0.7407407407407407,0.04389928986442866
3661575,1183.0,500,55,12,69,54,996.0,73.0,84.0,30.0,0.11,0.21818181818181817,0.024,0.782608695652174,0.07329317269076305
334210,1545.0,500,84,12,43,31,1291.0,59.0,130.0,65.0,0.168,0.14285714285714285,0.024,0.7209302325581395,0.045701006971340045
2535661,1834.0,500,74,13,51,36,1614.0,70.0,118.0,32.0,0.148,0.17567567567567569,0.026,0.7058823529411765,0.04337050805452292
24976,1215.0,500,54,8,56,47,1060.0,57.0,64.0,34.0,0.108,0.14814814814814814,0.016,0.8392857142857143,0.05377358490566038
3903234,933.0,499,32,6,40,34,822.0,43.0,50.0,18.0,0.06412825651302605,0.1875,0.012024048096192385,0.85,0.052311435523114354
2687903,853.0,499,43,4,13,8,751.0,13.0,48.0,41.0,0.08617234468937876,0.09302325581395349,0.008016032064128256,0.6153846153846154,0.017310252996005325
4370954,1465.0,499,89,18,60,40,1192.0,78.0,142.0,53.0,0.17835671342685372,0.20224719101123595,0.036072144288577156,0.6666666666666666,0.06543624161073826
2756070,1170.0,498,50,11,36,25,1059.0,39.0,54.0,18.0,0.10040160642570281,0.22,0.02208835341365462,0.6944444444444444,0.036827195467422094
3558035,1522.0,498,69,14,36,20,1361.0,37.0,86.0,38.0,0.13855421686746988,0.2028985507246377,0.028112449799196786,0.5555555555555556,0.02718589272593681
3440243,621.0,497,2,0,39,39,559.0,40.0,0.0,22.0,0.004024144869215292,0.0,0.0,1.0,0.07155635062611806
4038480,1069.0,497,50,6,41,35,924.0,42.0,71.0,32.0,0.1006036217303823,0.12,0.012072434607645875,0.8536585365853658,0.045454545454545456
4989816,1262.0,497,50,5,11,6,1165.0,12.0,55.0,30.0,0.1006036217303823,0.1,0.01006036217303823,0.5454545454545454,0.010300429184549357
5156420,1675.0,497,53,4,24,19,1566.0,24.0,60.0,25.0,0.10663983903420524,0.07547169811320754,0.008048289738430584,0.7916666666666666,0.01532567049808429
2801637,914.0,496,41,4,22,18,829.0,24.0,46.0,15.0,0.08266129032258064,0.0975609756097561,0.008064516129032258,0.8181818181818182,0.028950542822677925
119613,1277.0,495,36,2,14,11,1178.0,16.0,52.0,31.0,0.07272727272727272,0.05555555555555555,0.00404040404040404,0.7857142857142857,0.013582342954159592
3138002,1338.0,494,70,6,47,38,1128.0,49.0,120.0,41.0,0.1417004048582996,0.08571428571428572,0.012145748987854251,0.8085106382978723,0.04343971631205674
4062814,1241.0,494,39,1,4,3,1160.0,4.0,43.0,34.0,0.07894736842105263,0.02564102564102564,0.0020242914979757085,0.75,0.0034482758620689655
1773435,1680.0,494,77,11,30,19,1504.0,32.0,112.0,32.0,0.15587044534412955,0.14285714285714285,0.022267206477732792,0.6333333333333333,0.02127659574468085
3791692,1487.0,494,87,11,63,49,1248.0,66.0,125.0,48.0,0.17611336032388664,0.12643678160919541,0.022267206477732792,0.7777777777777778,0.052884615384615384
1899335,1088.0,493,27,5,21,15,1006.0,26.0,35.0,21.0,0.05476673427991886,0.18518518518518517,0.010141987829614604,0.7142857142857143,0.02584493041749503
2051267,1403.0,493,79,16,91,72,1131.0,93.0,138.0,41.0,0.16024340770791076,0.20253164556962025,0.032454361054766734,0.7912087912087912,0.08222811671087533
542417,724.0,493,8,0,4,4,698.0,4.0,14.0,8.0,0.016227180527383367,0.0,0.0,1.0,0.0057306590257879654
4178970,1197.0,493,43,9,29,19,1085.0,35.0,51.0,26.0,0.0872210953346856,0.20930232558139536,0.018255578093306288,0.6551724137931034,0.03225806451612903
1012333,1516.0,492,91,28,139,106,1165.0,146.0,142.0,63.0,0.18495934959349594,0.3076923076923077,0.056910569105691054,0.762589928057554,0.12532188841201716
4940020,882.0,492,28,3,13,10,813.0,14.0,29.0,26.0,0.056910569105691054,0.10714285714285714,0.006097560975609756,0.7692307692307693,0.017220172201722016
2128214,1046.0,492,49,4,46,42,887.0,47.0,80.0,32.0,0.09959349593495935,0.08163265306122448,0.008130081300813009,0.9130434782608695,0.05298759864712514
815579,1157.0,491,35,3,12,8,1084.0,12.0,36.0,25.0,0.07128309572301425,0.08571428571428572,0.006109979633401222,0.6666666666666666,0.01107011070110701
455943,1557.0,491,65,11,97,83,1317.0,105.0,91.0,44.0,0.13238289205702647,0.16923076923076924,0.02240325865580448,0.8556701030927835,0.07972665148063782
4260877,1634.0,491,68,13,50,36,1455.0,53.0,68.0,58.0,0.1384928716904277,0.19117647058823528,0.026476578411405296,0.72,0.036426116838487975
4833017,1511.0,491,74,9,40,28,1313.0,41.0,94.0,63.0,0.15071283095723015,0.12162162162162163,0.018329938900203666,0.7,0.031226199543031227
1632647,1364.0,491,12,6,136,128,1157.0,139.0,0.0,68.0,0.024439918533604887,0.5,0.012219959266802444,0.9411764705882353,0.12013828867761452
3448504,1511.0,491,75,10,30,19,1306.0,34.0,121.0,50.0,0.15274949083503056,0.13333333333333333,0.020366598778004074,0.6333333333333333,0.026033690658499236
585178,1099.0,491,53,7,38,31,962.0,46.0,64.0,27.0,0.1079429735234216,0.1320754716981132,0.014256619144602852,0.8157894736842105,0.04781704781704782
4638601,1275.0,491,57,7,16,9,1171.0,16.0,51.0,37.0,0.11608961303462322,0.12280701754385964,0.014256619144602852,0.5625,0.013663535439795047
2013622,1453.0,490,59,4,27,22,1312.0,35.0,70.0,36.0,0.12040816326530612,0.06779661016949153,0.00816326530612245,0.8148148148148148,0.026676829268292682
3150851,736.0,490,14,3,16,12,691.0,16.0,17.0,12.0,0.02857142857142857,0.21428571428571427,0.006122448979591836,0.75,0.023154848046309694
609791,1237.0,489,81,17,97,74,948.0,101.0,154.0,34.0,0.1656441717791411,0.20987654320987653,0.034764826175869123,0.7628865979381443,0.10654008438818566
4488210,729.0,489,4,0,0,0,721.0,0.0,5.0,3.0,0.0081799591002045,0.0,0.0,,0.0
1664190,1102.0,488,34,7,23,16,1015.0,24.0,47.0,16.0,0.06967213114754098,0.20588235294117646,0.014344262295081968,0.6956521739130435,0.023645320197044337
3820684,1123.0,488,16,1,2,1,1100.0,2.0,13.0,8.0,0.03278688524590164,0.0625,0.0020491803278688526,0.5,0.0018181818181818182
1347228,750.0,488,28,7,16,7,675.0,16.0,43.0,16.0,0.05737704918032787,0.25,0.014344262295081968,0.4375,0.023703703703703703
4828523,1337.0,488,65,10,22,11,1205.0,24.0,60.0,48.0,0.13319672131147542,0.15384615384615385,0.020491803278688523,0.5,0.01991701244813278
813789,873.0,487,27,2,5,3,814.0,6.0,38.0,15.0,0.055441478439425054,0.07407407407407407,0.004106776180698152,0.6,0.007371007371007371
467835,2177.0,487,53,9,18,9,2070.0,18.0,62.0,27.0,0.10882956878850103,0.16981132075471697,0.018480492813141684,0.5,0.008695652173913044
3437401,1035.0,487,32,0,11,11,966.0,11.0,42.0,16.0,0.06570841889117043,0.0,0.0,1.0,0.011387163561076604
3170314,1147.0,487,68,8,54,44,959.0,61.0,79.0,48.0,0.13963039014373715,0.11764705882352941,0.01642710472279261,0.8148148148148148,0.06360792492179354
3315940,955.0,486,51,10,64,51,765.0,65.0,83.0,42.0,0.10493827160493827,0.19607843137254902,0.0205761316872428,0.796875,0.08496732026143791
2584932,1577.0,486,91,28,184,150,1172.0,210.0,113.0,82.0,0.18724279835390947,0.3076923076923077,0.05761316872427984,0.8152173913043478,0.17918088737201365
4158422,1125.0,486,29,3,28,24,1049.0,29.0,30.0,17.0,0.059670781893004114,0.10344827586206896,0.006172839506172839,0.8571428571428571,0.027645376549094377
355704,874.0,486,41,5,23,18,747.0,25.0,71.0,31.0,0.08436213991769548,0.12195121951219512,0.0102880658436214,0.782608695652174,0.03346720214190094
127286,1120.0,486,47,2,5,2,1020.0,5.0,44.0,51.0,0.09670781893004116,0.0425531914893617,0.00411522633744856,0.4,0.004901960784313725
3041259,871.0,486,39,4,21,17,781.0,23.0,45.0,22.0,0.08024691358024691,0.10256410256410256,0.00823045267489712,0.8095238095238095,0.029449423815621
2177033,856.0,485,52,16,62,46,681.0,66.0,96.0,13.0,0.10721649484536082,0.3076923076923077,0.032989690721649485,0.7419354838709677,0.09691629955947137
4278744,1705.0,484,48,7,28,20,1589.0,32.0,58.0,26.0,0.09917355371900827,0.14583333333333334,0.014462809917355372,0.7142857142857143,0.020138451856513532
1604026,1226.0,484,44,3,13,9,1137.0,13.0,52.0,24.0,0.09090909090909091,0.06818181818181818,0.006198347107438017,0.6923076923076923,0.011433597185576077
999980,1371.0,483,59,4,16,12,1241.0,16.0,88.0,26.0,0.12215320910973085,0.06779661016949153,0.008281573498964804,0.75,0.0128928283642224
5138205,1284.0,483,38,2,11,9,1187.0,13.0,52.0,32.0,0.07867494824016563,0.05263157894736842,0.004140786749482402,0.8181818181818182,0.010951979780960405
1469622,1225.0,483,73,13,91,73,944.0,102.0,142.0,37.0,0.15113871635610765,0.1780821917808219,0.026915113871635612,0.8021978021978022,0.10805084745762712
4893662,780.0,483,29,3,33,30,680.0,42.0,44.0,14.0,0.060041407867494824,0.10344827586206896,0.006211180124223602,0.9090909090909091,0.061764705882352944
1654824,1839.0,482,42,4,31,27,1722.0,37.0,56.0,24.0,0.08713692946058091,0.09523809523809523,0.008298755186721992,0.8709677419354839,0.02148664343786295
4332163,1080.0,482,51,10,34,24,950.0,37.0,69.0,24.0,0.10580912863070539,0.19607843137254902,0.02074688796680498,0.7058823529411765,0.03894736842105263
3409341,1041.0,482,44,5,50,45,912.0,52.0,47.0,30.0,0.0912863070539419,0.11363636363636363,0.01037344398340249,0.9,0.05701754385964912
1821455,1430.0,481,76,23,91,66,1200.0,100.0,96.0,34.0,0.158004158004158,0.3026315789473684,0.04781704781704782,0.7252747252747253,0.08333333333333333
2923068,989.0,481,72,14,63,48,780.0,68.0,93.0,48.0,0.1496881496881497,0.19444444444444445,0.029106029106029108,0.7619047619047619,0.08717948717948718
1672186,942.0,481,24,2,3,1,894.0,5.0,33.0,10.0,0.0498960498960499,0.08333333333333333,0.004158004158004158,0.3333333333333333,0.005592841163310962
4829449,1618.0,481,96,22,74,51,1365.0,79.0,124.0,50.0,0.1995841995841996,0.22916666666666666,0.04573804573804574,0.6891891891891891,0.05787545787545788
770683,1055.0,481,36,2,6,4,965.0,7.0,44.0,39.0,0.07484407484407485,0.05555555555555555,0.004158004158004158,0.6666666666666666,0.007253886010362694
4661468,1349.0,481,46,9,62,53,1188.0,67.0,72.0,22.0,0.09563409563409564,0.1956521739130435,0.018711018711018712,0.8548387096774194,0.0563973063973064
813818,1314.0,480,79,18,95,77,1057.0,103.0,104.0,50.0,0.16458333333333333,0.22784810126582278,0.0375,0.8105263157894737,0.09744560075685904
139734,1229.0,480,66,15,66,50,1041.0,68.0,78.0,42.0,0.1375,0.22727272727272727,0.03125,0.7575757575757576,0.06532180595581172
3883457,1333.0,480,83,19,81,59,1068.0,85.0,138.0,42.0,0.17291666666666666,0.2289156626506024,0.03958333333333333,0.7283950617283951,0.07958801498127341
4607596,1317.0,479,51,5,15,9,1210.0,15.0,67.0,25.0,0.10647181628392484,0.09803921568627451,0.010438413361169102,0.6,0.012396694214876033
2702039,1015.0,479,69,14,53,31,837.0,55.0,104.0,19.0,0.1440501043841336,0.2028985507246377,0.029227557411273485,0.5849056603773585,0.06571087216248507
2927057,1031.0,478,52,10,40,28,891.0,42.0,68.0,30.0,0.1087866108786611,0.19230769230769232,0.02092050209205021,0.7,0.04713804713804714
3922526,1781.0,478,98,29,174,142,1409.0,186.0,140.0,46.0,0.20502092050209206,0.29591836734693877,0.060669456066945605,0.8160919540229885,0.1320085166784954
2774536,1424.0,477,44,11,45,31,1294.0,49.0,54.0,27.0,0.09224318658280922,0.25,0.023060796645702306,0.6888888888888889,0.03786707882534776
1455555,1148.0,476,31,5,20,15,1072.0,28.0,27.0,21.0,0.06512605042016807,0.16129032258064516,0.01050420168067227,0.75,0.026119402985074626
2746972,1731.0,476,54,6,6,0,1583.0,6.0,58.0,84.0,0.1134453781512605,0.1111111111111111,0.012605042016806723,0.0,0.003790271636133923
771062,1246.0,476,36,7,13,6,1150.0,16.0,35.0,45.0,0.07563025210084033,0.19444444444444445,0.014705882352941176,0.46153846153846156,0.01391304347826087
2553299,1591.0,476,49,8,59,49,1424.0,60.0,74.0,33.0,0.10294117647058823,0.16326530612244897,0.01680672268907563,0.8305084745762712,0.042134831460674156
1380020,1212.0,475,35,2,12,10,1125.0,13.0,36.0,38.0,0.07368421052631578,0.05714285714285714,0.004210526315789474,0.8333333333333334,0.011555555555555555
4876258,1279.0,474,32,2,14,12,1205.0,18.0,37.0,19.0,0.06751054852320675,0.0625,0.004219409282700422,0.8571428571428571,0.014937759336099586
3541690,1510.0,474,64,10,63,50,1308.0,75.0,95.0,32.0,0.1350210970464135,0.15625,0.02109704641350211,0.7936507936507936,0.05733944954128441
1003726,1226.0,474,22,0,2,2,1188.0,2.0,26.0,10.0,0.046413502109704644,0.0,0.0,1.0,0.0016835016835016834
3596683,938.0,474,38,10,40,29,788.0,48.0,66.0,36.0,0.08016877637130802,0.2631578947368421,0.02109704641350211,0.725,0.06091370558375635
214719,714.0,473,33,2,22,20,633.0,22.0,47.0,12.0,0.06976744186046512,0.06060606060606061,0.004228329809725159,0.9090909090909091,0.03475513428120063
633295,1083.0,472,69,13,44,30,910.0,48.0,91.0,34.0,0.1461864406779661,0.18840579710144928,0.02754237288135593,0.6818181818181818,0.05274725274725275
4241691,883.0,472,41,10,50,38,738.0,57.0,58.0,30.0,0.08686440677966102,0.24390243902439024,0.0211864406779661,0.76,0.07723577235772358
284601,953.0,471,63,12,34,21,787.0,39.0,91.0,36.0,0.1337579617834395,0.19047619047619047,0.025477707006369428,0.6176470588235294,0.04955527318932656
2627745,800.0,471,28,3,3,0,754.0,4.0,27.0,15.0,0.059447983014861996,0.10714285714285714,0.006369426751592357,0.0,0.005305039787798408
876499,822.0,471,32,9,21,12,740.0,26.0,33.0,23.0,0.06794055201698514,0.28125,0.01910828025477707,0.5714285714285714,0.03513513513513514
2530793,788.0,471,21,5,20,15,719.0,22.0,37.0,10.0,0.044585987261146494,0.23809523809523808,0.010615711252653927,0.75,0.030598052851182198
475026,913.0,470,38,2,7,5,833.0,7.0,35.0,38.0,0.08085106382978724,0.05263157894736842,0.00425531914893617,0.7142857142857143,0.008403361344537815
4608278,933.0,470,24,3,20,17,853.0,20.0,31.0,29.0,0.05106382978723404,0.125,0.006382978723404255,0.85,0.023446658851113716
1712657,929.0,469,45,11,76,62,755.0,79.0,66.0,29.0,0.09594882729211088,0.24444444444444444,0.023454157782515993,0.8157894736842105,0.10463576158940398
1260343,1304.0,469,64,15,74,57,1081.0,84.0,92.0,47.0,0.13646055437100213,0.234375,0.031982942430703626,0.7702702702702703,0.07770582793709528
1736178,1196.0,469,74,14,68,52,966.0,75.0,106.0,49.0,0.15778251599147122,0.1891891891891892,0.029850746268656716,0.7647058823529411,0.07763975155279502
3389266,644.0,469,21,4,15,11,572.0,16.0,39.0,17.0,0.04477611940298507,0.19047619047619047,0.008528784648187633,0.7333333333333333,0.027972027972027972
1870458,1394.0,469,63,17,67,49,1127.0,73.0,83.0,111.0,0.13432835820895522,0.2698412698412698,0.03624733475479744,0.7313432835820896,0.064773735581189
4652209,1067.0,469,34,7,68,61,927.0,69.0,45.0,26.0,0.07249466950959488,0.20588235294117646,0.014925373134328358,0.8970588235294118,0.0744336569579288
2913415,1404.0,469,33,2,10,8,1339.0,11.0,35.0,19.0,0.07036247334754797,0.06060606060606061,0.0042643923240938165,0.8,0.008215085884988798
4598394,1372.0,468,40,0,8,7,1306.0,8.0,28.0,30.0,0.08547008547008547,0.0,0.0,0.875,0.006125574272588055
4883014,1502.0,468,82,15,89,71,1251.0,92.0,119.0,40.0,0.1752136752136752,0.18292682926829268,0.03205128205128205,0.797752808988764,0.07354116706634692
1087136,1413.0,468,46,4,8,4,1318.0,9.0,54.0,32.0,0.09829059829059829,0.08695652173913043,0.008547008547008548,0.5,0.006828528072837633
2581843,1135.0,468,66,10,38,26,982.0,41.0,87.0,25.0,0.14102564102564102,0.15151515151515152,0.021367521367521368,0.6842105263157895,0.04175152749490835
436979,1116.0,468,58,10,39,29,958.0,42.0,81.0,35.0,0.12393162393162394,0.1724137931034483,0.021367521367521368,0.7435897435897436,0.04384133611691023
2669578,1601.0,467,50,8,34,25,1453.0,36.0,73.0,39.0,0.10706638115631692,0.16,0.017130620985010708,0.7352941176470589,0.02477632484514797
1013185,1062.0,467,53,5,9,4,938.0,11.0,63.0,50.0,0.11349036402569593,0.09433962264150944,0.010706638115631691,0.4444444444444444,0.011727078891257996
1847649,907.0,467,54,6,46,36,723.0,53.0,81.0,50.0,0.11563169164882227,0.1111111111111111,0.01284796573875803,0.782608695652174,0.07330567081604426
1597811,1072.0,466,60,15,79,63,883.0,88.0,73.0,28.0,0.12875536480686695,0.25,0.032188841201716736,0.7974683544303798,0.09966024915062288
3118407,1543.0,466,45,4,10,6,1453.0,18.0,43.0,29.0,0.09656652360515021,0.08888888888888889,0.008583690987124463,0.6,0.012388162422573986
4669008,611.0,466,20,2,8,6,544.0,8.0,43.0,16.0,0.04291845493562232,0.1,0.004291845493562232,0.75,0.014705882352941176
240681,866.0,466,33,3,32,28,742.0,37.0,48.0,39.0,0.07081545064377683,0.09090909090909091,0.006437768240343348,0.875,0.04986522911051213
4152593,654.0,466,12,0,24,23,581.0,25.0,26.0,22.0,0.02575107296137339,0.0,0.0,0.9583333333333334,0.043029259896729774
1062391,1081.0,465,33,4,44,39,973.0,48.0,48.0,12.0,0.07096774193548387,0.12121212121212122,0.008602150537634409,0.8863636363636364,0.04933196300102775
1186260,971.0,465,39,9,67,58,824.0,69.0,52.0,26.0,0.08387096774193549,0.23076923076923078,0.01935483870967742,0.8656716417910447,0.08373786407766991
3542225,1098.0,465,41,0,0,0,1020.0,0.0,43.0,35.0,0.08817204301075268,0.0,0.0,,0.0
2455131,1196.0,464,42,6,33,27,1078.0,35.0,55.0,28.0,0.09051724137931035,0.14285714285714285,0.01293103448275862,0.8181818181818182,0.032467532467532464
1252294,994.0,463,15,3,57,53,887.0,63.0,26.0,18.0,0.032397408207343416,0.2,0.0064794816414686825,0.9298245614035088,0.07102593010146561
1019845,1121.0,463,57,12,49,37,949.0,57.0,80.0,35.0,0.12311015118790497,0.21052631578947367,0.02591792656587473,0.7551020408163265,0.06006322444678609
4266291,968.0,462,43,6,30,24,845.0,34.0,64.0,25.0,0.09307359307359307,0.13953488372093023,0.012987012987012988,0.8,0.040236686390532544
4840206,1106.0,461,60,8,37,28,958.0,43.0,69.0,36.0,0.1301518438177874,0.13333333333333333,0.01735357917570499,0.7567567567567568,0.04488517745302714
4378750,1342.0,461,77,14,54,39,1132.0,73.0,90.0,47.0,0.16702819956616052,0.18181818181818182,0.03036876355748373,0.7222222222222222,0.06448763250883392
5148429,916.0,460,22,4,8,2,867.0,8.0,18.0,23.0,0.04782608695652174,0.18181818181818182,0.008695652173913044,0.25,0.00922722029988466
4092319,1438.0,460,61,13,62,48,1269.0,67.0,76.0,26.0,0.13260869565217392,0.21311475409836064,0.02826086956521739,0.7741935483870968,0.05279747832939322
2040765,1086.0,460,32,6,12,6,1013.0,13.0,37.0,23.0,0.06956521739130435,0.1875,0.013043478260869565,0.5,0.012833168805528134
4568352,1478.0,460,29,0,2,2,1425.0,2.0,29.0,22.0,0.06304347826086956,0.0,0.0,1.0,0.0014035087719298245
2610791,863.0,459,29,11,52,38,743.0,61.0,48.0,11.0,0.06318082788671024,0.3793103448275862,0.023965141612200435,0.7307692307692307,0.08209959623149395
1457926,748.0,458,39,6,18,12,655.0,21.0,50.0,22.0,0.0851528384279476,0.15384615384615385,0.013100436681222707,0.6666666666666666,0.03206106870229008
1726863,884.0,458,32,3,14,11,818.0,14.0,29.0,23.0,0.06986899563318777,0.09375,0.006550218340611353,0.7857142857142857,0.017114914425427872
4911196,1396.0,457,63,1,2,1,1279.0,2.0,58.0,57.0,0.13785557986870897,0.015873015873015872,0.002188183807439825,0.5,0.001563721657544957
4526708,1529.0,457,63,12,40,28,1346.0,43.0,90.0,50.0,0.13785557986870897,0.19047619047619047,0.0262582056892779,0.7,0.03194650817236255
1264586,890.0,457,35,2,4,2,825.0,4.0,26.0,35.0,0.07658643326039387,0.05714285714285714,0.00437636761487965,0.5,0.0048484848484848485
3368773,692.0,457,16,0,19,19,601.0,22.0,44.0,25.0,0.0350109409190372,0.0,0.0,1.0,0.036605657237936774
3532737,783.0,457,19,3,7,4,710.0,7.0,44.0,22.0,0.04157549234135667,0.15789473684210525,0.006564551422319475,0.5714285714285714,0.009859154929577466
1882924,803.0,457,28,2,43,39,669.0,49.0,56.0,29.0,0.061269146608315096,0.07142857142857142,0.00437636761487965,0.9069767441860465,0.07324364723467862
352251,1672.0,457,52,10,33,20,1537.0,37.0,63.0,35.0,0.1137855579868709,0.19230769230769232,0.02188183807439825,0.6060606060606061,0.024072869225764477
3859384,1292.0,456,86,8,38,28,1093.0,38.0,130.0,31.0,0.18859649122807018,0.09302325581395349,0.017543859649122806,0.7368421052631579,0.03476669716376944
1565736,1188.0,455,46,7,18,11,1072.0,21.0,56.0,39.0,0.1010989010989011,0.15217391304347827,0.015384615384615385,0.6111111111111112,0.01958955223880597
298586,995.0,455,37,3,8,5,858.0,9.0,42.0,86.0,0.08131868131868132,0.08108108108108109,0.006593406593406593,0.625,0.01048951048951049
413656,2026.0,455,57,12,16,4,1895.0,16.0,87.0,28.0,0.12527472527472527,0.21052631578947367,0.026373626373626374,0.25,0.008443271767810026
2110377,1090.0,455,39,9,32,23,987.0,38.0,39.0,26.0,0.08571428571428572,0.23076923076923078,0.01978021978021978,0.71875,0.03850050658561297
91943,742.0,454,21,3,12,9,687.0,14.0,21.0,20.0,0.046255506607929514,0.14285714285714285,0.006607929515418502,0.75,0.020378457059679767
153309,1253.0,453,59,13,64,49,1072.0,72.0,81.0,28.0,0.13024282560706402,0.22033898305084745,0.02869757174392936,0.765625,0.06716417910447761
4243653,1192.0,453,53,8,48,40,1044.0,58.0,72.0,18.0,0.11699779249448124,0.1509433962264151,0.017660044150110375,0.8333333333333334,0.05555555555555555
3110199,929.0,453,19,1,4,3,888.0,6.0,21.0,14.0,0.04194260485651214,0.05263157894736842,0.002207505518763797,0.75,0.006756756756756757
2602354,969.0,453,58,4,17,13,849.0,17.0,70.0,33.0,0.1280353200883002,0.06896551724137931,0.008830022075055188,0.7647058823529411,0.020023557126030624
2609208,892.0,453,58,9,87,71,634.0,97.0,146.0,15.0,0.1280353200883002,0.15517241379310345,0.019867549668874173,0.8160919540229885,0.1529968454258675
32967,775.0,451,17,4,11,5,731.0,11.0,15.0,18.0,0.037694013303769404,0.23529411764705882,0.008869179600886918,0.45454545454545453,0.015047879616963064
991102,1014.0,450,44,8,46,37,863.0,47.0,53.0,51.0,0.09777777777777778,0.18181818181818182,0.017777777777777778,0.8043478260869565,0.054461181923522596
5074895,1295.0,450,63,11,60,47,1106.0,65.0,95.0,29.0,0.14,0.1746031746031746,0.024444444444444446,0.7833333333333333,0.05877034358047016
1794065,1356.0,449,53,11,70,56,1178.0,75.0,59.0,44.0,0.11804008908685969,0.20754716981132076,0.024498886414253896,0.8,0.0636672325976231
2517181,1031.0,449,57,12,51,39,861.0,53.0,76.0,41.0,0.12694877505567928,0.21052631578947367,0.026726057906458798,0.7647058823529411,0.06155632984901278
4091042,973.0,448,62,4,27,21,792.0,34.0,79.0,68.0,0.13839285714285715,0.06451612903225806,0.008928571428571428,0.7777777777777778,0.04292929292929293
3979081,951.0,448,12,1,33,31,869.0,51.0,19.0,12.0,0.026785714285714284,0.08333333333333333,0.002232142857142857,0.9393939393939394,0.05868814729574223
145365,734.0,448,11,0,7,7,704.0,7.0,14.0,9.0,0.024553571428571428,0.0,0.0,1.0,0.009943181818181818
5031298,1331.0,448,58,13,60,42,1151.0,68.0,86.0,26.0,0.12946428571428573,0.22413793103448276,0.029017857142857144,0.7,0.059079061685490875
1479983,576.0,448,12,0,3,3,551.0,4.0,16.0,5.0,0.026785714285714284,0.0,0.0,1.0,0.007259528130671506
3147601,1969.0,447,76,13,58,45,1775.0,59.0,115.0,20.0,0.17002237136465326,0.17105263157894737,0.029082774049217,0.7758620689655172,0.03323943661971831
482940,738.0,447,32,1,7,6,674.0,8.0,36.0,20.0,0.07158836689038031,0.03125,0.0022371364653243847,0.8571428571428571,0.011869436201780416
3893658,736.0,446,29,3,3,0,676.0,3.0,37.0,20.0,0.06502242152466367,0.10344827586206896,0.006726457399103139,0.0,0.004437869822485207
4396514,1247.0,446,82,13,74,58,1019.0,80.0,99.0,49.0,0.18385650224215247,0.15853658536585366,0.02914798206278027,0.7837837837837838,0.07850834151128558
4197122,1334.0,445,69,15,52,35,1148.0,59.0,98.0,29.0,0.1550561797752809,0.21739130434782608,0.033707865168539325,0.6730769230769231,0.05139372822299652
2620396,963.0,445,38,1,2,1,898.0,4.0,24.0,37.0,0.0853932584269663,0.02631578947368421,0.0022471910112359553,0.5,0.004454342984409799
226943,1309.0,445,52,17,68,48,1144.0,69.0,65.0,31.0,0.11685393258426967,0.3269230769230769,0.038202247191011236,0.7058823529411765,0.06031468531468531
4834071,996.0,444,56,1,21,20,851.0,21.0,104.0,20.0,0.12612612612612611,0.017857142857142856,0.0022522522522522522,0.9523809523809523,0.024676850763807285
4303554,1251.0,444,38,2,4,2,1178.0,4.0,39.0,30.0,0.08558558558558559,0.05263157894736842,0.0045045045045045045,0.5,0.003395585738539898
4830567,739.0,444,5,1,30,29,688.0,42.0,0.0,9.0,0.01126126126126126,0.2,0.0022522522522522522,0.9666666666666667,0.061046511627906974
4266879,715.0,444,40,4,14,9,619.0,15.0,54.0,27.0,0.09009009009009009,0.1,0.009009009009009009,0.6428571428571429,0.024232633279483037
4587489,616.0,443,6,2,39,37,554.0,43.0,15.0,4.0,0.013544018058690745,0.3333333333333333,0.004514672686230248,0.9487179487179487,0.0776173285198556
4395670,1156.0,443,53,5,17,12,1022.0,19.0,57.0,58.0,0.11963882618510158,0.09433962264150944,0.011286681715575621,0.7058823529411765,0.018590998043052837
1492316,1135.0,443,60,9,54,42,952.0,56.0,92.0,35.0,0.13544018058690746,0.15,0.020316027088036117,0.7777777777777778,0.058823529411764705
2183205,849.0,440,35,4,20,14,733.0,23.0,62.0,31.0,0.07954545454545454,0.11428571428571428,0.00909090909090909,0.7,0.03137789904502047
1363301,1263.0,440,70,8,20,12,1112.0,23.0,98.0,30.0,0.1590909090909091,0.11428571428571428,0.01818181818181818,0.6,0.02068345323741007
1652168,862.0,440,37,5,18,13,751.0,18.0,54.0,39.0,0.08409090909090909,0.13513513513513514,0.011363636363636364,0.7222222222222222,0.023968042609853527
1992942,1315.0,440,74,19,66,45,1082.0,74.0,110.0,49.0,0.16818181818181818,0.25675675675675674,0.04318181818181818,0.6818181818181818,0.06839186691312385
3451327,983.0,440,46,4,16,12,870.0,17.0,68.0,28.0,0.10454545454545454,0.08695652173913043,0.00909090909090909,0.75,0.01954022988505747
4752941,1010.0,440,52,16,66,47,820.0,69.0,82.0,39.0,0.11818181818181818,0.3076923076923077,0.03636363636363636,0.7121212121212122,0.08414634146341464
1069119,972.0,440,43,11,25,14,822.0,32.0,64.0,54.0,0.09772727272727273,0.2558139534883721,0.025,0.56,0.038929440389294405
2637064,1451.0,439,68,18,91,73,1219.0,98.0,90.0,44.0,0.1548974943052392,0.2647058823529412,0.04100227790432802,0.8021978021978022,0.08039376538146022
4701147,1101.0,438,32,7,42,33,978.0,56.0,49.0,18.0,0.0730593607305936,0.21875,0.01598173515981735,0.7857142857142857,0.05725971370143149
1780349,1931.0,438,69,7,8,1,1802.0,9.0,70.0,50.0,0.15753424657534246,0.10144927536231885,0.01598173515981735,0.125,0.004994450610432853
4551473,815.0,438,39,9,46,36,677.0,49.0,68.0,21.0,0.08904109589041095,0.23076923076923078,0.02054794520547945,0.782608695652174,0.0723781388478582
4924524,1516.0,438,58,7,43,35,1378.0,47.0,65.0,26.0,0.1324200913242009,0.1206896551724138,0.01598173515981735,0.813953488372093,0.034107402031930335
4610961,1010.0,438,32,3,5,2,935.0,6.0,21.0,48.0,0.0730593607305936,0.09375,0.00684931506849315,0.4,0.006417112299465241
3594090,959.0,437,47,9,54,42,812.0,60.0,70.0,17.0,0.10755148741418764,0.19148936170212766,0.020594965675057208,0.7777777777777778,0.07389162561576355
3573424,1397.0,437,36,3,20,16,1309.0,23.0,46.0,19.0,0.08237986270022883,0.08333333333333333,0.006864988558352402,0.8,0.01757066462948816
1748831,989.0,437,32,5,31,25,845.0,79.0,46.0,19.0,0.07322654462242563,0.15625,0.011441647597254004,0.8064516129032258,0.09349112426035502
2684806,891.0,437,47,10,64,52,717.0,66.0,76.0,32.0,0.10755148741418764,0.2127659574468085,0.02288329519450801,0.8125,0.09205020920502092
1298222,1961.0,437,77,19,55,35,1747.0,59.0,110.0,45.0,0.17620137299771166,0.24675324675324675,0.043478260869565216,0.6363636363636364,0.03377218088151116
2561082,1247.0,436,53,10,46,34,1102.0,49.0,66.0,30.0,0.12155963302752294,0.18867924528301888,0.022935779816513763,0.7391304347826086,0.04446460980036298
4903093,1177.0,435,54,14,56,41,1022.0,60.0,63.0,32.0,0.12413793103448276,0.25925925925925924,0.03218390804597701,0.7321428571428571,0.05870841487279843
2202625,601.0,435,14,2,7,3,512.0,8.0,37.0,44.0,0.03218390804597701,0.14285714285714285,0.004597701149425287,0.42857142857142855,0.015625
2611406,1151.0,435,71,15,66,50,942.0,68.0,93.0,48.0,0.1632183908045977,0.2112676056338028,0.034482758620689655,0.7575757575757576,0.07218683651804671
1379027,2513.0,435,60,6,19,13,2358.0,27.0,75.0,53.0,0.13793103448275862,0.1,0.013793103448275862,0.6842105263157895,0.011450381679389313
4265386,1056.0,435,71,16,69,49,868.0,71.0,98.0,19.0,0.1632183908045977,0.22535211267605634,0.0367816091954023,0.7101449275362319,0.08179723502304148
2608820,1185.0,434,57,11,77,63,992.0,81.0,75.0,37.0,0.1313364055299539,0.19298245614035087,0.02534562211981567,0.8181818181818182,0.08165322580645161
2268678,746.0,433,31,1,2,1,687.0,2.0,25.0,32.0,0.07159353348729793,0.03225806451612903,0.0023094688221709007,0.5,0.002911208151382824
3731630,1356.0,433,45,9,35,26,1224.0,45.0,36.0,51.0,0.10392609699769054,0.2,0.020785219399538105,0.7428571428571429,0.03676470588235294
3247211,999.0,433,55,4,28,24,869.0,32.0,63.0,35.0,0.12702078521939955,0.07272727272727272,0.009237875288683603,0.8571428571428571,0.03682393555811277
2958024,1048.0,432,51,3,30,26,924.0,32.0,67.0,25.0,0.11805555555555555,0.058823529411764705,0.006944444444444444,0.8666666666666667,0.03463203463203463
3700191,918.0,432,33,3,25,21,826.0,29.0,40.0,23.0,0.0763888888888889,0.09090909090909091,0.006944444444444444,0.84,0.035108958837772396
3211701,1134.0,432,40,8,43,35,1007.0,48.0,54.0,25.0,0.09259259259259259,0.2,0.018518518518518517,0.813953488372093,0.047666335650446874
3654847,557.0,432,14,0,0,0,496.0,0.0,19.0,42.0,0.032407407407407406,0.0,0.0,,0.0
1955064,1033.0,432,48,3,32,28,904.0,33.0,60.0,36.0,0.1111111111111111,0.0625,0.006944444444444444,0.875,0.03650442477876106
201773,1288.0,431,17,0,6,5,1245.0,6.0,26.0,11.0,0.03944315545243619,0.0,0.0,0.8333333333333334,0.004819277108433735
4199627,1385.0,431,78,18,55,35,1177.0,59.0,106.0,43.0,0.18097447795823665,0.23076923076923078,0.04176334106728538,0.6363636363636364,0.05012744265080714
4921728,1348.0,430,58,9,81,70,1157.0,93.0,73.0,25.0,0.13488372093023257,0.15517241379310345,0.020930232558139535,0.8641975308641975,0.08038029386343994
543590,904.0,430,56,7,31,22,756.0,35.0,63.0,50.0,0.13023255813953488,0.125,0.01627906976744186,0.7096774193548387,0.046296296296296294
1089105,832.0,430,29,0,12,12,770.0,12.0,31.0,19.0,0.06744186046511629,0.0,0.0,1.0,0.015584415584415584
4765593,1143.0,430,66,19,96,77,911.0,107.0,84.0,41.0,0.15348837209302327,0.2878787878787879,0.044186046511627906,0.8020833333333334,0.11745334796926454
3809593,712.0,430,28,1,25,22,627.0,26.0,36.0,23.0,0.06511627906976744,0.03571428571428571,0.002325581395348837,0.88,0.04146730462519936
1918447,1025.0,430,40,7,54,44,828.0,91.0,56.0,50.0,0.09302325581395349,0.175,0.01627906976744186,0.8148148148148148,0.10990338164251208
37135,1189.0,429,42,7,34,26,1084.0,34.0,43.0,28.0,0.0979020979020979,0.16666666666666666,0.016317016317016316,0.7647058823529411,0.03136531365313653
3547813,963.0,429,40,2,12,10,864.0,15.0,64.0,20.0,0.09324009324009325,0.05,0.004662004662004662,0.8333333333333334,0.017361111111111112
4248306,814.0,429,30,5,11,6,739.0,13.0,41.0,21.0,0.06993006993006994,0.16666666666666666,0.011655011655011656,0.5454545454545454,0.017591339648173207
1619893,685.0,429,16,1,8,7,643.0,8.0,19.0,15.0,0.037296037296037296,0.0625,0.002331002331002331,0.875,0.012441679626749611
4681109,777.0,428,26,5,40,33,679.0,42.0,42.0,14.0,0.06074766355140187,0.19230769230769232,0.011682242990654205,0.825,0.061855670103092786
3741236,1062.0,428,67,10,69,58,795.0,75.0,116.0,76.0,0.15654205607476634,0.14925373134328357,0.02336448598130841,0.8405797101449275,0.09433962264150944
12816,1344.0,428,58,6,27,20,1189.0,29.0,73.0,53.0,0.13551401869158877,0.10344827586206896,0.014018691588785047,0.7407407407407407,0.024390243902439025
2878347,946.0,427,43,9,30,21,848.0,32.0,30.0,36.0,0.10070257611241218,0.20930232558139536,0.02107728337236534,0.7,0.03773584905660377
5108899,785.0,427,26,6,31,24,691.0,32.0,49.0,13.0,0.06088992974238876,0.23076923076923078,0.01405152224824356,0.7741935483870968,0.04630969609261939
1565799,681.0,427,17,0,0,0,655.0,0.0,22.0,4.0,0.03981264637002342,0.0,0.0,,0.0
2064614,789.0,427,36,5,10,5,703.0,10.0,37.0,39.0,0.08430913348946135,0.1388888888888889,0.0117096018735363,0.5,0.01422475106685633
955834,1547.0,427,47,7,33,26,1426.0,36.0,53.0,32.0,0.11007025761124122,0.14893617021276595,0.01639344262295082,0.7878787878787878,0.025245441795231416
2367548,591.0,426,22,0,5,5,539.0,6.0,23.0,23.0,0.051643192488262914,0.0,0.0,1.0,0.011131725417439703
2529055,728.0,426,26,4,22,18,639.0,23.0,41.0,25.0,0.06103286384976526,0.15384615384615385,0.009389671361502348,0.8181818181818182,0.03599374021909233
1066674,1144.0,426,53,18,104,84,924.0,113.0,89.0,18.0,0.12441314553990611,0.33962264150943394,0.04225352112676056,0.8076923076923077,0.12229437229437229
627715,1224.0,426,44,10,47,37,1095.0,53.0,49.0,27.0,0.10328638497652583,0.22727272727272727,0.023474178403755867,0.7872340425531915,0.048401826484018265
680438,945.0,425,40,8,77,68,773.0,87.0,69.0,16.0,0.09411764705882353,0.2,0.018823529411764704,0.8831168831168831,0.11254851228978008
4425678,1344.0,425,48,6,23,17,1237.0,24.0,64.0,19.0,0.11294117647058824,0.125,0.01411764705882353,0.7391304347826086,0.019401778496362168
2896348,1105.0,425,23,0,7,7,1062.0,8.0,25.0,10.0,0.05411764705882353,0.0,0.0,1.0,0.007532956685499058
443490,928.0,425,14,4,48,44,842.0,49.0,23.0,14.0,0.03294117647058824,0.2857142857142857,0.009411764705882352,0.9166666666666666,0.05819477434679335
1735195,1126.0,425,38,1,4,3,1039.0,4.0,39.0,44.0,0.08941176470588236,0.02631578947368421,0.002352941176470588,0.75,0.0038498556304138597
41527,901.0,424,58,9,40,29,756.0,40.0,76.0,29.0,0.13679245283018868,0.15517241379310345,0.02122641509433962,0.725,0.05291005291005291
814566,1512.0,424,77,1,4,3,1372.0,5.0,97.0,38.0,0.18160377358490565,0.012987012987012988,0.0023584905660377358,0.75,0.0036443148688046646
5101505,796.0,423,33,4,33,28,703.0,37.0,39.0,17.0,0.07801418439716312,0.12121212121212122,0.009456264775413711,0.8484848484848485,0.05263157894736842
1167279,884.0,422,14,3,30,27,831.0,32.0,0.0,21.0,0.03317535545023697,0.21428571428571427,0.0071090047393364926,0.9,0.03850782190132371
851937,1067.0,422,38,4,30,26,971.0,32.0,57.0,7.0,0.09004739336492891,0.10526315789473684,0.009478672985781991,0.8666666666666667,0.032955715756951595
4878483,1654.0,421,45,10,56,45,1512.0,61.0,66.0,15.0,0.10688836104513064,0.2222222222222222,0.023752969121140142,0.8035714285714286,0.04034391534391534
3124121,763.0,421,17,3,14,11,720.0,14.0,20.0,9.0,0.040380047505938245,0.17647058823529413,0.007125890736342043,0.7857142857142857,0.019444444444444445
3244547,747.0,421,40,3,12,8,652.0,13.0,61.0,21.0,0.09501187648456057,0.075,0.007125890736342043,0.6666666666666666,0.019938650306748466
4000233,1257.0,421,43,2,7,5,1163.0,8.0,44.0,42.0,0.1021377672209026,0.046511627906976744,0.004750593824228029,0.7142857142857143,0.006878761822871883
2192512,1431.0,421,56,12,68,56,1251.0,78.0,66.0,36.0,0.1330166270783848,0.21428571428571427,0.028503562945368172,0.8235294117647058,0.06235011990407674
268251,672.0,421,28,2,15,13,601.0,15.0,39.0,17.0,0.0665083135391924,0.07142857142857142,0.004750593824228029,0.8666666666666667,0.024958402662229616
1483857,924.0,420,22,1,2,1,875.0,2.0,24.0,23.0,0.05238095238095238,0.045454545454545456,0.002380952380952381,0.5,0.002285714285714286
4814620,1141.0,420,42,8,48,36,1003.0,52.0,56.0,30.0,0.1,0.19047619047619047,0.01904761904761905,0.75,0.0518444666001994
899236,1253.0,420,72,14,33,18,1093.0,35.0,91.0,34.0,0.17142857142857143,0.19444444444444445,0.03333333333333333,0.5454545454545454,0.03202195791399817
832330,926.0,419,54,13,38,21,777.0,39.0,85.0,25.0,0.1288782816229117,0.24074074074074073,0.031026252983293555,0.5526315789473685,0.05019305019305019
2833905,971.0,418,41,1,4,3,901.0,4.0,43.0,23.0,0.09808612440191387,0.024390243902439025,0.0023923444976076554,0.75,0.004439511653718091
2682627,844.0,418,25,6,17,11,767.0,23.0,23.0,31.0,0.05980861244019139,0.24,0.014354066985645933,0.6470588235294118,0.02998696219035202
493676,999.0,418,36,4,18,14,907.0,18.0,38.0,36.0,0.0861244019138756,0.1111111111111111,0.009569377990430622,0.7777777777777778,0.019845644983461964
1860533,844.0,417,17,3,9,6,804.0,9.0,22.0,9.0,0.0407673860911271,0.17647058823529413,0.007194244604316547,0.6666666666666666,0.011194029850746268
1256778,852.0,417,49,13,82,60,651.0,86.0,101.0,14.0,0.11750599520383694,0.2653061224489796,0.03117505995203837,0.7317073170731707,0.13210445468509985
3342722,1014.0,417,52,5,49,40,849.0,54.0,61.0,50.0,0.12470023980815348,0.09615384615384616,0.011990407673860911,0.8163265306122449,0.0636042402826855
4469639,981.0,417,50,7,30,21,822.0,35.0,84.0,40.0,0.11990407673860912,0.14,0.016786570743405275,0.7,0.04257907542579075
1258041,895.0,417,27,0,5,5,836.0,8.0,33.0,18.0,0.06474820143884892,0.0,0.0,1.0,0.009569377990430622
565751,934.0,417,29,7,21,13,831.0,22.0,58.0,23.0,0.06954436450839328,0.2413793103448276,0.016786570743405275,0.6190476190476191,0.026474127557160047
3358347,744.0,417,20,1,7,6,691.0,10.0,24.0,19.0,0.047961630695443645,0.05,0.002398081534772182,0.8571428571428571,0.01447178002894356
1965698,890.0,417,12,1,16,15,857.0,17.0,2.0,14.0,0.02877697841726619,0.08333333333333333,0.002398081534772182,0.9375,0.019836639439906652
3369736,991.0,416,64,10,65,49,794.0,70.0,102.0,25.0,0.15384615384615385,0.15625,0.02403846153846154,0.7538461538461538,0.08816120906801007
172164,1276.0,416,56,7,20,13,1139.0,24.0,78.0,35.0,0.1346153846153846,0.125,0.016826923076923076,0.65,0.021071115013169446
4149693,1050.0,416,62,19,60,38,872.0,67.0,92.0,19.0,0.14903846153846154,0.3064516129032258,0.04567307692307692,0.6333333333333333,0.0768348623853211
2229246,930.0,416,33,2,14,12,853.0,15.0,34.0,28.0,0.07932692307692307,0.06060606060606061,0.004807692307692308,0.8571428571428571,0.017584994138335287
1524215,548.0,416,6,0,0,0,532.0,0.0,3.0,13.0,0.014423076923076924,0.0,0.0,,0.0
107693,826.0,416,38,2,19,16,724.0,21.0,67.0,14.0,0.09134615384615384,0.05263157894736842,0.004807692307692308,0.8421052631578947,0.029005524861878452
73030,1098.0,416,66,17,60,41,903.0,62.0,101.0,32.0,0.15865384615384615,0.25757575757575757,0.040865384615384616,0.6833333333333333,0.06866002214839424
3946580,1238.0,414,37,3,8,5,1159.0,8.0,50.0,21.0,0.0893719806763285,0.08108108108108109,0.007246376811594203,0.625,0.006902502157031924
1194451,1588.0,414,90,28,74,46,1353.0,80.0,117.0,38.0,0.21739130434782608,0.3111111111111111,0.06763285024154589,0.6216216216216216,0.059127864005912786
169865,2095.0,413,72,17,61,42,1884.0,65.0,114.0,32.0,0.17433414043583534,0.2361111111111111,0.04116222760290557,0.6885245901639344,0.034501061571125265
3092732,1005.0,413,38,6,25,16,880.0,37.0,53.0,35.0,0.09200968523002422,0.15789473684210525,0.014527845036319613,0.64,0.042045454545454546
4270314,966.0,412,46,6,21,15,854.0,23.0,66.0,23.0,0.11165048543689321,0.13043478260869565,0.014563106796116505,0.7142857142857143,0.026932084309133488
2469855,1085.0,412,49,5,27,21,962.0,28.0,61.0,34.0,0.11893203883495146,0.10204081632653061,0.012135922330097087,0.7777777777777778,0.029106029106029108
4642360,1411.0,411,28,2,3,1,1355.0,3.0,21.0,32.0,0.0681265206812652,0.07142857142857142,0.004866180048661801,0.3333333333333333,0.002214022140221402
3362577,1287.0,411,42,9,35,23,1169.0,36.0,68.0,14.0,0.10218978102189781,0.21428571428571427,0.021897810218978103,0.6571428571428571,0.030795551753635585
2690744,1082.0,411,58,10,45,32,908.0,49.0,94.0,31.0,0.1411192214111922,0.1724137931034483,0.024330900243309004,0.7111111111111111,0.053964757709251104
1013057,769.0,411,14,1,2,1,739.0,2.0,13.0,15.0,0.0340632603406326,0.07142857142857142,0.0024330900243309003,0.5,0.0027063599458728013
4986145,1188.0,411,48,12,60,47,1043.0,63.0,56.0,26.0,0.11678832116788321,0.25,0.029197080291970802,0.7833333333333333,0.06040268456375839
2410,730.0,411,27,3,14,11,661.0,14.0,37.0,18.0,0.06569343065693431,0.1111111111111111,0.0072992700729927005,0.7857142857142857,0.02118003025718608
3991166,673.0,410,41,4,27,22,536.0,29.0,66.0,42.0,0.1,0.0975609756097561,0.00975609756097561,0.8148148148148148,0.054104477611940295
3503604,981.0,410,58,15,52,36,804.0,53.0,78.0,46.0,0.14146341463414633,0.25862068965517243,0.036585365853658534,0.6923076923076923,0.06592039800995025
647740,1268.0,410,56,10,62,51,1081.0,83.0,70.0,34.0,0.13658536585365855,0.17857142857142858,0.024390243902439025,0.8225806451612904,0.07678075855689177
1854481,1947.0,410,63,9,23,14,1784.0,25.0,92.0,46.0,0.15365853658536585,0.14285714285714285,0.02195121951219512,0.6086956521739131,0.014013452914798207
4017084,1086.0,409,47,14,62,46,939.0,67.0,60.0,20.0,0.11491442542787286,0.2978723404255319,0.034229828850855744,0.7419354838709677,0.07135250266240682
3483380,655.0,409,15,2,9,7,616.0,9.0,21.0,9.0,0.03667481662591687,0.13333333333333333,0.004889975550122249,0.7777777777777778,0.01461038961038961
930394,1226.0,408,36,8,66,57,1090.0,71.0,47.0,18.0,0.08823529411764706,0.2222222222222222,0.0196078431372549,0.8636363636363636,0.06513761467889909
3736158,1520.0,408,53,13,31,17,1385.0,33.0,64.0,38.0,0.12990196078431374,0.24528301886792453,0.031862745098039214,0.5483870967741935,0.023826714801444042
1051222,641.0,407,29,5,8,3,566.0,8.0,46.0,21.0,0.07125307125307126,0.1724137931034483,0.012285012285012284,0.375,0.014134275618374558
4014446,950.0,406,51,8,32,23,832.0,33.0,61.0,24.0,0.12561576354679804,0.1568627450980392,0.019704433497536946,0.71875,0.039663461538461536
1896006,1211.0,406,65,19,76,55,1016.0,85.0,83.0,27.0,0.16009852216748768,0.2923076923076923,0.046798029556650245,0.7236842105263158,0.08366141732283465
1128240,1152.0,406,49,6,30,23,1038.0,38.0,51.0,25.0,0.1206896551724138,0.12244897959183673,0.014778325123152709,0.7666666666666667,0.036608863198458574
4403323,1306.0,404,40,13,79,64,1144.0,84.0,60.0,18.0,0.09900990099009901,0.325,0.03217821782178218,0.810126582278481,0.07342657342657342
3172967,922.0,404,45,7,17,9,799.0,20.0,59.0,44.0,0.11138613861386139,0.15555555555555556,0.017326732673267328,0.5294117647058824,0.025031289111389236
4332472,1317.0,404,47,8,32,24,1203.0,32.0,64.0,18.0,0.11633663366336634,0.1702127659574468,0.019801980198019802,0.75,0.02660016625103907
5161669,1218.0,404,73,17,124,98,940.0,142.0,117.0,19.0,0.1806930693069307,0.2328767123287671,0.04207920792079208,0.7903225806451613,0.15106382978723404
1048697,1032.0,403,69,15,71,55,843.0,73.0,92.0,24.0,0.17121588089330025,0.21739130434782608,0.03722084367245657,0.7746478873239436,0.08659549228944247
1965689,828.0,403,38,5,14,8,698.0,19.0,58.0,53.0,0.09429280397022333,0.13157894736842105,0.01240694789081886,0.5714285714285714,0.027220630372492838
4205666,1301.0,402,61,16,82,64,1095.0,86.0,83.0,37.0,0.1517412935323383,0.26229508196721313,0.03980099502487562,0.7804878048780488,0.07853881278538813
1566469,1344.0,402,76,18,47,28,1167.0,53.0,91.0,33.0,0.1890547263681592,0.23684210526315788,0.04477611940298507,0.5957446808510638,0.04541559554413025
2807309,1459.0,400,28,2,7,5,1402.0,7.0,13.0,37.0,0.07,0.07142857142857142,0.005,0.7142857142857143,0.004992867332382311
3302877,812.0,400,37,11,54,43,678.0,58.0,64.0,12.0,0.0925,0.2972972972972973,0.0275,0.7962962962962963,0.0855457227138643
1703906,798.0,400,45,7,53,43,650.0,55.0,74.0,19.0,0.1125,0.15555555555555556,0.0175,0.8113207547169812,0.08461538461538462
2859442,803.0,400,27,3,9,6,721.0,13.0,46.0,23.0,0.0675,0.1111111111111111,0.0075,0.6666666666666666,0.018030513176144243
2817286,948.0,399,55,8,41,32,795.0,41.0,69.0,43.0,0.13784461152882205,0.14545454545454545,0.020050125313283207,0.7804878048780488,0.05157232704402516
991317,1117.0,398,72,19,119,95,837.0,122.0,129.0,29.0,0.18090452261306533,0.2638888888888889,0.04773869346733668,0.7983193277310925,0.14575866188769415
2056438,953.0,398,45,5,24,18,842.0,27.0,56.0,28.0,0.11306532663316583,0.1111111111111111,0.01256281407035176,0.75,0.032066508313539195
3910741,910.0,398,28,3,22,18,835.0,23.0,43.0,9.0,0.07035175879396985,0.10714285714285714,0.007537688442211055,0.8181818181818182,0.027544910179640718
3269713,834.0,398,30,1,5,4,763.0,5.0,52.0,14.0,0.07537688442211055,0.03333333333333333,0.002512562814070352,0.8,0.00655307994757536
2992045,1173.0,397,40,3,7,4,1077.0,7.0,46.0,43.0,0.10075566750629723,0.075,0.007556675062972292,0.5714285714285714,0.0064995357474466105
2786875,907.0,397,32,6,36,28,819.0,38.0,38.0,12.0,0.08060453400503778,0.1875,0.015113350125944584,0.7777777777777778,0.0463980463980464
647611,869.0,397,38,6,16,10,796.0,17.0,37.0,19.0,0.09571788413098237,0.15789473684210525,0.015113350125944584,0.625,0.02135678391959799
1112773,710.0,396,35,6,42,35,594.0,42.0,57.0,17.0,0.08838383838383838,0.17142857142857143,0.015151515151515152,0.8333333333333334,0.0707070707070707
1136219,964.0,396,25,3,26,23,874.0,42.0,35.0,13.0,0.06313131313131314,0.12,0.007575757575757576,0.8846153846153846,0.04805491990846682
3647233,877.0,395,47,12,46,34,749.0,49.0,56.0,23.0,0.1189873417721519,0.2553191489361702,0.030379746835443037,0.7391304347826086,0.06542056074766354
731056,963.0,394,49,15,70,52,777.0,82.0,73.0,31.0,0.12436548223350254,0.30612244897959184,0.03807106598984772,0.7428571428571429,0.10553410553410554
4595260,704.0,394,22,5,27,21,632.0,33.0,25.0,14.0,0.05583756345177665,0.22727272727272727,0.012690355329949238,0.7777777777777778,0.05221518987341772
955432,1758.0,394,26,6,46,33,1559.0,68.0,1.0,130.0,0.06598984771573604,0.23076923076923078,0.015228426395939087,0.717391304347826,0.04361770365618987
334161,863.0,394,40,10,52,38,716.0,57.0,69.0,21.0,0.10152284263959391,0.25,0.025380710659898477,0.7307692307692307,0.07960893854748603
3955430,633.0,394,23,3,3,0,581.0,3.0,24.0,25.0,0.0583756345177665,0.13043478260869565,0.007614213197969543,0.0,0.0051635111876075735
2464993,913.0,394,6,2,97,94,795.0,105.0,1.0,12.0,0.015228426395939087,0.3333333333333333,0.005076142131979695,0.9690721649484536,0.1320754716981132
4502010,815.0,393,22,2,2,0,786.0,3.0,18.0,8.0,0.05597964376590331,0.09090909090909091,0.005089058524173028,0.0,0.003816793893129771
1882323,1009.0,393,43,8,32,22,897.0,35.0,56.0,21.0,0.10941475826972011,0.18604651162790697,0.020356234096692113,0.6875,0.03901895206243032
3305081,558.0,393,19,2,19,15,450.0,20.0,61.0,27.0,0.04834605597964377,0.10526315789473684,0.005089058524173028,0.7894736842105263,0.044444444444444446
2859865,710.0,393,10,2,13,11,669.0,14.0,18.0,9.0,0.02544529262086514,0.2,0.005089058524173028,0.8461538461538461,0.02092675635276532
3468569,585.0,392,7,0,3,2,568.0,3.0,10.0,4.0,0.017857142857142856,0.0,0.0,0.6666666666666666,0.00528169014084507
3606832,872.0,391,19,0,0,0,839.0,0.0,22.0,11.0,0.04859335038363171,0.0,0.0,,0.0
3989777,1038.0,391,67,11,41,29,848.0,49.0,106.0,35.0,0.17135549872122763,0.16417910447761194,0.028132992327365727,0.7073170731707317,0.05778301886792453
465980,1204.0,391,51,6,17,11,1078.0,18.0,74.0,34.0,0.13043478260869565,0.11764705882352941,0.015345268542199489,0.6470588235294118,0.016697588126159554
4783904,918.0,390,42,3,26,21,795.0,27.0,52.0,44.0,0.1076923076923077,0.07142857142857142,0.007692307692307693,0.8076923076923077,0.033962264150943396
5131430,1125.0,390,68,19,76,54,926.0,82.0,82.0,35.0,0.17435897435897435,0.27941176470588236,0.04871794871794872,0.7105263157894737,0.08855291576673865
793987,1210.0,390,44,7,28,20,1102.0,30.0,60.0,18.0,0.11282051282051282,0.1590909090909091,0.017948717948717947,0.7142857142857143,0.02722323049001815
2880666,561.0,390,19,3,27,23,490.0,28.0,32.0,11.0,0.04871794871794872,0.15789473684210525,0.007692307692307693,0.8518518518518519,0.05714285714285714
3010881,884.0,389,56,9,52,42,697.0,55.0,81.0,51.0,0.14395886889460155,0.16071428571428573,0.02313624678663239,0.8076923076923077,0.07890961262553801
357197,1230.0,389,33,7,27,20,1136.0,28.0,41.0,25.0,0.08483290488431877,0.21212121212121213,0.017994858611825194,0.7407407407407407,0.02464788732394366
3704829,1235.0,389,31,5,14,9,1175.0,15.0,38.0,7.0,0.07969151670951156,0.16129032258064516,0.012853470437017995,0.6428571428571429,0.01276595744680851
2379229,758.0,389,23,2,5,3,719.0,5.0,16.0,18.0,0.05912596401028278,0.08695652173913043,0.005141388174807198,0.6,0.006954102920723227
3774999,579.0,389,23,3,6,3,518.0,6.0,31.0,24.0,0.05912596401028278,0.13043478260869565,0.007712082262210797,0.5,0.011583011583011582
222415,1061.0,388,62,11,26,15,896.0,31.0,77.0,57.0,0.15979381443298968,0.1774193548387097,0.028350515463917526,0.5769230769230769,0.03459821428571429
2916918,1032.0,388,30,9,31,22,942.0,34.0,32.0,24.0,0.07731958762886598,0.3,0.023195876288659795,0.7096774193548387,0.036093418259023353
1206266,1310.0,388,34,2,7,5,1241.0,7.0,36.0,26.0,0.08762886597938144,0.058823529411764705,0.005154639175257732,0.7142857142857143,0.0056406124093473006
1121141,662.0,387,11,1,5,4,630.0,5.0,22.0,5.0,0.028423772609819122,0.09090909090909091,0.002583979328165375,0.8,0.007936507936507936
3176262,633.0,387,33,3,16,13,558.0,18.0,37.0,20.0,0.08527131782945736,0.09090909090909091,0.007751937984496124,0.8125,0.03225806451612903
2796753,836.0,386,34,1,9,7,760.0,9.0,37.0,30.0,0.08808290155440414,0.029411764705882353,0.0025906735751295338,0.7777777777777778,0.011842105263157895
598788,826.0,386,46,6,45,38,695.0,45.0,59.0,27.0,0.11917098445595854,0.13043478260869565,0.015544041450777202,0.8444444444444444,0.06474820143884892
3166089,693.0,386,17,2,5,3,659.0,6.0,15.0,13.0,0.04404145077720207,0.11764705882352941,0.0051813471502590676,0.6,0.009104704097116844
4909025,1239.0,386,70,13,41,28,1090.0,41.0,79.0,29.0,0.18134715025906736,0.18571428571428572,0.03367875647668394,0.6829268292682927,0.03761467889908257
362515,1056.0,385,54,16,85,68,874.0,90.0,69.0,23.0,0.14025974025974025,0.2962962962962963,0.04155844155844156,0.8,0.10297482837528604
3882202,1007.0,385,60,13,90,75,804.0,95.0,89.0,19.0,0.15584415584415584,0.21666666666666667,0.033766233766233764,0.8333333333333334,0.1181592039800995
1375246,764.0,384,29,3,14,9,688.0,16.0,34.0,26.0,0.07552083333333333,0.10344827586206896,0.0078125,0.6428571428571429,0.023255813953488372
5018044,1465.0,384,76,24,73,48,1221.0,77.0,131.0,36.0,0.19791666666666666,0.3157894736842105,0.0625,0.6575342465753424,0.06306306306306306
133009,903.0,383,43,1,8,7,788.0,9.0,71.0,35.0,0.1122715404699739,0.023255813953488372,0.0026109660574412533,0.875,0.011421319796954314
1219760,661.0,383,31,3,27,22,578.0,28.0,41.0,14.0,0.08093994778067885,0.0967741935483871,0.007832898172323759,0.8148148148148148,0.04844290657439446
4295724,1291.0,383,70,19,59,35,1099.0,59.0,91.0,42.0,0.18276762402088773,0.2714285714285714,0.04960835509138381,0.5932203389830508,0.05368516833484986
1381217,532.0,382,20,1,7,6,487.0,7.0,22.0,16.0,0.05235602094240838,0.05,0.002617801047120419,0.8571428571428571,0.014373716632443531
2767575,1329.0,382,39,2,20,18,1232.0,21.0,52.0,24.0,0.10209424083769633,0.05128205128205128,0.005235602094240838,0.9,0.017045454545454544
1298735,1122.0,381,27,2,7,5,1061.0,10.0,23.0,28.0,0.07086614173228346,0.07407407407407407,0.005249343832020997,0.7142857142857143,0.00942507068803016
4164898,978.0,381,56,6,13,7,855.0,14.0,75.0,34.0,0.14698162729658792,0.10714285714285714,0.015748031496062992,0.5384615384615384,0.016374269005847954
3832689,1400.0,381,58,16,55,38,1224.0,60.0,78.0,38.0,0.15223097112860892,0.27586206896551724,0.04199475065616798,0.6909090909090909,0.049019607843137254
4263789,1122.0,381,48,8,18,9,1010.0,20.0,60.0,32.0,0.12598425196850394,0.16666666666666666,0.02099737532808399,0.5,0.019801980198019802
3533346,959.0,380,24,5,10,5,900.0,12.0,30.0,17.0,0.06315789473684211,0.20833333333333334,0.013157894736842105,0.5,0.013333333333333334
1651662,752.0,380,38,3,21,17,662.0,25.0,44.0,21.0,0.1,0.07894736842105263,0.007894736842105263,0.8095238095238095,0.0377643504531722
565986,2115.0,379,66,14,41,26,1922.0,46.0,103.0,44.0,0.1741424802110818,0.21212121212121213,0.036939313984168866,0.6341463414634146,0.023933402705515087
3882159,1005.0,379,42,20,42,22,885.0,44.0,48.0,28.0,0.11081794195250659,0.47619047619047616,0.052770448548812667,0.5238095238095238,0.04971751412429379
3185579,928.0,379,41,5,12,7,843.0,14.0,43.0,28.0,0.10817941952506596,0.12195121951219512,0.013192612137203167,0.5833333333333334,0.0166073546856465
3115770,1474.0,378,44,10,56,46,1301.0,77.0,68.0,28.0,0.1164021164021164,0.22727272727272727,0.026455026455026454,0.8214285714285714,0.05918524212144504
4154799,807.0,378,19,2,4,2,771.0,4.0,22.0,10.0,0.05026455026455026,0.10526315789473684,0.005291005291005291,0.5,0.005188067444876783
1043963,677.0,378,13,0,3,3,647.0,3.0,16.0,11.0,0.03439153439153439,0.0,0.0,1.0,0.00463678516228748
3528744,1225.0,377,28,2,32,30,1145.0,34.0,32.0,14.0,0.07427055702917772,0.07142857142857142,0.005305039787798408,0.9375,0.029694323144104803
2751130,940.0,377,34,8,13,5,854.0,16.0,47.0,23.0,0.09018567639257294,0.23529411764705882,0.021220159151193633,0.38461538461538464,0.01873536299765808
3426784,776.0,376,24,2,6,4,735.0,6.0,21.0,14.0,0.06382978723404255,0.08333333333333333,0.005319148936170213,0.6666666666666666,0.00816326530612245
2515261,812.0,376,35,2,22,19,708.0,22.0,51.0,31.0,0.09308510638297872,0.05714285714285714,0.005319148936170213,0.8636363636363636,0.031073446327683617
2729862,902.0,376,32,8,71,61,759.0,74.0,50.0,19.0,0.0851063829787234,0.25,0.02127659574468085,0.8591549295774648,0.09749670619235837
3499323,816.0,375,43,6,45,39,673.0,53.0,63.0,27.0,0.11466666666666667,0.13953488372093023,0.016,0.8666666666666667,0.0787518573551263
2218016,505.0,375,11,0,3,3,467.0,6.0,22.0,10.0,0.029333333333333333,0.0,0.0,1.0,0.01284796573875803
259455,753.0,375,33,8,32,23,651.0,32.0,48.0,22.0,0.088,0.24242424242424243,0.021333333333333333,0.71875,0.04915514592933948
364125,1037.0,374,59,13,34,19,889.0,35.0,81.0,32.0,0.15775401069518716,0.22033898305084745,0.034759358288770054,0.5588235294117647,0.03937007874015748
4486005,988.0,374,59,14,84,69,777.0,87.0,98.0,26.0,0.15775401069518716,0.23728813559322035,0.0374331550802139,0.8214285714285714,0.11196911196911197
620869,1044.0,374,65,21,69,48,872.0,70.0,75.0,27.0,0.17379679144385027,0.3230769230769231,0.05614973262032086,0.6956521739130435,0.08027522935779817
3944254,1326.0,373,86,18,37,18,1115.0,45.0,98.0,68.0,0.23056300268096513,0.20930232558139536,0.04825737265415549,0.4864864864864865,0.04035874439461883
1467314,1807.0,373,86,8,29,20,1564.0,30.0,134.0,79.0,0.23056300268096513,0.09302325581395349,0.021447721179624665,0.6896551724137931,0.01918158567774936
3593794,785.0,373,41,4,23,17,668.0,29.0,52.0,36.0,0.10991957104557641,0.0975609756097561,0.010723860589812333,0.7391304347826086,0.04341317365269461
2920833,639.0,372,23,1,10,9,588.0,12.0,21.0,18.0,0.06182795698924731,0.043478260869565216,0.002688172043010753,0.9,0.02040816326530612
2255371,646.0,372,26,2,10,8,573.0,10.0,40.0,23.0,0.06989247311827956,0.07692307692307693,0.005376344086021506,0.8,0.017452006980802792
2518268,862.0,372,54,12,46,32,709.0,49.0,63.0,41.0,0.14516129032258066,0.2222222222222222,0.03225806451612903,0.6956521739130435,0.0691114245416079
2672589,1097.0,372,43,9,41,32,974.0,44.0,65.0,14.0,0.11559139784946236,0.20930232558139536,0.024193548387096774,0.7804878048780488,0.045174537987679675
2233787,637.0,372,28,3,13,10,567.0,13.0,40.0,17.0,0.07526881720430108,0.10714285714285714,0.008064516129032258,0.7692307692307693,0.02292768959435626
278173,962.0,372,33,5,17,12,875.0,17.0,49.0,21.0,0.08870967741935484,0.15151515151515152,0.013440860215053764,0.7058823529411765,0.019428571428571427
4977749,659.0,371,23,3,18,15,586.0,19.0,36.0,18.0,0.06199460916442048,0.13043478260869565,0.008086253369272238,0.8333333333333334,0.032423208191126277
4074849,855.0,371,50,3,59,52,681.0,65.0,88.0,21.0,0.1347708894878706,0.06,0.008086253369272238,0.8813559322033898,0.09544787077826726
2896749,1158.0,371,50,7,30,23,1027.0,33.0,64.0,34.0,0.1347708894878706,0.14,0.018867924528301886,0.7666666666666667,0.03213242453748783
2086128,1176.0,370,51,9,21,10,1047.0,23.0,78.0,28.0,0.13783783783783785,0.17647058823529413,0.024324324324324326,0.47619047619047616,0.021967526265520534
4493358,782.0,370,39,8,65,53,599.0,70.0,93.0,20.0,0.10540540540540541,0.20512820512820512,0.021621621621621623,0.8153846153846154,0.11686143572621036
4524544,1077.0,370,49,14,80,64,903.0,87.0,68.0,19.0,0.13243243243243244,0.2857142857142857,0.03783783783783784,0.8,0.09634551495016612
3751309,952.0,370,52,7,24,17,816.0,25.0,72.0,39.0,0.14054054054054055,0.1346153846153846,0.01891891891891892,0.7083333333333334,0.030637254901960783
4358542,1285.0,369,90,9,21,12,1064.0,21.0,130.0,70.0,0.24390243902439024,0.1,0.024390243902439025,0.5714285714285714,0.019736842105263157
1653688,743.0,368,23,0,0,0,652.0,0.0,45.0,46.0,0.0625,0.0,0.0,,0.0
3445730,1386.0,368,75,14,59,44,1198.0,63.0,96.0,29.0,0.20380434782608695,0.18666666666666668,0.03804347826086957,0.7457627118644068,0.052587646076794656
3609849,723.0,368,26,1,21,19,646.0,24.0,42.0,11.0,0.07065217391304347,0.038461538461538464,0.002717391304347826,0.9047619047619048,0.03715170278637771
2647760,852.0,368,43,12,71,58,694.0,72.0,57.0,29.0,0.11684782608695653,0.27906976744186046,0.03260869565217391,0.8169014084507042,0.1037463976945245
1725877,748.0,367,29,0,1,1,697.0,1.0,32.0,18.0,0.07901907356948229,0.0,0.0,1.0,0.0014347202295552368
4503217,1287.0,367,72,22,91,68,1051.0,97.0,104.0,35.0,0.19618528610354224,0.3055555555555556,0.05994550408719346,0.7472527472527473,0.0922930542340628
304205,913.0,367,37,5,22,17,811.0,24.0,61.0,17.0,0.1008174386920981,0.13513513513513514,0.013623978201634877,0.7727272727272727,0.029593094944512947
623614,1034.0,367,31,3,22,18,957.0,28.0,35.0,14.0,0.08446866485013624,0.0967741935483871,0.008174386920980926,0.8181818181818182,0.029258098223615466
4263693,679.0,367,33,7,36,24,566.0,36.0,58.0,19.0,0.08991825613079019,0.21212121212121213,0.01907356948228883,0.6666666666666666,0.0636042402826855
1426835,839.0,367,26,2,9,7,750.0,9.0,39.0,41.0,0.07084468664850137,0.07692307692307693,0.005449591280653951,0.7777777777777778,0.012
814178,905.0,367,46,15,80,62,718.0,89.0,81.0,17.0,0.12534059945504086,0.32608695652173914,0.04087193460490463,0.775,0.12395543175487465
4696539,921.0,366,47,7,38,28,768.0,46.0,75.0,32.0,0.1284153005464481,0.14893617021276595,0.01912568306010929,0.7368421052631579,0.059895833333333336
3459146,788.0,366,39,6,11,5,705.0,12.0,41.0,30.0,0.10655737704918032,0.15384615384615385,0.01639344262295082,0.45454545454545453,0.01702127659574468
4855945,1016.0,366,41,5,23,16,890.0,30.0,66.0,30.0,0.11202185792349727,0.12195121951219512,0.01366120218579235,0.6956521739130435,0.033707865168539325
720513,1615.0,365,79,39,200,156,1238.0,219.0,119.0,39.0,0.21643835616438356,0.4936708860759494,0.10684931506849316,0.78,0.17689822294022617
1305565,678.0,365,15,4,7,3,647.0,7.0,12.0,12.0,0.0410958904109589,0.26666666666666666,0.010958904109589041,0.42857142857142855,0.010819165378670788
4936155,1020.0,365,69,20,103,79,771.0,110.0,111.0,28.0,0.18904109589041096,0.2898550724637681,0.0547945205479452,0.7669902912621359,0.14267185473411154
667349,1470.0,365,51,8,20,12,1333.0,23.0,74.0,40.0,0.13972602739726028,0.1568627450980392,0.021917808219178082,0.6,0.0172543135783946
635704,766.0,364,30,1,17,16,686.0,21.0,34.0,25.0,0.08241758241758242,0.03333333333333333,0.0027472527472527475,0.9411764705882353,0.030612244897959183
4592018,1679.0,364,34,3,10,7,1615.0,12.0,41.0,11.0,0.09340659340659341,0.08823529411764706,0.008241758241758242,0.7,0.007430340557275541
2640327,488.0,364,10,1,6,5,440.0,6.0,25.0,17.0,0.027472527472527472,0.1,0.0027472527472527475,0.8333333333333334,0.013636363636363636
1148114,873.0,364,46,12,66,52,707.0,69.0,69.0,28.0,0.12637362637362637,0.2608695652173913,0.03296703296703297,0.7878787878787878,0.09759547383309759
388942,899.0,364,58,10,43,30,744.0,45.0,82.0,28.0,0.15934065934065933,0.1724137931034483,0.027472527472527472,0.6976744186046512,0.06048387096774194
2307791,874.0,363,33,7,29,22,791.0,30.0,28.0,25.0,0.09090909090909091,0.21212121212121213,0.01928374655647383,0.7586206896551724,0.03792667509481669
984238,1102.0,363,74,15,78,59,876.0,85.0,110.0,31.0,0.20385674931129477,0.20270270270270271,0.04132231404958678,0.7564102564102564,0.09703196347031963
4242742,1278.0,363,80,7,27,20,1101.0,35.0,107.0,35.0,0.22038567493112948,0.0875,0.01928374655647383,0.7407407407407407,0.03178928247048138
1542241,1489.0,363,66,14,49,34,1289.0,78.0,88.0,34.0,0.18181818181818182,0.21212121212121213,0.03856749311294766,0.6938775510204082,0.060512024825446084
4963121,635.0,363,18,0,5,5,586.0,7.0,21.0,21.0,0.049586776859504134,0.0,0.0,1.0,0.011945392491467578
3471255,863.0,362,30,5,7,2,796.0,7.0,39.0,21.0,0.08287292817679558,0.16666666666666666,0.013812154696132596,0.2857142857142857,0.008793969849246231
3373953,719.0,362,25,4,19,15,661.0,21.0,23.0,14.0,0.06906077348066299,0.16,0.011049723756906077,0.7894736842105263,0.03177004538577912
4074218,705.0,362,33,10,29,16,610.0,30.0,45.0,20.0,0.09116022099447514,0.30303030303030304,0.027624309392265192,0.5517241379310345,0.04918032786885246
1174795,1225.0,362,83,25,80,54,989.0,86.0,114.0,36.0,0.2292817679558011,0.30120481927710846,0.06906077348066299,0.675,0.08695652173913043
665245,592.0,361,13,1,23,21,537.0,23.0,27.0,5.0,0.036011080332409975,0.07692307692307693,0.002770083102493075,0.9130434782608695,0.04283054003724395
2435035,863.0,361,23,3,6,3,808.0,7.0,32.0,16.0,0.06371191135734072,0.13043478260869565,0.008310249307479225,0.5,0.008663366336633664
4032951,985.0,361,57,11,46,35,817.0,53.0,88.0,27.0,0.15789473684210525,0.19298245614035087,0.030470914127423823,0.7608695652173914,0.06487148102815178
2444955,463.0,361,9,0,1,1,432.0,1.0,19.0,11.0,0.024930747922437674,0.0,0.0,1.0,0.0023148148148148147
3845884,772.0,361,30,2,14,10,684.0,14.0,41.0,33.0,0.08310249307479224,0.06666666666666667,0.00554016620498615,0.7142857142857143,0.02046783625730994
4764531,635.0,361,34,3,18,14,550.0,18.0,54.0,13.0,0.09418282548476455,0.08823529411764706,0.008310249307479225,0.7777777777777778,0.03272727272727273
5146636,1015.0,360,36,3,6,3,936.0,7.0,49.0,23.0,0.1,0.08333333333333333,0.008333333333333333,0.5,0.007478632478632479
1234577,432.0,360,2,0,0,0,420.0,0.0,6.0,6.0,0.005555555555555556,0.0,0.0,,0.0
1999982,964.0,360,57,11,23,11,825.0,30.0,83.0,26.0,0.15833333333333333,0.19298245614035087,0.030555555555555555,0.4782608695652174,0.03636363636363636
3258181,910.0,359,50,8,14,6,799.0,14.0,59.0,38.0,0.1392757660167131,0.16,0.022284122562674095,0.42857142857142855,0.017521902377972465
2533979,1042.0,359,42,10,42,30,915.0,47.0,46.0,34.0,0.116991643454039,0.23809523809523808,0.027855153203342618,0.7142857142857143,0.05136612021857923
3281371,1007.0,359,44,14,67,52,840.0,73.0,70.0,24.0,0.12256267409470752,0.3181818181818182,0.03899721448467967,0.7761194029850746,0.0869047619047619
2316669,757.0,359,18,1,5,4,721.0,5.0,20.0,11.0,0.05013927576601671,0.05555555555555555,0.002785515320334262,0.8,0.006934812760055479
2255207,1124.0,358,76,14,48,33,925.0,54.0,111.0,34.0,0.2122905027932961,0.18421052631578946,0.03910614525139665,0.6875,0.05837837837837838
3803527,410.0,358,8,0,0,0,384.0,0.0,13.0,13.0,0.0223463687150838,0.0,0.0,,0.0
3647870,1041.0,358,62,8,31,21,905.0,33.0,78.0,25.0,0.17318435754189945,0.12903225806451613,0.0223463687150838,0.6774193548387096,0.036464088397790057
4207901,1238.0,358,64,15,46,29,1074.0,48.0,84.0,32.0,0.1787709497206704,0.234375,0.04189944134078212,0.6304347826086957,0.0446927374301676
878813,961.0,357,49,5,30,24,836.0,31.0,66.0,28.0,0.13725490196078433,0.10204081632653061,0.014005602240896359,0.8,0.03708133971291866
1299473,1088.0,357,57,14,33,19,952.0,34.0,64.0,38.0,0.15966386554621848,0.24561403508771928,0.0392156862745098,0.5757575757575758,0.03571428571428571
1237115,981.0,357,39,4,15,11,886.0,24.0,46.0,25.0,0.1092436974789916,0.10256410256410256,0.011204481792717087,0.7333333333333333,0.02708803611738149
3339572,517.0,356,23,3,15,8,436.0,16.0,44.0,21.0,0.06460674157303371,0.13043478260869565,0.008426966292134831,0.5333333333333333,0.03669724770642202
4386059,692.0,356,42,4,35,29,576.0,36.0,60.0,20.0,0.11797752808988764,0.09523809523809523,0.011235955056179775,0.8285714285714286,0.0625
598545,790.0,356,13,1,3,2,759.0,3.0,13.0,15.0,0.03651685393258427,0.07692307692307693,0.0028089887640449437,0.6666666666666666,0.003952569169960474
2431497,815.0,356,48,6,52,42,636.0,58.0,82.0,39.0,0.1348314606741573,0.125,0.016853932584269662,0.8076923076923077,0.09119496855345911
4680195,1102.0,356,37,11,28,17,1004.0,30.0,55.0,13.0,0.10393258426966293,0.2972972972972973,0.03089887640449438,0.6071428571428571,0.029880478087649404
1602933,1730.0,355,51,21,52,31,1571.0,77.0,56.0,26.0,0.14366197183098592,0.4117647058823529,0.059154929577464786,0.5961538461538461,0.049013367281986
2670117,884.0,355,50,10,49,39,692.0,53.0,85.0,54.0,0.14084507042253522,0.2,0.028169014084507043,0.7959183673469388,0.07658959537572255
1978442,1265.0,355,52,12,45,32,1125.0,47.0,76.0,17.0,0.14647887323943662,0.23076923076923078,0.03380281690140845,0.7111111111111111,0.041777777777777775
2209822,489.0,354,10,0,0,0,464.0,0.0,9.0,16.0,0.02824858757062147,0.0,0.0,,0.0
4316584,711.0,354,41,9,46,35,584.0,48.0,60.0,19.0,0.11581920903954802,0.21951219512195122,0.025423728813559324,0.7608695652173914,0.0821917808219178
3430136,823.0,354,22,2,8,6,781.0,8.0,17.0,17.0,0.062146892655367235,0.09090909090909091,0.005649717514124294,0.75,0.010243277848911651
3772122,1129.0,354,55,18,84,64,935.0,93.0,80.0,21.0,0.1553672316384181,0.32727272727272727,0.05084745762711865,0.7619047619047619,0.09946524064171124
1370506,858.0,353,30,3,15,12,770.0,18.0,42.0,28.0,0.08498583569405099,0.1,0.0084985835694051,0.8,0.023376623376623377
3901193,1777.0,353,14,9,503,489,746.0,1002.0,0.0,29.0,0.039660056657223795,0.6428571428571429,0.025495750708215296,0.9721669980119284,1.3431635388739946
4263090,931.0,353,34,7,38,31,812.0,40.0,61.0,18.0,0.09631728045325778,0.20588235294117646,0.019830028328611898,0.8157894736842105,0.04926108374384237
2052384,617.0,352,24,6,25,18,540.0,26.0,37.0,14.0,0.06818181818181818,0.25,0.017045454545454544,0.72,0.04814814814814815
5078340,1015.0,352,50,5,17,10,896.0,17.0,48.0,54.0,0.14204545454545456,0.1,0.014204545454545454,0.5882352941176471,0.018973214285714284
2917711,986.0,352,33,4,32,27,897.0,35.0,38.0,16.0,0.09375,0.12121212121212122,0.011363636363636364,0.84375,0.03901895206243032
431060,534.0,352,17,2,9,7,488.0,9.0,12.0,25.0,0.048295454545454544,0.11764705882352941,0.005681818181818182,0.7777777777777778,0.018442622950819672
4756346,584.0,351,21,3,12,8,522.0,13.0,23.0,26.0,0.05982905982905983,0.14285714285714285,0.008547008547008548,0.6666666666666666,0.02490421455938697
1341913,628.0,351,31,5,22,15,516.0,23.0,67.0,22.0,0.08831908831908832,0.16129032258064516,0.014245014245014245,0.6818181818181818,0.044573643410852716
328500,807.0,351,42,7,42,34,683.0,44.0,63.0,17.0,0.11965811965811966,0.16666666666666666,0.019943019943019943,0.8095238095238095,0.06442166910688141
3049193,952.0,351,55,12,69,54,775.0,76.0,73.0,28.0,0.15669515669515668,0.21818181818181817,0.03418803418803419,0.782608695652174,0.09806451612903226
1350790,840.0,351,56,6,24,18,715.0,29.0,65.0,31.0,0.15954415954415954,0.10714285714285714,0.017094017094017096,0.75,0.04055944055944056
4187784,1089.0,350,39,5,35,28,958.0,40.0,58.0,33.0,0.11142857142857143,0.1282051282051282,0.014285714285714285,0.8,0.04175365344467641
4327791,730.0,350,36,4,43,37,610.0,48.0,55.0,17.0,0.10285714285714286,0.1111111111111111,0.011428571428571429,0.8604651162790697,0.07868852459016394
4821295,1600.0,350,64,16,55,35,1392.0,61.0,110.0,37.0,0.18285714285714286,0.25,0.045714285714285714,0.6363636363636364,0.04382183908045977
2814177,1248.0,349,79,17,54,37,1038.0,60.0,109.0,41.0,0.22636103151862463,0.21518987341772153,0.04871060171919771,0.6851851851851852,0.057803468208092484
4410579,1346.0,349,82,13,55,41,1148.0,61.0,86.0,51.0,0.2349570200573066,0.15853658536585366,0.03724928366762178,0.7454545454545455,0.05313588850174216
5138762,908.0,349,44,0,4,4,822.0,4.0,50.0,32.0,0.12607449856733524,0.0,0.0,1.0,0.004866180048661801
4754273,833.0,349,27,1,2,1,784.0,2.0,26.0,21.0,0.07736389684813753,0.037037037037037035,0.0028653295128939827,0.5,0.002551020408163265
3100554,1052.0,348,32,11,38,25,949.0,41.0,45.0,17.0,0.09195402298850575,0.34375,0.031609195402298854,0.6578947368421053,0.04320337197049526
4504967,532.0,348,16,1,8,7,492.0,8.0,15.0,17.0,0.04597701149425287,0.0625,0.0028735632183908046,0.875,0.016260162601626018
516813,1342.0,348,67,12,33,21,1193.0,36.0,71.0,42.0,0.1925287356321839,0.1791044776119403,0.034482758620689655,0.6363636363636364,0.030176026823134954
3818487,789.0,348,38,7,42,32,671.0,45.0,51.0,22.0,0.10919540229885058,0.18421052631578946,0.020114942528735632,0.7619047619047619,0.06706408345752608
1498547,551.0,347,29,3,5,2,475.0,6.0,40.0,30.0,0.08357348703170028,0.10344827586206896,0.008645533141210375,0.4,0.01263157894736842
3528894,664.0,347,17,2,11,9,618.0,11.0,20.0,15.0,0.04899135446685879,0.11764705882352941,0.005763688760806916,0.8181818181818182,0.01779935275080906
3008396,1299.0,347,65,20,103,79,1046.0,129.0,102.0,22.0,0.1873198847262248,0.3076923076923077,0.05763688760806916,0.7669902912621359,0.12332695984703633
101979,507.0,346,19,6,16,9,439.0,18.0,28.0,22.0,0.05491329479768786,0.3157894736842105,0.017341040462427744,0.5625,0.04100227790432802
3882401,970.0,346,62,14,65,48,787.0,73.0,78.0,32.0,0.1791907514450867,0.22580645161290322,0.04046242774566474,0.7384615384615385,0.09275730622617535
457507,949.0,345,41,10,28,18,854.0,28.0,36.0,31.0,0.11884057971014493,0.24390243902439024,0.028985507246376812,0.6428571428571429,0.03278688524590164
2695311,713.0,345,25,0,0,0,661.0,0.0,31.0,21.0,0.07246376811594203,0.0,0.0,,0.0
1072393,465.0,345,13,0,9,7,399.0,9.0,36.0,21.0,0.03768115942028986,0.0,0.0,0.7777777777777778,0.022556390977443608
844760,840.0,345,39,4,17,13,738.0,17.0,40.0,45.0,0.11304347826086956,0.10256410256410256,0.011594202898550725,0.7647058823529411,0.023035230352303523
4567369,704.0,344,32,3,17,14,629.0,18.0,46.0,11.0,0.09302325581395349,0.09375,0.00872093023255814,0.8235294117647058,0.028616852146263912
4239953,414.0,344,1,0,2,2,400.0,2.0,10.0,2.0,0.0029069767441860465,0.0,0.0,1.0,0.005
3494977,786.0,344,52,4,13,9,689.0,13.0,58.0,26.0,0.1511627906976744,0.07692307692307693,0.011627906976744186,0.6923076923076923,0.018867924528301886
4730017,494.0,343,9,0,1,0,474.0,1.0,13.0,6.0,0.026239067055393587,0.0,0.0,0.0,0.002109704641350211
4784593,592.0,343,22,1,8,7,544.0,8.0,25.0,15.0,0.0641399416909621,0.045454545454545456,0.0029154518950437317,0.875,0.014705882352941176
1383956,1069.0,343,39,12,86,72,902.0,98.0,56.0,13.0,0.11370262390670553,0.3076923076923077,0.03498542274052478,0.8372093023255814,0.10864745011086474
1266030,824.0,343,37,3,11,7,743.0,12.0,44.0,25.0,0.10787172011661808,0.08108108108108109,0.008746355685131196,0.6363636363636364,0.016150740242261104
727648,674.0,342,28,4,18,13,594.0,19.0,36.0,25.0,0.08187134502923976,0.14285714285714285,0.011695906432748537,0.7222222222222222,0.03198653198653199
3974031,1014.0,342,25,5,32,27,934.0,35.0,23.0,22.0,0.07309941520467836,0.2,0.014619883040935672,0.84375,0.03747323340471092
1321409,987.0,342,42,9,24,15,879.0,24.0,47.0,37.0,0.12280701754385964,0.21428571428571427,0.02631578947368421,0.625,0.027303754266211604
1836480,858.0,342,20,3,7,4,810.0,7.0,32.0,9.0,0.05847953216374269,0.15,0.008771929824561403,0.5714285714285714,0.008641975308641974
2095707,663.0,342,28,3,27,22,566.0,29.0,45.0,23.0,0.08187134502923976,0.10714285714285714,0.008771929824561403,0.8148148148148148,0.05123674911660778
1106870,669.0,342,26,7,20,13,602.0,22.0,20.0,25.0,0.07602339181286549,0.2692307692307692,0.02046783625730994,0.65,0.036544850498338874
4760804,1052.0,341,37,12,54,42,923.0,56.0,50.0,23.0,0.10850439882697947,0.32432432432432434,0.03519061583577713,0.7777777777777778,0.06067172264355363
4775659,862.0,341,38,6,53,44,748.0,56.0,43.0,15.0,0.11143695014662756,0.15789473684210525,0.017595307917888565,0.8301886792452831,0.0748663101604278
3814171,1208.0,341,28,4,32,27,1054.0,98.0,37.0,19.0,0.08211143695014662,0.14285714285714285,0.011730205278592375,0.84375,0.09297912713472485
86415,865.0,341,39,6,17,9,773.0,20.0,50.0,22.0,0.11436950146627566,0.15384615384615385,0.017595307917888565,0.5294117647058824,0.0258732212160414
865919,1233.0,341,38,6,15,9,1146.0,15.0,51.0,21.0,0.11143695014662756,0.15789473684210525,0.017595307917888565,0.6,0.013089005235602094
8254,926.0,341,54,14,60,43,749.0,67.0,82.0,28.0,0.15835777126099707,0.25925925925925924,0.04105571847507331,0.7166666666666667,0.08945260347129506
5059368,1293.0,340,44,13,81,66,1124.0,86.0,72.0,11.0,0.12941176470588237,0.29545454545454547,0.03823529411764706,0.8148148148148148,0.07651245551601424
1155625,594.0,340,13,2,51,48,500.0,60.0,18.0,16.0,0.03823529411764706,0.15384615384615385,0.0058823529411764705,0.9411764705882353,0.12
1841930,934.0,340,32,5,13,8,847.0,15.0,27.0,45.0,0.09411764705882353,0.15625,0.014705882352941176,0.6153846153846154,0.01770956316410862
4369584,1038.0,339,27,7,21,14,959.0,26.0,33.0,20.0,0.07964601769911504,0.25925925925925924,0.02064896755162242,0.6666666666666666,0.027111574556830033
1873646,746.0,339,40,10,35,25,634.0,36.0,56.0,20.0,0.11799410029498525,0.25,0.029498525073746312,0.7142857142857143,0.056782334384858045
2495000,427.0,339,3,1,20,15,377.0,20.0,24.0,6.0,0.008849557522123894,0.3333333333333333,0.0029498525073746312,0.75,0.05305039787798409
280333,699.0,339,28,2,6,4,634.0,6.0,35.0,24.0,0.08259587020648967,0.07142857142857142,0.0058997050147492625,0.6666666666666666,0.00946372239747634
4928051,838.0,338,41,13,44,31,706.0,52.0,61.0,19.0,0.12130177514792899,0.3170731707317073,0.038461538461538464,0.7045454545454546,0.07365439093484419
1313865,589.0,338,15,2,17,15,528.0,21.0,29.0,11.0,0.04437869822485207,0.13333333333333333,0.005917159763313609,0.8823529411764706,0.03977272727272727
3854606,708.0,337,24,2,7,5,651.0,9.0,38.0,10.0,0.0712166172106825,0.08333333333333333,0.005934718100890208,0.7142857142857143,0.013824884792626729
1813868,805.0,337,28,11,64,53,671.0,73.0,37.0,24.0,0.0830860534124629,0.39285714285714285,0.032640949554896145,0.828125,0.10879284649776454
621786,1010.0,337,41,8,33,24,894.0,36.0,54.0,26.0,0.12166172106824925,0.1951219512195122,0.02373887240356083,0.7272727272727273,0.040268456375838924
5016461,1058.0,336,37,5,26,21,962.0,26.0,51.0,19.0,0.11011904761904762,0.13513513513513514,0.01488095238095238,0.8076923076923077,0.02702702702702703
2709989,848.0,336,42,1,9,8,762.0,11.0,50.0,25.0,0.125,0.023809523809523808,0.002976190476190476,0.8888888888888888,0.014435695538057743
3976816,637.0,336,26,1,9,8,563.0,11.0,39.0,24.0,0.07738095238095238,0.038461538461538464,0.002976190476190476,0.8888888888888888,0.019538188277087035
3070206,846.0,336,32,2,6,4,781.0,6.0,35.0,24.0,0.09523809523809523,0.0625,0.005952380952380952,0.6666666666666666,0.0076824583866837385
3835786,489.0,335,10,0,0,0,469.0,0.0,4.0,16.0,0.029850746268656716,0.0,0.0,,0.0
2168391,1072.0,335,48,10,36,26,933.0,45.0,48.0,46.0,0.14328358208955225,0.20833333333333334,0.029850746268656716,0.7222222222222222,0.04823151125401929
1535500,688.0,335,30,7,21,13,601.0,22.0,50.0,15.0,0.08955223880597014,0.23333333333333334,0.020895522388059702,0.6190476190476191,0.036605657237936774
529278,1056.0,335,42,12,37,23,921.0,50.0,57.0,28.0,0.1253731343283582,0.2857142857142857,0.03582089552238806,0.6216216216216216,0.05428881650380022
5052177,764.0,334,39,5,16,11,655.0,19.0,54.0,36.0,0.11676646706586827,0.1282051282051282,0.014970059880239521,0.6875,0.02900763358778626
2677371,692.0,334,24,5,54,48,579.0,55.0,40.0,18.0,0.0718562874251497,0.20833333333333334,0.014970059880239521,0.8888888888888888,0.09499136442141623
3839657,1062.0,334,33,4,15,10,987.0,15.0,38.0,22.0,0.09880239520958084,0.12121212121212122,0.011976047904191617,0.6666666666666666,0.015197568389057751
2137141,990.0,333,61,11,54,41,806.0,59.0,95.0,30.0,0.1831831831831832,0.18032786885245902,0.03303303303303303,0.7592592592592593,0.07320099255583126
4143151,1242.0,333,45,4,5,1,1144.0,5.0,59.0,34.0,0.13513513513513514,0.08888888888888889,0.012012012012012012,0.2,0.004370629370629371
3267288,835.0,333,55,7,64,56,657.0,65.0,97.0,16.0,0.16516516516516516,0.12727272727272726,0.021021021021021023,0.875,0.0989345509893455
1119378,757.0,332,38,6,15,9,677.0,15.0,45.0,20.0,0.1144578313253012,0.15789473684210525,0.018072289156626505,0.6,0.022156573116691284
1122547,473.0,332,20,0,4,4,418.0,4.0,25.0,26.0,0.060240963855421686,0.0,0.0,1.0,0.009569377990430622
3427814,1163.0,332,41,7,12,5,1063.0,13.0,66.0,21.0,0.12349397590361445,0.17073170731707318,0.02108433734939759,0.4166666666666667,0.012229539040451553
4870877,1266.0,332,29,9,41,32,1175.0,49.0,32.0,10.0,0.08734939759036145,0.3103448275862069,0.02710843373493976,0.7804878048780488,0.04170212765957447
3139553,833.0,332,17,1,3,2,791.0,3.0,30.0,9.0,0.05120481927710843,0.058823529411764705,0.0030120481927710845,0.6666666666666666,0.0037926675094816687
3729801,866.0,332,38,10,28,18,770.0,30.0,45.0,21.0,0.1144578313253012,0.2631578947368421,0.030120481927710843,0.6428571428571429,0.03896103896103896
1540741,1308.0,332,48,9,44,34,1164.0,62.0,62.0,20.0,0.14457831325301204,0.1875,0.02710843373493976,0.7727272727272727,0.05326460481099656
3380746,887.0,332,43,7,38,29,715.0,68.0,57.0,47.0,0.12951807228915663,0.16279069767441862,0.02108433734939759,0.7631578947368421,0.0951048951048951
1073472,979.0,331,41,10,42,32,848.0,51.0,66.0,14.0,0.12386706948640483,0.24390243902439024,0.030211480362537766,0.7619047619047619,0.060141509433962265
372289,969.0,330,27,7,21,14,887.0,25.0,44.0,13.0,0.08181818181818182,0.25925925925925924,0.021212121212121213,0.6666666666666666,0.02818489289740699
4824517,600.0,330,31,5,31,26,494.0,31.0,41.0,34.0,0.09393939393939393,0.16129032258064516,0.015151515151515152,0.8387096774193549,0.06275303643724696
1234361,687.0,330,30,7,20,13,594.0,20.0,43.0,30.0,0.09090909090909091,0.23333333333333334,0.021212121212121213,0.65,0.03367003367003367
5135255,546.0,330,27,2,21,17,430.0,22.0,70.0,24.0,0.08181818181818182,0.07407407407407407,0.006060606060606061,0.8095238095238095,0.05116279069767442
4951903,736.0,330,17,3,21,18,687.0,21.0,16.0,12.0,0.051515151515151514,0.17647058823529413,0.00909090909090909,0.8571428571428571,0.03056768558951965
2343554,359.0,330,0,0,5,5,349.0,5.0,1.0,4.0,0.0,,0.0,1.0,0.014326647564469915
3980291,997.0,329,67,6,40,29,818.0,46.0,91.0,42.0,0.20364741641337386,0.08955223880597014,0.0182370820668693,0.725,0.05623471882640587
3850855,1315.0,329,42,6,12,6,1242.0,12.0,51.0,10.0,0.1276595744680851,0.14285714285714285,0.0182370820668693,0.5,0.00966183574879227
3460627,740.0,329,32,6,36,30,646.0,38.0,36.0,20.0,0.0972644376899696,0.1875,0.0182370820668693,0.8333333333333334,0.058823529411764705
588281,809.0,329,29,3,9,6,746.0,10.0,28.0,25.0,0.08814589665653495,0.10344827586206896,0.00911854103343465,0.6666666666666666,0.013404825737265416
2755933,602.0,329,17,4,41,36,513.0,43.0,31.0,15.0,0.05167173252279635,0.23529411764705882,0.0121580547112462,0.8780487804878049,0.08382066276803118
3634167,585.0,329,27,1,2,1,523.0,2.0,36.0,24.0,0.08206686930091185,0.037037037037037035,0.00303951367781155,0.5,0.0038240917782026767
314328,746.0,329,42,8,19,11,631.0,21.0,63.0,31.0,0.1276595744680851,0.19047619047619047,0.0243161094224924,0.5789473684210527,0.03328050713153724
3538575,827.0,328,27,9,46,37,727.0,51.0,44.0,5.0,0.08231707317073171,0.3333333333333333,0.027439024390243903,0.8043478260869565,0.07015130674002751
1972463,909.0,328,56,8,48,39,764.0,53.0,67.0,25.0,0.17073170731707318,0.14285714285714285,0.024390243902439025,0.8125,0.0693717277486911
1432828,605.0,328,21,3,10,7,553.0,10.0,30.0,12.0,0.06402439024390244,0.14285714285714285,0.009146341463414634,0.7,0.018083182640144666
4176158,913.0,328,43,2,10,7,828.0,11.0,53.0,21.0,0.13109756097560976,0.046511627906976744,0.006097560975609756,0.7,0.013285024154589372
104462,1834.0,328,77,14,31,14,1650.0,34.0,103.0,47.0,0.2347560975609756,0.18181818181818182,0.042682926829268296,0.45161290322580644,0.020606060606060607
3822090,1127.0,328,74,20,110,89,897.0,118.0,86.0,26.0,0.22560975609756098,0.2702702702702703,0.06097560975609756,0.8090909090909091,0.13154960981047936
1643917,889.0,328,38,6,26,19,791.0,33.0,41.0,24.0,0.11585365853658537,0.15789473684210525,0.018292682926829267,0.7307692307692307,0.041719342604298354
3780598,936.0,328,69,7,35,26,785.0,35.0,75.0,41.0,0.21036585365853658,0.10144927536231885,0.021341463414634148,0.7428571428571429,0.044585987261146494
1378332,1822.0,328,55,17,37,20,1644.0,55.0,90.0,33.0,0.1676829268292683,0.3090909090909091,0.051829268292682924,0.5405405405405406,0.03345498783454988
3264973,552.0,327,28,1,23,17,466.0,23.0,50.0,13.0,0.0856269113149847,0.03571428571428571,0.0030581039755351682,0.7391304347826086,0.04935622317596566
4670238,560.0,326,20,2,18,15,487.0,18.0,37.0,18.0,0.06134969325153374,0.1,0.006134969325153374,0.8333333333333334,0.03696098562628337
188263,552.0,326,22,1,13,11,489.0,14.0,33.0,16.0,0.06748466257668712,0.045454545454545456,0.003067484662576687,0.8461538461538461,0.028629856850715747
2113028,893.0,326,42,9,34,24,768.0,37.0,68.0,20.0,0.12883435582822086,0.21428571428571427,0.027607361963190184,0.7058823529411765,0.048177083333333336
885811,787.0,326,36,6,37,30,693.0,41.0,41.0,12.0,0.11042944785276074,0.16666666666666666,0.018404907975460124,0.8108108108108109,0.05916305916305916
3622542,904.0,326,12,0,2,0,805.0,2.0,1.0,96.0,0.03680981595092025,0.0,0.0,0.0,0.002484472049689441
1236638,461.0,326,8,0,0,0,442.0,0.0,13.0,6.0,0.024539877300613498,0.0,0.0,,0.0
4780027,1332.0,326,41,4,6,2,1243.0,6.0,38.0,45.0,0.12576687116564417,0.0975609756097561,0.012269938650306749,0.3333333333333333,0.004827031375703942
224739,1216.0,325,30,8,24,16,1125.0,28.0,33.0,30.0,0.09230769230769231,0.26666666666666666,0.024615384615384615,0.6666666666666666,0.024888888888888887
363644,671.0,325,28,3,13,8,597.0,13.0,42.0,19.0,0.08615384615384615,0.10714285714285714,0.009230769230769232,0.6153846153846154,0.021775544388609715
1175965,459.0,325,6,0,0,0,440.0,0.0,12.0,7.0,0.018461538461538463,0.0,0.0,,0.0
482114,979.0,324,33,6,41,34,877.0,48.0,44.0,10.0,0.10185185185185185,0.18181818181818182,0.018518518518518517,0.8292682926829268,0.05473204104903079
738823,619.0,324,30,6,15,8,539.0,15.0,44.0,21.0,0.09259259259259259,0.2,0.018518518518518517,0.5333333333333333,0.027829313543599257
4733883,1239.0,323,36,3,14,11,1158.0,15.0,42.0,24.0,0.11145510835913312,0.08333333333333333,0.009287925696594427,0.7857142857142857,0.012953367875647668
1602288,597.0,323,21,0,1,1,558.0,1.0,19.0,19.0,0.06501547987616099,0.0,0.0,1.0,0.0017921146953405018
2466824,862.0,322,41,5,39,33,753.0,41.0,37.0,31.0,0.12732919254658384,0.12195121951219512,0.015527950310559006,0.8461538461538461,0.05444887118193891
1771708,668.0,322,33,6,22,16,587.0,22.0,39.0,20.0,0.10248447204968944,0.18181818181818182,0.018633540372670808,0.7272727272727273,0.03747870528109029
1263068,749.0,322,22,2,8,6,694.0,8.0,24.0,23.0,0.06832298136645963,0.09090909090909091,0.006211180124223602,0.75,0.011527377521613832
1278924,786.0,322,39,10,48,35,649.0,56.0,68.0,13.0,0.12111801242236025,0.2564102564102564,0.031055900621118012,0.7291666666666666,0.08628659476117104
4934549,917.0,321,47,5,37,32,802.0,41.0,44.0,30.0,0.14641744548286603,0.10638297872340426,0.01557632398753894,0.8648648648648649,0.05112219451371571
4864403,993.0,321,54,6,44,37,832.0,45.0,86.0,30.0,0.16822429906542055,0.1111111111111111,0.018691588785046728,0.8409090909090909,0.054086538461538464
2564498,1332.0,321,50,8,28,19,1178.0,49.0,73.0,32.0,0.1557632398753894,0.16,0.024922118380062305,0.6785714285714286,0.04159592529711375
2147829,972.0,321,67,13,49,36,808.0,53.0,84.0,27.0,0.2087227414330218,0.19402985074626866,0.040498442367601244,0.7346938775510204,0.0655940594059406
2844721,638.0,321,27,0,10,9,581.0,10.0,31.0,16.0,0.08411214953271028,0.0,0.0,0.9,0.01721170395869191
292885,987.0,321,50,8,26,17,874.0,28.0,62.0,23.0,0.1557632398753894,0.16,0.024922118380062305,0.6538461538461539,0.032036613272311214
2265930,724.0,321,32,11,62,49,607.0,63.0,35.0,19.0,0.09968847352024922,0.34375,0.03426791277258567,0.7903225806451613,0.10378912685337727
1803510,1132.0,321,39,13,73,57,939.0,106.0,51.0,36.0,0.12149532710280374,0.3333333333333333,0.040498442367601244,0.7808219178082192,0.11288604898828541
2992092,711.0,320,37,7,59,49,571.0,60.0,60.0,20.0,0.115625,0.1891891891891892,0.021875,0.8305084745762712,0.10507880910683012
2948088,874.0,320,42,7,21,12,781.0,24.0,44.0,25.0,0.13125,0.16666666666666666,0.021875,0.5714285714285714,0.030729833546734954
3264733,1327.0,319,81,28,69,40,1100.0,72.0,98.0,57.0,0.25391849529780564,0.345679012345679,0.0877742946708464,0.5797101449275363,0.06545454545454546
2053851,766.0,319,30,2,5,3,700.0,5.0,44.0,17.0,0.09404388714733543,0.06666666666666667,0.006269592476489028,0.6,0.007142857142857143
1212101,680.0,319,25,5,35,29,584.0,35.0,52.0,9.0,0.07836990595611286,0.2,0.01567398119122257,0.8285714285714286,0.059931506849315065
4107030,744.0,319,39,10,18,8,648.0,19.0,51.0,26.0,0.12225705329153605,0.2564102564102564,0.03134796238244514,0.4444444444444444,0.029320987654320986
3102658,953.0,318,42,11,38,27,820.0,42.0,74.0,17.0,0.1320754716981132,0.2619047619047619,0.03459119496855346,0.7105263157894737,0.05121951219512195
1918853,716.0,318,46,7,42,35,569.0,48.0,58.0,41.0,0.14465408805031446,0.15217391304347827,0.0220125786163522,0.8333333333333334,0.0843585237258348
916918,739.0,318,32,8,34,26,624.0,35.0,55.0,25.0,0.10062893081761007,0.25,0.025157232704402517,0.7647058823529411,0.05608974358974359
2046640,751.0,318,46,4,28,24,629.0,32.0,70.0,20.0,0.14465408805031446,0.08695652173913043,0.012578616352201259,0.8571428571428571,0.05087440381558029
3427587,600.0,318,33,6,31,21,477.0,34.0,60.0,29.0,0.10377358490566038,0.18181818181818182,0.018867924528301886,0.6774193548387096,0.07127882599580712
2055312,805.0,318,33,7,25,18,707.0,33.0,43.0,22.0,0.10377358490566038,0.21212121212121213,0.0220125786163522,0.72,0.04667609618104668
1390851,712.0,317,44,12,49,36,599.0,52.0,45.0,16.0,0.138801261829653,0.2727272727272727,0.03785488958990536,0.7346938775510204,0.08681135225375626
4570434,566.0,317,7,1,2,1,549.0,2.0,10.0,5.0,0.022082018927444796,0.14285714285714285,0.0031545741324921135,0.5,0.0036429872495446266
3856569,607.0,317,27,0,1,1,551.0,1.0,41.0,14.0,0.08517350157728706,0.0,0.0,1.0,0.0018148820326678765
5055998,925.0,317,29,3,7,4,873.0,7.0,20.0,25.0,0.0914826498422713,0.10344827586206896,0.00946372239747634,0.5714285714285714,0.008018327605956471
894646,669.0,316,52,7,22,15,547.0,23.0,69.0,30.0,0.16455696202531644,0.1346153846153846,0.022151898734177215,0.6818181818181818,0.04204753199268738
4694009,433.0,316,6,0,0,0,420.0,0.0,8.0,5.0,0.0189873417721519,0.0,0.0,,0.0
3028146,537.0,315,39,2,8,6,451.0,8.0,37.0,41.0,0.12380952380952381,0.05128205128205128,0.006349206349206349,0.75,0.017738359201773836
3890016,802.0,314,24,2,4,2,764.0,4.0,21.0,13.0,0.07643312101910828,0.08333333333333333,0.006369426751592357,0.5,0.005235602094240838
1112828,395.0,314,1,0,0,0,390.0,0.0,0.0,5.0,0.0031847133757961785,0.0,0.0,,0.0
2340871,593.0,314,32,2,12,10,517.0,14.0,47.0,15.0,0.10191082802547771,0.0625,0.006369426751592357,0.8333333333333334,0.027079303675048357
2187532,820.0,314,41,11,38,27,691.0,44.0,58.0,27.0,0.1305732484076433,0.2682926829268293,0.03503184713375796,0.7105263157894737,0.06367583212735166
1981598,589.0,314,19,0,2,2,553.0,2.0,12.0,22.0,0.06050955414012739,0.0,0.0,1.0,0.003616636528028933
3986479,540.0,314,21,2,3,1,493.0,3.0,20.0,24.0,0.06687898089171974,0.09523809523809523,0.006369426751592357,0.3333333333333333,0.006085192697768763
904807,467.0,314,16,1,1,0,429.0,1.0,20.0,17.0,0.050955414012738856,0.0625,0.0031847133757961785,0.0,0.002331002331002331
2888100,686.0,313,29,3,6,3,627.0,7.0,31.0,21.0,0.0926517571884984,0.10344827586206896,0.009584664536741214,0.5,0.011164274322169059
2747519,761.0,313,40,11,52,40,634.0,58.0,51.0,18.0,0.12779552715654952,0.275,0.03514376996805112,0.7692307692307693,0.0914826498422713
5035745,664.0,313,26,0,4,4,614.0,4.0,28.0,18.0,0.08306709265175719,0.0,0.0,1.0,0.006514657980456026
741645,843.0,312,67,13,36,23,680.0,38.0,75.0,50.0,0.21474358974358973,0.19402985074626866,0.041666666666666664,0.6388888888888888,0.05588235294117647
3987097,964.0,312,40,7,29,22,858.0,31.0,52.0,23.0,0.1282051282051282,0.175,0.022435897435897436,0.7586206896551724,0.03613053613053613
2764935,580.0,312,22,2,38,35,488.0,40.0,33.0,19.0,0.07051282051282051,0.09090909090909091,0.00641025641025641,0.9210526315789473,0.08196721311475409
3637176,531.0,311,28,1,13,12,451.0,16.0,56.0,8.0,0.09003215434083602,0.03571428571428571,0.003215434083601286,0.9230769230769231,0.03547671840354767
2737740,658.0,311,39,8,36,26,535.0,37.0,60.0,26.0,0.12540192926045016,0.20512820512820512,0.02572347266881029,0.7222222222222222,0.0691588785046729
2071435,945.0,311,67,16,61,43,751.0,69.0,87.0,38.0,0.21543408360128619,0.23880597014925373,0.05144694533762058,0.7049180327868853,0.09187749667110519
2447947,762.0,311,48,17,40,23,635.0,46.0,61.0,20.0,0.15434083601286175,0.3541666666666667,0.05466237942122187,0.575,0.07244094488188976
1931469,1388.0,311,71,15,96,75,1122.0,107.0,125.0,34.0,0.2282958199356913,0.2112676056338028,0.04823151125401929,0.78125,0.09536541889483066
2853285,495.0,311,15,0,2,2,471.0,2.0,11.0,11.0,0.04823151125401929,0.0,0.0,1.0,0.004246284501061571
1044282,762.0,311,37,5,18,13,667.0,20.0,40.0,35.0,0.1189710610932476,0.13513513513513514,0.01607717041800643,0.7222222222222222,0.029985007496251874
149656,460.0,311,14,4,8,3,420.0,8.0,24.0,8.0,0.04501607717041801,0.2857142857142857,0.012861736334405145,0.375,0.01904761904761905
2855739,452.0,310,15,3,28,22,372.0,31.0,40.0,9.0,0.04838709677419355,0.2,0.00967741935483871,0.7857142857142857,0.08333333333333333
2016952,899.0,310,49,8,59,50,748.0,60.0,66.0,25.0,0.15806451612903225,0.16326530612244897,0.025806451612903226,0.847457627118644,0.08021390374331551
1104822,950.0,310,50,6,25,18,826.0,26.0,57.0,41.0,0.16129032258064516,0.12,0.01935483870967742,0.72,0.031476997578692496
1130080,1305.0,310,26,4,7,3,1233.0,8.0,44.0,20.0,0.08387096774193549,0.15384615384615385,0.012903225806451613,0.42857142857142855,0.006488240064882401
4616007,516.0,310,17,0,2,2,485.0,2.0,12.0,17.0,0.054838709677419356,0.0,0.0,1.0,0.004123711340206186
4573973,639.0,310,34,2,35,29,493.0,39.0,61.0,46.0,0.10967741935483871,0.058823529411764705,0.0064516129032258064,0.8285714285714286,0.07910750507099391
1838851,692.0,309,49,9,53,39,526.0,53.0,73.0,40.0,0.15857605177993528,0.1836734693877551,0.02912621359223301,0.7358490566037735,0.10076045627376426
4534846,489.0,309,23,2,7,4,428.0,7.0,36.0,18.0,0.0744336569579288,0.08695652173913043,0.006472491909385114,0.5714285714285714,0.016355140186915886
2271635,483.0,309,16,2,17,15,437.0,17.0,21.0,8.0,0.05177993527508091,0.125,0.006472491909385114,0.8823529411764706,0.038901601830663615
4793189,884.0,309,14,1,3,2,833.0,4.0,38.0,9.0,0.045307443365695796,0.07142857142857142,0.003236245954692557,0.6666666666666666,0.004801920768307323
118577,860.0,309,24,2,6,4,814.0,7.0,24.0,15.0,0.07766990291262135,0.08333333333333333,0.006472491909385114,0.6666666666666666,0.0085995085995086
2692029,387.0,309,3,0,3,3,360.0,3.0,8.0,16.0,0.009708737864077669,0.0,0.0,1.0,0.008333333333333333
1517505,561.0,309,20,4,14,10,512.0,14.0,26.0,9.0,0.06472491909385113,0.2,0.012944983818770227,0.7142857142857143,0.02734375
2258475,350.0,309,4,0,0,0,330.0,0.0,4.0,16.0,0.012944983818770227,0.0,0.0,,0.0
3467061,795.0,308,36,9,30,20,714.0,30.0,38.0,13.0,0.11688311688311688,0.25,0.02922077922077922,0.6666666666666666,0.04201680672268908
2884555,1030.0,308,55,11,42,29,857.0,49.0,79.0,45.0,0.17857142857142858,0.2,0.03571428571428571,0.6904761904761905,0.057176196032672114
484957,624.0,308,32,6,15,8,543.0,15.0,35.0,31.0,0.1038961038961039,0.1875,0.01948051948051948,0.5333333333333333,0.027624309392265192
1556629,759.0,308,25,0,3,3,718.0,5.0,27.0,9.0,0.08116883116883117,0.0,0.0,1.0,0.006963788300835654
921799,656.0,307,45,8,13,5,574.0,13.0,51.0,18.0,0.1465798045602606,0.17777777777777778,0.026058631921824105,0.38461538461538464,0.02264808362369338
2145168,953.0,307,36,1,24,22,864.0,27.0,46.0,16.0,0.11726384364820847,0.027777777777777776,0.003257328990228013,0.9166666666666666,0.03125
434180,726.0,307,34,5,25,19,656.0,25.0,33.0,12.0,0.11074918566775244,0.14705882352941177,0.016286644951140065,0.76,0.038109756097560975
4487980,633.0,307,22,0,28,27,554.0,28.0,36.0,15.0,0.07166123778501629,0.0,0.0,0.9642857142857143,0.05054151624548736
4809874,980.0,307,27,7,15,8,917.0,15.0,34.0,14.0,0.08794788273615635,0.25925925925925924,0.02280130293159609,0.5333333333333333,0.016357688113413305
1323466,496.0,307,10,0,7,7,460.0,7.0,15.0,14.0,0.03257328990228013,0.0,0.0,1.0,0.015217391304347827
1687159,526.0,306,29,1,29,27,424.0,29.0,55.0,18.0,0.09477124183006536,0.034482758620689655,0.0032679738562091504,0.9310344827586207,0.06839622641509434
4670159,451.0,306,13,1,5,4,401.0,6.0,28.0,16.0,0.042483660130718956,0.07692307692307693,0.0032679738562091504,0.8,0.014962593516209476
4907,597.0,306,20,5,22,15,517.0,25.0,48.0,7.0,0.06535947712418301,0.25,0.016339869281045753,0.6818181818181818,0.048355899419729204
409878,1408.0,306,80,11,46,34,1229.0,50.0,89.0,40.0,0.26143790849673204,0.1375,0.03594771241830065,0.7391304347826086,0.04068348250610252
3972128,674.0,306,41,8,22,14,584.0,22.0,49.0,19.0,0.13398692810457516,0.1951219512195122,0.026143790849673203,0.6363636363636364,0.03767123287671233
2275650,660.0,305,33,5,37,28,547.0,44.0,57.0,12.0,0.10819672131147541,0.15151515151515152,0.01639344262295082,0.7567567567567568,0.08043875685557587
2015942,1080.0,305,49,3,15,12,979.0,16.0,49.0,36.0,0.16065573770491803,0.061224489795918366,0.009836065573770493,0.8,0.01634320735444331
5023117,586.0,305,33,5,54,48,469.0,56.0,52.0,9.0,0.10819672131147541,0.15151515151515152,0.01639344262295082,0.8888888888888888,0.11940298507462686
646234,933.0,305,40,7,33,26,819.0,33.0,44.0,37.0,0.13114754098360656,0.175,0.022950819672131147,0.7878787878787878,0.040293040293040296
246830,1071.0,305,41,6,26,20,952.0,29.0,49.0,41.0,0.13442622950819672,0.14634146341463414,0.019672131147540985,0.7692307692307693,0.03046218487394958
3070861,490.0,304,22,2,25,23,403.0,25.0,53.0,9.0,0.07236842105263158,0.09090909090909091,0.006578947368421052,0.92,0.062034739454094295
3326223,547.0,304,23,7,52,45,444.0,52.0,37.0,14.0,0.0756578947368421,0.30434782608695654,0.023026315789473683,0.8653846153846154,0.11711711711711711
922825,825.0,304,46,8,44,31,676.0,44.0,86.0,19.0,0.1513157894736842,0.17391304347826086,0.02631578947368421,0.7045454545454546,0.0650887573964497
3405515,853.0,304,41,5,37,32,757.0,38.0,46.0,12.0,0.13486842105263158,0.12195121951219512,0.01644736842105263,0.8648648648648649,0.05019815059445178
3769928,724.0,303,27,8,39,31,638.0,43.0,32.0,11.0,0.0891089108910891,0.2962962962962963,0.026402640264026403,0.7948717948717948,0.06739811912225706
1386176,547.0,303,26,3,16,13,484.0,17.0,34.0,12.0,0.0858085808580858,0.11538461538461539,0.009900990099009901,0.8125,0.03512396694214876
1489467,1164.0,302,22,1,81,75,980.0,98.0,0.0,86.0,0.0728476821192053,0.045454545454545456,0.0033112582781456954,0.9259259259259259,0.1
4953972,720.0,302,39,5,30,24,584.0,31.0,69.0,36.0,0.1291390728476821,0.1282051282051282,0.016556291390728478,0.8,0.053082191780821915
1502931,1486.0,302,62,12,77,63,1280.0,82.0,95.0,29.0,0.2052980132450331,0.1935483870967742,0.039735099337748346,0.8181818181818182,0.0640625
4526457,583.0,302,25,2,19,17,521.0,19.0,32.0,11.0,0.08278145695364239,0.08,0.006622516556291391,0.8947368421052632,0.036468330134357005
1941546,843.0,301,45,13,78,59,676.0,82.0,66.0,19.0,0.14950166112956811,0.28888888888888886,0.04318936877076412,0.7564102564102564,0.12130177514792899
1816843,1034.0,301,51,12,67,53,875.0,71.0,71.0,17.0,0.16943521594684385,0.23529411764705882,0.03986710963455149,0.7910447761194029,0.08114285714285714
3286546,468.0,301,20,0,5,4,431.0,5.0,25.0,7.0,0.0664451827242525,0.0,0.0,0.8,0.01160092807424594
746548,751.0,300,55,9,75,63,573.0,76.0,77.0,25.0,0.18333333333333332,0.16363636363636364,0.03,0.84,0.13263525305410123
2711467,706.0,300,19,1,2,1,662.0,2.0,23.0,19.0,0.06333333333333334,0.05263157894736842,0.0033333333333333335,0.5,0.0030211480362537764
778398,758.0,300,26,5,38,32,667.0,41.0,44.0,6.0,0.08666666666666667,0.19230769230769232,0.016666666666666666,0.8421052631578947,0.06146926536731634
191432,1287.0,300,12,1,6,4,1258.0,6.0,15.0,8.0,0.04,0.08333333333333333,0.0033333333333333335,0.6666666666666666,0.0047694753577106515
663387,584.0,300,29,3,28,23,464.0,30.0,51.0,39.0,0.09666666666666666,0.10344827586206896,0.01,0.8214285714285714,0.06465517241379311
2306491,865.0,299,35,9,99,88,679.0,114.0,44.0,28.0,0.11705685618729098,0.2571428571428571,0.030100334448160536,0.8888888888888888,0.16789396170839468
1996243,1161.0,299,54,14,40,26,1020.0,44.0,69.0,28.0,0.1806020066889632,0.25925925925925924,0.046822742474916385,0.65,0.043137254901960784
4049997,736.0,299,29,3,14,11,662.0,15.0,39.0,20.0,0.09698996655518395,0.10344827586206896,0.010033444816053512,0.7857142857142857,0.022658610271903322
3195765,670.0,299,39,3,17,14,585.0,17.0,48.0,20.0,0.13043478260869565,0.07692307692307693,0.010033444816053512,0.8235294117647058,0.02905982905982906
2716442,571.0,299,15,1,12,11,520.0,15.0,27.0,9.0,0.05016722408026756,0.06666666666666667,0.0033444816053511705,0.9166666666666666,0.028846153846153848
3573011,654.0,298,30,1,13,11,578.0,13.0,49.0,14.0,0.10067114093959731,0.03333333333333333,0.003355704697986577,0.8461538461538461,0.02249134948096886
3401539,642.0,298,29,6,22,16,552.0,22.0,49.0,19.0,0.09731543624161074,0.20689655172413793,0.020134228187919462,0.7272727272727273,0.03985507246376811
4312292,541.0,298,17,2,12,9,488.0,13.0,27.0,13.0,0.05704697986577181,0.11764705882352941,0.006711409395973154,0.75,0.02663934426229508
926985,890.0,298,50,9,23,14,786.0,23.0,56.0,25.0,0.16778523489932887,0.18,0.030201342281879196,0.6086956521739131,0.029262086513994912
4220950,911.0,298,28,5,24,17,829.0,26.0,35.0,21.0,0.09395973154362416,0.17857142857142858,0.016778523489932886,0.7083333333333334,0.031363088057901084
4482155,841.0,297,29,7,13,6,760.0,13.0,33.0,35.0,0.09764309764309764,0.2413793103448276,0.02356902356902357,0.46153846153846156,0.017105263157894738
1303652,784.0,297,46,11,51,39,649.0,52.0,57.0,26.0,0.15488215488215487,0.2391304347826087,0.037037037037037035,0.7647058823529411,0.08012326656394453
352399,769.0,297,54,12,60,41,516.0,65.0,103.0,85.0,0.18181818181818182,0.2222222222222222,0.04040404040404041,0.6833333333333333,0.12596899224806202
4189038,804.0,297,39,6,18,11,718.0,18.0,37.0,31.0,0.13131313131313133,0.15384615384615385,0.020202020202020204,0.6111111111111112,0.025069637883008356
3753684,635.0,297,24,4,29,25,563.0,32.0,32.0,8.0,0.08080808080808081,0.16666666666666666,0.013468013468013467,0.8620689655172413,0.056838365896980464
3964146,739.0,297,37,5,20,13,659.0,20.0,42.0,18.0,0.12457912457912458,0.13513513513513514,0.016835016835016835,0.65,0.030349013657056147
4911515,719.0,297,29,4,29,23,611.0,38.0,59.0,11.0,0.09764309764309764,0.13793103448275862,0.013468013468013467,0.7931034482758621,0.062193126022913256
2910107,855.0,296,29,4,7,3,797.0,7.0,30.0,21.0,0.09797297297297297,0.13793103448275862,0.013513513513513514,0.42857142857142855,0.00878293601003764
2126952,487.0,295,20,2,13,11,423.0,13.0,37.0,14.0,0.06779661016949153,0.1,0.006779661016949152,0.8461538461538461,0.030732860520094562
4269511,521.0,295,21,4,30,25,453.0,32.0,27.0,9.0,0.0711864406779661,0.19047619047619047,0.013559322033898305,0.8333333333333334,0.0706401766004415
2695277,586.0,294,16,3,11,7,540.0,12.0,21.0,13.0,0.05442176870748299,0.1875,0.01020408163265306,0.6363636363636364,0.022222222222222223
79592,533.0,293,25,6,20,12,433.0,22.0,36.0,42.0,0.08532423208191127,0.24,0.020477815699658702,0.6,0.050808314087759814
2664522,918.0,293,63,13,59,43,737.0,66.0,79.0,36.0,0.2150170648464164,0.20634920634920634,0.04436860068259386,0.7288135593220338,0.08955223880597014
3576652,528.0,293,22,3,11,8,465.0,14.0,33.0,16.0,0.07508532423208192,0.13636363636363635,0.010238907849829351,0.7272727272727273,0.030107526881720432
2704015,413.0,292,12,2,11,8,371.0,11.0,25.0,6.0,0.0410958904109589,0.16666666666666666,0.00684931506849315,0.7272727272727273,0.029649595687331536
4201401,557.0,292,11,2,4,2,532.0,4.0,13.0,8.0,0.03767123287671233,0.18181818181818182,0.00684931506849315,0.5,0.007518796992481203
3153380,729.0,292,27,6,23,17,659.0,26.0,33.0,11.0,0.09246575342465753,0.2222222222222222,0.02054794520547945,0.7391304347826086,0.03945371775417299
4099608,766.0,292,42,8,34,25,632.0,35.0,66.0,33.0,0.14383561643835616,0.19047619047619047,0.0273972602739726,0.7352941176470589,0.055379746835443035
1710799,644.0,292,26,4,12,8,578.0,17.0,36.0,13.0,0.08904109589041095,0.15384615384615385,0.0136986301369863,0.6666666666666666,0.029411764705882353
4970836,598.0,292,27,4,21,17,526.0,21.0,39.0,12.0,0.09246575342465753,0.14814814814814814,0.0136986301369863,0.8095238095238095,0.039923954372623575
958821,932.0,290,53,13,84,70,759.0,87.0,68.0,18.0,0.18275862068965518,0.24528301886792453,0.04482758620689655,0.8333333333333334,0.11462450592885376
4826774,593.0,290,22,0,0,0,545.0,0.0,20.0,28.0,0.07586206896551724,0.0,0.0,,0.0
4901004,940.0,290,52,10,47,36,790.0,48.0,69.0,33.0,0.1793103448275862,0.19230769230769232,0.034482758620689655,0.7659574468085106,0.060759493670886074
4668616,616.0,290,20,0,6,6,562.0,6.0,34.0,14.0,0.06896551724137931,0.0,0.0,1.0,0.010676156583629894
3282595,832.0,289,37,3,12,8,756.0,12.0,35.0,29.0,0.12802768166089964,0.08108108108108109,0.010380622837370242,0.6666666666666666,0.015873015873015872
577442,619.0,289,33,4,12,6,547.0,12.0,38.0,22.0,0.11418685121107267,0.12121212121212122,0.01384083044982699,0.5,0.021937842778793418
1983413,858.0,289,47,4,17,11,758.0,17.0,51.0,32.0,0.16262975778546712,0.0851063829787234,0.01384083044982699,0.6470588235294118,0.022427440633245383
1208308,746.0,289,30,2,18,16,675.0,21.0,35.0,15.0,0.10380622837370242,0.06666666666666667,0.006920415224913495,0.8888888888888888,0.03111111111111111
3917559,833.0,289,45,9,32,18,686.0,40.0,74.0,33.0,0.15570934256055363,0.2,0.031141868512110725,0.5625,0.05830903790087463
4121939,726.0,289,42,3,9,6,635.0,9.0,42.0,40.0,0.1453287197231834,0.07142857142857142,0.010380622837370242,0.6666666666666666,0.014173228346456693
4276479,952.0,289,37,6,30,24,862.0,32.0,45.0,13.0,0.12802768166089964,0.16216216216216217,0.020761245674740483,0.8,0.037122969837587005
1984400,712.0,288,30,4,40,36,605.0,43.0,50.0,14.0,0.10416666666666667,0.13333333333333333,0.013888888888888888,0.9,0.07107438016528926
4466795,489.0,288,20,0,12,11,440.0,13.0,21.0,15.0,0.06944444444444445,0.0,0.0,0.9166666666666666,0.029545454545454545
5023473,609.0,288,20,1,3,2,569.0,3.0,25.0,12.0,0.06944444444444445,0.05,0.003472222222222222,0.6666666666666666,0.005272407732864675
599382,565.0,288,23,7,74,65,425.0,83.0,39.0,18.0,0.0798611111111111,0.30434782608695654,0.024305555555555556,0.8783783783783784,0.1952941176470588
3450589,565.0,288,28,6,20,14,500.0,22.0,28.0,15.0,0.09722222222222222,0.21428571428571427,0.020833333333333332,0.7,0.044
2867703,582.0,288,30,6,26,19,510.0,26.0,33.0,13.0,0.10416666666666667,0.2,0.020833333333333332,0.7307692307692307,0.050980392156862744
897580,823.0,288,41,4,31,27,702.0,33.0,57.0,31.0,0.1423611111111111,0.0975609756097561,0.013888888888888888,0.8709677419354839,0.04700854700854701
2451344,783.0,287,40,5,25,17,669.0,25.0,56.0,33.0,0.13937282229965156,0.125,0.017421602787456445,0.68,0.03736920777279522
255113,602.0,287,28,2,7,4,548.0,10.0,30.0,14.0,0.0975609756097561,0.07142857142857142,0.006968641114982578,0.5714285714285714,0.01824817518248175
3021762,713.0,287,37,8,45,36,595.0,49.0,58.0,11.0,0.1289198606271777,0.21621621621621623,0.027874564459930314,0.8,0.08235294117647059
1444181,446.0,286,18,2,48,44,340.0,49.0,48.0,9.0,0.06293706293706294,0.1111111111111111,0.006993006993006993,0.9166666666666666,0.14411764705882352
2081312,581.0,286,29,5,50,42,477.0,52.0,43.0,9.0,0.10139860139860139,0.1724137931034483,0.017482517482517484,0.84,0.1090146750524109
3494943,903.0,286,47,13,58,44,753.0,68.0,63.0,19.0,0.16433566433566432,0.2765957446808511,0.045454545454545456,0.7586206896551724,0.0903054448871182
4981015,612.0,286,7,1,2,1,598.0,2.0,5.0,7.0,0.024475524475524476,0.14285714285714285,0.0034965034965034965,0.5,0.0033444816053511705
823629,684.0,286,49,7,19,12,572.0,20.0,77.0,15.0,0.17132867132867133,0.14285714285714285,0.024475524475524476,0.631578947368421,0.03496503496503497
3620998,700.0,286,29,7,39,30,607.0,43.0,31.0,19.0,0.10139860139860139,0.2413793103448276,0.024475524475524476,0.7692307692307693,0.07084019769357495
1947820,801.0,286,24,8,43,34,703.0,45.0,35.0,18.0,0.08391608391608392,0.3333333333333333,0.027972027972027972,0.7906976744186046,0.06401137980085349
3514742,475.0,286,13,2,10,8,437.0,10.0,10.0,18.0,0.045454545454545456,0.15384615384615385,0.006993006993006993,0.8,0.02288329519450801
680827,768.0,285,36,7,35,24,659.0,39.0,47.0,23.0,0.12631578947368421,0.19444444444444445,0.02456140350877193,0.6857142857142857,0.05918057663125948
2506581,530.0,285,18,2,2,0,496.0,2.0,23.0,9.0,0.06315789473684211,0.1111111111111111,0.007017543859649123,0.0,0.004032258064516129
2263836,784.0,285,34,2,24,22,708.0,26.0,33.0,17.0,0.11929824561403508,0.058823529411764705,0.007017543859649123,0.9166666666666666,0.03672316384180791
737405,873.0,285,46,14,53,36,725.0,56.0,70.0,22.0,0.16140350877192983,0.30434782608695654,0.04912280701754386,0.6792452830188679,0.07724137931034483
4633856,648.0,285,36,16,92,71,448.0,97.0,92.0,11.0,0.12631578947368421,0.4444444444444444,0.056140350877192984,0.7717391304347826,0.21651785714285715
5105125,436.0,285,14,0,4,4,410.0,4.0,16.0,6.0,0.04912280701754386,0.0,0.0,1.0,0.00975609756097561
2899233,732.0,284,42,7,33,25,618.0,35.0,58.0,21.0,0.14788732394366197,0.16666666666666666,0.02464788732394366,0.7575757575757576,0.05663430420711974
1021251,862.0,284,38,5,13,8,788.0,16.0,39.0,19.0,0.13380281690140844,0.13157894736842105,0.017605633802816902,0.6153846153846154,0.02030456852791878
883540,843.0,284,35,3,27,24,752.0,29.0,41.0,21.0,0.12323943661971831,0.08571428571428572,0.01056338028169014,0.8888888888888888,0.03856382978723404
2718441,723.0,284,22,4,19,14,653.0,23.0,27.0,20.0,0.07746478873239436,0.18181818181818182,0.014084507042253521,0.7368421052631579,0.03522205206738132
2982166,300.0,284,0,0,0,0,298.0,0.0,0.0,2.0,0.0,,0.0,,0.0
4649026,1170.0,283,69,17,67,47,955.0,72.0,98.0,45.0,0.24381625441696114,0.2463768115942029,0.06007067137809187,0.7014925373134329,0.07539267015706806
3677569,679.0,283,32,5,25,20,601.0,25.0,29.0,24.0,0.11307420494699646,0.15625,0.0176678445229682,0.8,0.04159733777038269
2169913,448.0,283,16,2,10,8,407.0,10.0,19.0,12.0,0.05653710247349823,0.125,0.007067137809187279,0.8,0.02457002457002457
2097345,522.0,283,18,0,8,7,468.0,8.0,20.0,26.0,0.0636042402826855,0.0,0.0,0.875,0.017094017094017096
2649129,820.0,282,37,6,27,20,696.0,32.0,53.0,39.0,0.13120567375886524,0.16216216216216217,0.02127659574468085,0.7407407407407407,0.04597701149425287
2842504,732.0,282,40,1,5,3,646.0,5.0,52.0,29.0,0.14184397163120568,0.025,0.0035460992907801418,0.6,0.007739938080495356
1767199,643.0,282,37,3,27,24,528.0,27.0,64.0,24.0,0.13120567375886524,0.08108108108108109,0.010638297872340425,0.8888888888888888,0.05113636363636364
2606924,686.0,282,40,8,67,58,509.0,72.0,78.0,27.0,0.14184397163120568,0.2,0.028368794326241134,0.8656716417910447,0.14145383104125736
3385002,645.0,282,35,4,20,15,552.0,21.0,55.0,17.0,0.12411347517730496,0.11428571428571428,0.014184397163120567,0.75,0.03804347826086957
2990986,393.0,281,7,0,6,6,369.0,6.0,10.0,8.0,0.02491103202846975,0.0,0.0,1.0,0.016260162601626018
2791755,710.0,281,34,6,26,17,613.0,29.0,51.0,17.0,0.12099644128113879,0.17647058823529413,0.021352313167259787,0.6538461538461539,0.04730831973898858
2372829,455.0,281,20,2,13,10,379.0,13.0,45.0,18.0,0.0711743772241993,0.1,0.0071174377224199285,0.7692307692307693,0.03430079155672823
1986596,753.0,281,28,7,27,20,678.0,28.0,37.0,10.0,0.099644128113879,0.25,0.02491103202846975,0.7407407407407407,0.04129793510324484
1701471,746.0,280,26,4,58,53,626.0,68.0,40.0,12.0,0.09285714285714286,0.15384615384615385,0.014285714285714285,0.9137931034482759,0.10862619808306709
571588,538.0,280,22,3,23,20,467.0,24.0,37.0,10.0,0.07857142857142857,0.13636363636363635,0.010714285714285714,0.8695652173913043,0.05139186295503212
4917079,470.0,280,18,0,6,6,432.0,6.0,11.0,21.0,0.06428571428571428,0.0,0.0,1.0,0.013888888888888888
572644,518.0,280,25,0,20,20,444.0,21.0,42.0,11.0,0.08928571428571429,0.0,0.0,1.0,0.0472972972972973
4514070,889.0,280,20,4,50,42,787.0,52.0,36.0,14.0,0.07142857142857142,0.2,0.014285714285714285,0.84,0.06607369758576874
3706262,610.0,280,31,6,49,40,496.0,55.0,49.0,10.0,0.11071428571428571,0.1935483870967742,0.02142857142857143,0.8163265306122449,0.11088709677419355
294308,701.0,280,26,3,6,3,646.0,7.0,32.0,16.0,0.09285714285714286,0.11538461538461539,0.010714285714285714,0.5,0.010835913312693499
3820436,676.0,279,33,4,13,8,591.0,16.0,53.0,16.0,0.11827956989247312,0.12121212121212122,0.014336917562724014,0.6153846153846154,0.02707275803722504
3412811,621.0,279,42,6,25,17,510.0,29.0,57.0,25.0,0.15053763440860216,0.14285714285714285,0.021505376344086023,0.68,0.056862745098039215
1995600,1009.0,279,57,16,43,26,845.0,48.0,88.0,28.0,0.20430107526881722,0.2807017543859649,0.05734767025089606,0.6046511627906976,0.05680473372781065
1751144,319.0,279,2,0,1,1,307.0,1.0,2.0,9.0,0.007168458781362007,0.0,0.0,1.0,0.003257328990228013
285203,638.0,279,24,2,5,2,579.0,5.0,29.0,25.0,0.08602150537634409,0.08333333333333333,0.007168458781362007,0.4,0.008635578583765112
718211,584.0,279,39,5,29,23,452.0,30.0,58.0,44.0,0.13978494623655913,0.1282051282051282,0.017921146953405017,0.7931034482758621,0.06637168141592921
1476223,525.0,279,18,3,25,16,439.0,25.0,50.0,11.0,0.06451612903225806,0.16666666666666666,0.010752688172043012,0.64,0.05694760820045558
1912148,866.0,279,27,6,31,24,784.0,39.0,31.0,12.0,0.0967741935483871,0.2222222222222222,0.021505376344086023,0.7741935483870968,0.04974489795918367
99763,759.0,279,46,5,21,16,654.0,26.0,57.0,22.0,0.16487455197132617,0.10869565217391304,0.017921146953405017,0.7619047619047619,0.039755351681957186
3274325,741.0,279,42,5,28,21,619.0,30.0,69.0,23.0,0.15053763440860216,0.11904761904761904,0.017921146953405017,0.75,0.048465266558966075
3703129,711.0,278,28,11,37,26,629.0,39.0,28.0,15.0,0.10071942446043165,0.39285714285714285,0.039568345323741004,0.7027027027027027,0.06200317965023847
2622529,346.0,278,9,0,2,2,318.0,2.0,14.0,12.0,0.03237410071942446,0.0,0.0,1.0,0.006289308176100629
1885585,733.0,278,53,6,30,23,588.0,30.0,81.0,34.0,0.1906474820143885,0.11320754716981132,0.02158273381294964,0.7666666666666667,0.05102040816326531
1467164,541.0,277,33,6,30,22,438.0,33.0,43.0,27.0,0.11913357400722022,0.18181818181818182,0.021660649819494584,0.7333333333333333,0.07534246575342465
3161951,679.0,277,42,7,35,25,544.0,37.0,83.0,15.0,0.15162454873646208,0.16666666666666666,0.02527075812274368,0.7142857142857143,0.06801470588235294
1605765,403.0,277,10,0,25,23,348.0,25.0,22.0,8.0,0.036101083032490974,0.0,0.0,0.92,0.07183908045977011
4191987,407.0,276,5,0,4,4,386.0,4.0,8.0,9.0,0.018115942028985508,0.0,0.0,1.0,0.010362694300518135
3010113,832.0,276,47,10,44,34,697.0,45.0,63.0,27.0,0.17028985507246377,0.2127659574468085,0.036231884057971016,0.7727272727272727,0.06456241032998565
2545868,754.0,276,32,9,61,49,634.0,62.0,33.0,25.0,0.11594202898550725,0.28125,0.03260869565217391,0.8032786885245902,0.09779179810725552
1392765,706.0,275,25,5,20,15,629.0,20.0,38.0,19.0,0.09090909090909091,0.2,0.01818181818181818,0.75,0.03179650238473768
2357594,572.0,275,23,6,23,16,493.0,24.0,33.0,22.0,0.08363636363636363,0.2608695652173913,0.02181818181818182,0.6956521739130435,0.0486815415821501
2374634,747.0,275,41,5,18,12,653.0,20.0,43.0,31.0,0.14909090909090908,0.12195121951219512,0.01818181818181818,0.6666666666666666,0.030627871362940276
1666488,1021.0,275,26,9,20,10,948.0,22.0,40.0,11.0,0.09454545454545454,0.34615384615384615,0.03272727272727273,0.5,0.023206751054852322
663716,686.0,275,23,1,2,1,644.0,2.0,19.0,21.0,0.08363636363636363,0.043478260869565216,0.0036363636363636364,0.5,0.003105590062111801
3142010,586.0,275,22,1,9,8,529.0,10.0,36.0,11.0,0.08,0.045454545454545456,0.0036363636363636364,0.8888888888888888,0.01890359168241966
3191795,605.0,274,32,6,44,36,496.0,46.0,47.0,16.0,0.11678832116788321,0.1875,0.021897810218978103,0.8181818181818182,0.09274193548387097
3287694,697.0,274,28,4,6,2,644.0,6.0,31.0,16.0,0.10218978102189781,0.14285714285714285,0.014598540145985401,0.3333333333333333,0.009316770186335404
2692123,458.0,274,14,1,1,0,415.0,1.0,20.0,22.0,0.051094890510948905,0.07142857142857142,0.0036496350364963502,0.0,0.0024096385542168677
486644,586.0,274,29,8,44,31,471.0,44.0,50.0,21.0,0.10583941605839416,0.27586206896551724,0.029197080291970802,0.7045454545454546,0.09341825902335456
3693205,850.0,274,30,6,30,24,752.0,35.0,45.0,18.0,0.10948905109489052,0.2,0.021897810218978103,0.8,0.04654255319148936
1260607,567.0,273,25,1,5,4,512.0,5.0,24.0,26.0,0.09157509157509157,0.04,0.003663003663003663,0.8,0.009765625
4510514,309.0,273,0,0,1,1,304.0,1.0,2.0,2.0,0.0,,0.0,1.0,0.003289473684210526
777142,877.0,273,24,4,10,6,831.0,10.0,29.0,7.0,0.08791208791208792,0.16666666666666666,0.014652014652014652,0.6,0.012033694344163659
2935400,367.0,273,4,0,0,0,355.0,0.0,6.0,6.0,0.014652014652014652,0.0,0.0,,0.0
1833378,745.0,273,28,5,28,23,652.0,39.0,29.0,25.0,0.10256410256410256,0.17857142857142858,0.018315018315018316,0.8214285714285714,0.0598159509202454
4209709,535.0,272,28,6,19,13,447.0,22.0,35.0,31.0,0.10294117647058823,0.21428571428571427,0.022058823529411766,0.6842105263157895,0.049217002237136466
1264985,759.0,272,26,7,35,27,659.0,38.0,36.0,26.0,0.09558823529411764,0.2692307692307692,0.025735294117647058,0.7714285714285715,0.057663125948406675
3998581,657.0,272,24,1,12,11,594.0,13.0,26.0,24.0,0.08823529411764706,0.041666666666666664,0.003676470588235294,0.9166666666666666,0.021885521885521887
1180396,847.0,272,27,6,17,10,763.0,25.0,29.0,30.0,0.09926470588235294,0.2222222222222222,0.022058823529411766,0.5882352941176471,0.0327653997378768
3487744,415.0,272,16,4,8,4,380.0,9.0,23.0,3.0,0.058823529411764705,0.25,0.014705882352941176,0.5,0.02368421052631579
5056606,702.0,272,21,3,30,26,622.0,38.0,20.0,22.0,0.07720588235294118,0.14285714285714285,0.011029411764705883,0.8666666666666667,0.06109324758842444
3778921,490.0,272,32,7,28,20,379.0,28.0,44.0,39.0,0.11764705882352941,0.21875,0.025735294117647058,0.7142857142857143,0.07387862796833773
629854,619.0,271,35,7,26,16,523.0,31.0,49.0,16.0,0.12915129151291513,0.2,0.025830258302583026,0.6153846153846154,0.05927342256214149
122524,909.0,271,35,3,10,7,819.0,10.0,54.0,26.0,0.12915129151291513,0.08571428571428572,0.01107011070110701,0.7,0.01221001221001221
308413,535.0,271,35,4,19,12,448.0,19.0,36.0,32.0,0.12915129151291513,0.11428571428571428,0.014760147601476014,0.631578947368421,0.04241071428571429
4233539,1132.0,271,6,1,16,12,1061.0,18.0,2.0,51.0,0.02214022140221402,0.16666666666666666,0.0036900369003690036,0.75,0.016965127238454288
4461425,511.0,271,26,7,54,44,367.0,60.0,73.0,11.0,0.0959409594095941,0.2692307692307692,0.025830258302583026,0.8148148148148148,0.16348773841961853
3111341,908.0,270,36,2,8,6,824.0,11.0,44.0,29.0,0.13333333333333333,0.05555555555555555,0.007407407407407408,0.75,0.013349514563106795
4300418,459.0,270,14,1,4,3,434.0,4.0,14.0,7.0,0.05185185185185185,0.07142857142857142,0.003703703703703704,0.75,0.009216589861751152
4862609,602.0,270,28,7,48,39,490.0,51.0,50.0,11.0,0.1037037037037037,0.25,0.025925925925925925,0.8125,0.10408163265306122
3880080,545.0,270,24,1,7,6,486.0,8.0,27.0,24.0,0.08888888888888889,0.041666666666666664,0.003703703703703704,0.8571428571428571,0.01646090534979424
4975993,916.0,269,35,4,31,27,804.0,32.0,60.0,20.0,0.13011152416356878,0.11428571428571428,0.01486988847583643,0.8709677419354839,0.03980099502487562
4706843,619.0,269,37,11,35,24,510.0,40.0,53.0,16.0,0.137546468401487,0.2972972972972973,0.040892193308550186,0.6857142857142857,0.0784313725490196
3309643,463.0,269,16,3,15,11,415.0,16.0,23.0,9.0,0.05947955390334572,0.1875,0.011152416356877323,0.7333333333333333,0.03855421686746988
585280,649.0,269,27,1,3,2,606.0,3.0,25.0,15.0,0.10037174721189591,0.037037037037037035,0.0037174721189591076,0.6666666666666666,0.0049504950495049506
260238,705.0,269,26,3,14,10,650.0,14.0,28.0,13.0,0.09665427509293681,0.11538461538461539,0.011152416356877323,0.7142857142857143,0.021538461538461538
4968783,827.0,268,40,6,38,30,704.0,38.0,64.0,21.0,0.14925373134328357,0.15,0.022388059701492536,0.7894736842105263,0.05397727272727273
2287753,325.0,268,3,0,1,1,320.0,1.0,1.0,3.0,0.011194029850746268,0.0,0.0,1.0,0.003125
4315183,948.0,268,37,12,39,27,823.0,42.0,49.0,34.0,0.13805970149253732,0.32432432432432434,0.04477611940298507,0.6923076923076923,0.05103280680437424
2540745,1033.0,268,40,8,33,24,923.0,37.0,44.0,29.0,0.14925373134328357,0.2,0.029850746268656716,0.7272727272727273,0.04008667388949079
1088738,779.0,268,37,11,72,59,634.0,75.0,54.0,16.0,0.13805970149253732,0.2972972972972973,0.041044776119402986,0.8194444444444444,0.11829652996845426
2412920,473.0,268,35,5,23,17,365.0,24.0,60.0,24.0,0.13059701492537312,0.14285714285714285,0.018656716417910446,0.7391304347826086,0.06575342465753424
3757834,739.0,268,37,11,63,49,607.0,66.0,50.0,16.0,0.13805970149253732,0.2972972972972973,0.041044776119402986,0.7777777777777778,0.10873146622734761
3209208,718.0,267,12,1,7,5,651.0,8.0,0.0,59.0,0.0449438202247191,0.08333333333333333,0.003745318352059925,0.7142857142857143,0.01228878648233487
2778829,379.0,267,6,0,2,1,360.0,2.0,9.0,8.0,0.02247191011235955,0.0,0.0,0.5,0.005555555555555556
5025773,650.0,267,27,1,5,3,597.0,7.0,24.0,22.0,0.10112359550561797,0.037037037037037035,0.003745318352059925,0.6,0.011725293132328308
3572783,795.0,267,39,11,56,45,672.0,60.0,42.0,21.0,0.14606741573033707,0.28205128205128205,0.04119850187265917,0.8035714285714286,0.08928571428571429
4048352,579.0,267,15,2,5,2,539.0,6.0,22.0,12.0,0.056179775280898875,0.13333333333333333,0.00749063670411985,0.4,0.011131725417439703
1840678,473.0,267,14,3,12,8,421.0,15.0,32.0,5.0,0.052434456928838954,0.21428571428571427,0.011235955056179775,0.6666666666666666,0.035629453681710214
3440715,403.0,266,15,1,11,9,361.0,11.0,26.0,5.0,0.05639097744360902,0.06666666666666667,0.0037593984962406013,0.8181818181818182,0.030470914127423823
1008611,588.0,266,10,1,4,3,561.0,6.0,16.0,5.0,0.03759398496240601,0.1,0.0037593984962406013,0.75,0.0106951871657754
4432419,459.0,266,20,3,15,12,398.0,16.0,28.0,17.0,0.07518796992481203,0.15,0.011278195488721804,0.8,0.04020100502512563
1326769,382.0,266,8,1,15,13,338.0,15.0,22.0,7.0,0.03007518796992481,0.125,0.0037593984962406013,0.8666666666666667,0.04437869822485207
4274907,743.0,266,36,11,57,46,586.0,95.0,54.0,8.0,0.13533834586466165,0.3055555555555556,0.041353383458646614,0.8070175438596491,0.1621160409556314
3273152,372.0,265,14,4,13,8,326.0,14.0,24.0,8.0,0.052830188679245285,0.2857142857142857,0.01509433962264151,0.6153846153846154,0.04294478527607362
3716034,575.0,265,7,1,2,1,548.0,2.0,17.0,8.0,0.026415094339622643,0.14285714285714285,0.0037735849056603774,0.5,0.0036496350364963502
2036277,348.0,265,11,0,7,4,318.0,7.0,15.0,8.0,0.04150943396226415,0.0,0.0,0.5714285714285714,0.0220125786163522
5132867,374.0,265,5,0,0,0,359.0,0.0,13.0,2.0,0.018867924528301886,0.0,0.0,,0.0
306490,596.0,265,20,1,3,2,551.0,3.0,26.0,16.0,0.07547169811320754,0.05,0.0037735849056603774,0.6666666666666666,0.0054446460980036296
3903617,538.0,265,12,1,3,2,503.0,4.0,23.0,8.0,0.045283018867924525,0.08333333333333333,0.0037735849056603774,0.6666666666666666,0.007952286282306162
5138000,788.0,265,25,6,16,10,722.0,20.0,28.0,18.0,0.09433962264150944,0.24,0.022641509433962263,0.625,0.027700831024930747
972851,612.0,265,20,5,21,16,548.0,24.0,29.0,11.0,0.07547169811320754,0.25,0.018867924528301886,0.7619047619047619,0.043795620437956206
2488933,452.0,264,18,5,27,21,361.0,29.0,31.0,31.0,0.06818181818181818,0.2777777777777778,0.01893939393939394,0.7777777777777778,0.08033240997229917
1719660,583.0,264,38,6,30,24,481.0,32.0,62.0,8.0,0.14393939393939395,0.15789473684210525,0.022727272727272728,0.8,0.06652806652806653
3247421,465.0,264,23,1,9,8,405.0,9.0,35.0,16.0,0.08712121212121213,0.043478260869565216,0.003787878787878788,0.8888888888888888,0.022222222222222223
2942460,541.0,264,17,1,10,9,500.0,10.0,26.0,5.0,0.06439393939393939,0.058823529411764705,0.003787878787878788,0.9,0.02
4258547,903.0,264,33,7,35,28,816.0,38.0,38.0,11.0,0.125,0.21212121212121213,0.026515151515151516,0.8,0.04656862745098039
3695506,665.0,264,19,4,22,18,610.0,24.0,13.0,18.0,0.07196969696969698,0.21052631578947367,0.015151515151515152,0.8181818181818182,0.03934426229508197
3808001,871.0,264,28,5,12,7,801.0,13.0,34.0,23.0,0.10606060606060606,0.17857142857142858,0.01893939393939394,0.5833333333333334,0.016229712858926344
2021104,445.0,264,23,3,5,2,384.0,7.0,30.0,24.0,0.08712121212121213,0.13043478260869565,0.011363636363636364,0.4,0.018229166666666668
3147028,873.0,264,43,7,79,70,704.0,87.0,68.0,14.0,0.16287878787878787,0.16279069767441862,0.026515151515151516,0.8860759493670886,0.12357954545454546
4327533,728.0,264,22,3,4,1,691.0,4.0,16.0,17.0,0.08333333333333333,0.13636363636363635,0.011363636363636364,0.25,0.005788712011577424
3770161,468.0,263,20,3,20,16,389.0,22.0,44.0,13.0,0.07604562737642585,0.15,0.011406844106463879,0.8,0.056555269922879174
13767,546.0,263,22,3,29,24,460.0,31.0,37.0,18.0,0.08365019011406843,0.13636363636363635,0.011406844106463879,0.8275862068965517,0.06739130434782609
839167,610.0,263,27,6,31,25,519.0,38.0,37.0,16.0,0.10266159695817491,0.2222222222222222,0.022813688212927757,0.8064516129032258,0.07321772639691715
4793839,504.0,263,23,9,20,10,436.0,21.0,32.0,15.0,0.08745247148288973,0.391304347826087,0.034220532319391636,0.5,0.0481651376146789
1617627,771.0,263,22,0,1,1,727.0,1.0,22.0,21.0,0.08365019011406843,0.0,0.0,1.0,0.001375515818431912
1768615,1644.0,263,30,6,25,19,1564.0,27.0,38.0,15.0,0.11406844106463879,0.2,0.022813688212927757,0.76,0.017263427109974423
361095,600.0,263,27,6,38,30,498.0,40.0,49.0,13.0,0.10266159695817491,0.2222222222222222,0.022813688212927757,0.7894736842105263,0.08032128514056225
2832871,402.0,263,22,5,14,9,349.0,15.0,27.0,11.0,0.08365019011406843,0.22727272727272727,0.019011406844106463,0.6428571428571429,0.04297994269340974
1248746,517.0,263,7,1,3,2,495.0,3.0,13.0,6.0,0.026615969581749048,0.14285714285714285,0.0038022813688212928,0.6666666666666666,0.006060606060606061
4603467,471.0,262,12,1,2,1,444.0,2.0,16.0,9.0,0.04580152671755725,0.08333333333333333,0.003816793893129771,0.5,0.0045045045045045045
5119295,406.0,262,11,1,15,14,359.0,17.0,10.0,20.0,0.04198473282442748,0.09090909090909091,0.003816793893129771,0.9333333333333333,0.04735376044568245
2815931,902.0,262,44,6,11,5,823.0,13.0,32.0,34.0,0.16793893129770993,0.13636363636363635,0.022900763358778626,0.45454545454545453,0.015795868772782502
360595,495.0,262,15,1,2,1,454.0,2.0,18.0,21.0,0.05725190839694656,0.06666666666666667,0.003816793893129771,0.5,0.004405286343612335
2937670,529.0,262,20,2,13,11,473.0,19.0,20.0,17.0,0.07633587786259542,0.1,0.007633587786259542,0.8461538461538461,0.040169133192389
4202726,424.0,261,13,3,8,5,378.0,8.0,27.0,11.0,0.04980842911877394,0.23076923076923078,0.011494252873563218,0.625,0.021164021164021163
3211196,912.0,260,41,5,34,28,803.0,35.0,51.0,23.0,0.1576923076923077,0.12195121951219512,0.019230769230769232,0.8235294117647058,0.043586550435865505
1436375,426.0,260,8,0,3,3,401.0,3.0,9.0,13.0,0.03076923076923077,0.0,0.0,1.0,0.007481296758104738
3588816,679.0,260,29,3,20,17,608.0,23.0,31.0,17.0,0.11153846153846154,0.10344827586206896,0.011538461538461539,0.85,0.03782894736842105
3720155,824.0,260,37,6,14,8,729.0,19.0,57.0,19.0,0.1423076923076923,0.16216216216216217,0.023076923076923078,0.5714285714285714,0.02606310013717421
3774119,670.0,260,33,8,25,16,559.0,27.0,53.0,31.0,0.12692307692307692,0.24242424242424243,0.03076923076923077,0.64,0.04830053667262969
4240198,405.0,260,13,1,4,2,373.0,4.0,16.0,12.0,0.05,0.07692307692307693,0.0038461538461538464,0.5,0.010723860589812333
1500468,745.0,260,36,3,22,19,643.0,22.0,60.0,20.0,0.13846153846153847,0.08333333333333333,0.011538461538461539,0.8636363636363636,0.03421461897356143
246584,645.0,260,19,5,11,6,602.0,11.0,27.0,5.0,0.07307692307692308,0.2631578947368421,0.019230769230769232,0.5454545454545454,0.018272425249169437
734018,772.0,259,21,1,3,2,728.0,3.0,24.0,17.0,0.08108108108108109,0.047619047619047616,0.003861003861003861,0.6666666666666666,0.004120879120879121
2865652,1068.0,259,26,7,23,16,998.0,25.0,33.0,12.0,0.10038610038610038,0.2692307692307692,0.02702702702702703,0.6956521739130435,0.025050100200400802
3330819,549.0,259,15,1,11,10,513.0,11.0,20.0,5.0,0.05791505791505792,0.06666666666666667,0.003861003861003861,0.9090909090909091,0.021442495126705652
2650255,469.0,259,22,2,14,12,411.0,15.0,28.0,15.0,0.08494208494208494,0.09090909090909091,0.007722007722007722,0.8571428571428571,0.0364963503649635
1098175,510.0,259,37,5,29,23,394.0,30.0,51.0,35.0,0.14285714285714285,0.13513513513513514,0.019305019305019305,0.7931034482758621,0.07614213197969544
2772178,768.0,258,32,4,18,14,697.0,18.0,46.0,7.0,0.12403100775193798,0.125,0.015503875968992248,0.7777777777777778,0.02582496413199426
3619237,737.0,258,40,13,65,49,588.0,65.0,63.0,21.0,0.15503875968992248,0.325,0.050387596899224806,0.7538461538461538,0.11054421768707483
3996607,669.0,258,29,2,10,8,553.0,11.0,40.0,65.0,0.1124031007751938,0.06896551724137931,0.007751937984496124,0.8,0.019891500904159132
1133273,686.0,258,41,11,55,44,560.0,61.0,51.0,14.0,0.15891472868217055,0.2682926829268293,0.04263565891472868,0.8,0.10892857142857143
1674186,695.0,258,27,3,40,36,597.0,45.0,45.0,8.0,0.10465116279069768,0.1111111111111111,0.011627906976744186,0.9,0.07537688442211055
4876006,569.0,258,25,6,40,30,472.0,42.0,40.0,15.0,0.09689922480620156,0.24,0.023255813953488372,0.75,0.08898305084745763
2155994,494.0,258,36,5,21,16,391.0,22.0,52.0,29.0,0.13953488372093023,0.1388888888888889,0.01937984496124031,0.7619047619047619,0.056265984654731455
1547412,709.0,257,46,6,67,56,530.0,69.0,80.0,30.0,0.17898832684824903,0.13043478260869565,0.023346303501945526,0.835820895522388,0.13018867924528302
2700588,655.0,257,31,3,36,30,540.0,50.0,51.0,14.0,0.12062256809338522,0.0967741935483871,0.011673151750972763,0.8333333333333334,0.09259259259259259
2675329,425.0,257,2,0,0,0,415.0,0.0,6.0,4.0,0.007782101167315175,0.0,0.0,,0.0
2573032,731.0,257,25,6,16,10,671.0,20.0,23.0,17.0,0.09727626459143969,0.24,0.023346303501945526,0.625,0.029806259314456036
376837,595.0,257,28,4,17,13,522.0,18.0,47.0,8.0,0.10894941634241245,0.14285714285714285,0.01556420233463035,0.7647058823529411,0.034482758620689655
918999,548.0,255,36,7,29,21,436.0,32.0,62.0,18.0,0.1411764705882353,0.19444444444444445,0.027450980392156862,0.7241379310344828,0.07339449541284404
2041411,404.0,255,5,0,2,2,393.0,2.0,6.0,3.0,0.0196078431372549,0.0,0.0,1.0,0.005089058524173028
1824204,375.0,255,7,0,2,2,362.0,2.0,3.0,8.0,0.027450980392156862,0.0,0.0,1.0,0.0055248618784530384
916706,629.0,255,32,5,13,8,553.0,14.0,33.0,29.0,0.12549019607843137,0.15625,0.0196078431372549,0.6153846153846154,0.02531645569620253
205899,454.0,255,19,5,14,9,403.0,15.0,26.0,10.0,0.07450980392156863,0.2631578947368421,0.0196078431372549,0.6428571428571429,0.03722084367245657
2787897,689.0,254,33,4,19,15,613.0,21.0,38.0,17.0,0.12992125984251968,0.12121212121212122,0.015748031496062992,0.7894736842105263,0.03425774877650897
3142427,541.0,254,32,2,9,6,479.0,10.0,36.0,16.0,0.12598425196850394,0.0625,0.007874015748031496,0.6666666666666666,0.020876826722338204
2267553,404.0,254,12,2,3,1,373.0,3.0,17.0,11.0,0.047244094488188976,0.16666666666666666,0.007874015748031496,0.3333333333333333,0.00804289544235925
2219395,457.0,254,24,4,14,9,398.0,14.0,29.0,16.0,0.09448818897637795,0.16666666666666666,0.015748031496062992,0.6428571428571429,0.035175879396984924
2051499,745.0,254,6,2,14,12,692.0,19.0,0.0,34.0,0.023622047244094488,0.3333333333333333,0.007874015748031496,0.8571428571428571,0.02745664739884393
1685432,672.0,254,31,6,42,34,569.0,42.0,41.0,20.0,0.1220472440944882,0.1935483870967742,0.023622047244094488,0.8095238095238095,0.07381370826010544
4307960,563.0,253,39,5,32,26,453.0,35.0,54.0,21.0,0.1541501976284585,0.1282051282051282,0.019762845849802372,0.8125,0.0772626931567329
2232382,638.0,253,25,4,19,15,579.0,20.0,29.0,10.0,0.09881422924901186,0.16,0.015810276679841896,0.7894736842105263,0.03454231433506045
3418507,554.0,253,22,1,14,13,486.0,16.0,37.0,15.0,0.08695652173913043,0.045454545454545456,0.003952569169960474,0.9285714285714286,0.03292181069958848
4596496,410.0,252,12,0,1,1,386.0,1.0,13.0,10.0,0.047619047619047616,0.0,0.0,1.0,0.0025906735751295338
3844851,566.0,252,25,6,24,17,497.0,24.0,27.0,18.0,0.0992063492063492,0.24,0.023809523809523808,0.7083333333333334,0.0482897384305835
1759436,529.0,252,35,2,56,50,373.0,59.0,75.0,22.0,0.1388888888888889,0.05714285714285714,0.007936507936507936,0.8928571428571429,0.1581769436997319
2687765,553.0,252,17,0,1,1,514.0,1.0,22.0,16.0,0.06746031746031746,0.0,0.0,1.0,0.0019455252918287938
1194311,716.0,252,39,5,15,10,631.0,17.0,49.0,19.0,0.15476190476190477,0.1282051282051282,0.01984126984126984,0.6666666666666666,0.02694136291600634
1200699,396.0,251,8,0,0,0,370.0,0.0,8.0,18.0,0.03187250996015936,0.0,0.0,,0.0
4823567,575.0,251,22,6,61,54,478.0,61.0,29.0,7.0,0.08764940239043825,0.2727272727272727,0.02390438247011952,0.8852459016393442,0.12761506276150628
2863982,479.0,251,12,0,13,12,426.0,14.0,20.0,19.0,0.04780876494023904,0.0,0.0,0.9230769230769231,0.03286384976525822
4149925,565.0,251,11,2,4,2,542.0,4.0,12.0,7.0,0.043824701195219126,0.18181818181818182,0.00796812749003984,0.5,0.007380073800738007
1728108,962.0,250,45,13,69,52,807.0,75.0,69.0,11.0,0.18,0.28888888888888886,0.052,0.7536231884057971,0.09293680297397769
1180493,427.0,250,19,1,8,7,378.0,8.0,26.0,15.0,0.076,0.05263157894736842,0.004,0.875,0.021164021164021163
1711850,553.0,250,15,0,3,3,520.0,6.0,16.0,11.0,0.06,0.0,0.0,1.0,0.011538461538461539
1396294,925.0,250,29,6,19,13,862.0,21.0,26.0,16.0,0.116,0.20689655172413793,0.024,0.6842105263157895,0.024361948955916472
3174314,365.0,250,18,1,7,6,315.0,8.0,29.0,13.0,0.072,0.05555555555555555,0.004,0.8571428571428571,0.025396825396825397
2261645,927.0,250,38,10,48,36,811.0,52.0,51.0,13.0,0.152,0.2631578947368421,0.04,0.75,0.06411837237977805
2295453,560.0,250,25,8,29,21,480.0,32.0,25.0,23.0,0.1,0.32,0.032,0.7241379310344828,0.06666666666666667
4960901,613.0,250,23,3,21,18,549.0,26.0,21.0,17.0,0.092,0.13043478260869565,0.012,0.8571428571428571,0.04735883424408015
4511140,720.0,250,35,7,25,18,625.0,27.0,56.0,12.0,0.14,0.2,0.028,0.72,0.0432
578336,605.0,250,39,6,26,19,521.0,27.0,40.0,17.0,0.156,0.15384615384615385,0.024,0.7307692307692307,0.05182341650671785
1310508,769.0,249,53,4,13,8,654.0,13.0,60.0,42.0,0.21285140562248997,0.07547169811320754,0.01606425702811245,0.6153846153846154,0.019877675840978593
210158,998.0,249,33,5,22,17,910.0,24.0,46.0,18.0,0.13253012048192772,0.15151515151515152,0.020080321285140562,0.7727272727272727,0.026373626373626374
4560542,360.0,249,6,1,7,6,335.0,7.0,8.0,10.0,0.024096385542168676,0.16666666666666666,0.004016064257028112,0.8571428571428571,0.020895522388059702
2650009,448.0,249,18,3,22,18,389.0,22.0,28.0,9.0,0.07228915662650602,0.16666666666666666,0.012048192771084338,0.8181818181818182,0.056555269922879174
2477357,1128.0,248,45,8,18,10,988.0,21.0,81.0,38.0,0.1814516129032258,0.17777777777777778,0.03225806451612903,0.5555555555555556,0.02125506072874494
3068234,489.0,248,17,2,26,23,422.0,27.0,34.0,6.0,0.06854838709677419,0.11764705882352941,0.008064516129032258,0.8846153846153846,0.06398104265402843
3202037,436.0,248,16,2,7,4,394.0,7.0,23.0,12.0,0.06451612903225806,0.125,0.008064516129032258,0.5714285714285714,0.017766497461928935
671854,521.0,248,14,3,17,14,474.0,17.0,21.0,9.0,0.056451612903225805,0.21428571428571427,0.012096774193548387,0.8235294117647058,0.035864978902953586
2902064,498.0,247,18,4,11,7,456.0,11.0,27.0,4.0,0.0728744939271255,0.2222222222222222,0.016194331983805668,0.6363636363636364,0.02412280701754386
2043668,660.0,247,28,7,16,9,583.0,18.0,41.0,18.0,0.11336032388663968,0.25,0.02834008097165992,0.5625,0.030874785591766724
341247,788.0,247,37,7,17,10,697.0,17.0,57.0,17.0,0.14979757085020243,0.1891891891891892,0.02834008097165992,0.5882352941176471,0.024390243902439025
3427441,701.0,247,18,2,12,10,656.0,14.0,22.0,9.0,0.0728744939271255,0.1111111111111111,0.008097165991902834,0.8333333333333334,0.021341463414634148
2379547,496.0,247,20,3,9,5,452.0,9.0,25.0,10.0,0.08097165991902834,0.15,0.012145748987854251,0.5555555555555556,0.01991150442477876
2319794,790.0,247,34,7,27,20,707.0,31.0,39.0,13.0,0.13765182186234817,0.20588235294117646,0.02834008097165992,0.7407407407407407,0.04384724186704385
1195469,551.0,247,18,3,21,18,485.0,22.0,32.0,12.0,0.0728744939271255,0.16666666666666666,0.012145748987854251,0.8571428571428571,0.04536082474226804
3816918,535.0,247,27,7,31,24,423.0,33.0,51.0,28.0,0.10931174089068826,0.25925925925925924,0.02834008097165992,0.7741935483870968,0.07801418439716312
1014192,619.0,247,26,2,2,0,575.0,2.0,27.0,15.0,0.10526315789473684,0.07692307692307693,0.008097165991902834,0.0,0.0034782608695652175
2761222,356.0,247,6,0,10,10,326.0,10.0,14.0,6.0,0.024291497975708502,0.0,0.0,1.0,0.03067484662576687
17710,536.0,247,18,1,11,9,485.0,11.0,23.0,17.0,0.0728744939271255,0.05555555555555555,0.004048582995951417,0.8181818181818182,0.02268041237113402
4489615,456.0,247,16,1,20,17,392.0,20.0,33.0,11.0,0.06477732793522267,0.0625,0.004048582995951417,0.85,0.05102040816326531
1008109,472.0,246,22,2,18,15,361.0,22.0,50.0,39.0,0.08943089430894309,0.09090909090909091,0.008130081300813009,0.8333333333333334,0.060941828254847646
4704484,614.0,245,42,15,42,26,483.0,44.0,52.0,35.0,0.17142857142857143,0.35714285714285715,0.061224489795918366,0.6190476190476191,0.09109730848861283
1754291,586.0,245,22,1,19,18,533.0,20.0,30.0,3.0,0.08979591836734693,0.045454545454545456,0.004081632653061225,0.9473684210526315,0.0375234521575985
3105438,757.0,245,48,12,48,36,602.0,49.0,83.0,23.0,0.19591836734693877,0.25,0.04897959183673469,0.75,0.08139534883720931
3962527,601.0,245,23,7,34,26,528.0,35.0,24.0,14.0,0.09387755102040816,0.30434782608695654,0.02857142857142857,0.7647058823529411,0.06628787878787878
1536363,502.0,244,28,6,39,29,390.0,42.0,57.0,13.0,0.11475409836065574,0.21428571428571427,0.02459016393442623,0.7435897435897436,0.1076923076923077
1422404,362.0,244,18,2,7,5,311.0,7.0,29.0,15.0,0.07377049180327869,0.1111111111111111,0.00819672131147541,0.7142857142857143,0.022508038585209004
2281023,424.0,244,21,4,25,20,347.0,27.0,41.0,9.0,0.0860655737704918,0.19047619047619047,0.01639344262295082,0.8,0.07780979827089338
4252759,1054.0,244,33,4,11,7,978.0,13.0,44.0,19.0,0.13524590163934427,0.12121212121212122,0.01639344262295082,0.6363636363636364,0.013292433537832311
4662023,308.0,244,7,0,3,3,288.0,3.0,10.0,7.0,0.028688524590163935,0.0,0.0,1.0,0.010416666666666666
4242495,804.0,244,55,5,26,20,669.0,28.0,71.0,36.0,0.22540983606557377,0.09090909090909091,0.020491803278688523,0.7692307692307693,0.04185351270553064
1860371,372.0,244,6,1,5,3,352.0,6.0,9.0,5.0,0.02459016393442623,0.16666666666666666,0.004098360655737705,0.6,0.017045454545454544
152639,328.0,244,13,1,6,5,296.0,6.0,24.0,2.0,0.05327868852459016,0.07692307692307693,0.004098360655737705,0.8333333333333334,0.02027027027027027
1968315,493.0,243,33,6,20,14,397.0,27.0,51.0,18.0,0.13580246913580246,0.18181818181818182,0.024691358024691357,0.7,0.06801007556675064
428513,630.0,243,34,3,9,6,555.0,10.0,46.0,19.0,0.13991769547325103,0.08823529411764706,0.012345679012345678,0.6666666666666666,0.018018018018018018
2677060,493.0,243,20,3,12,9,435.0,12.0,29.0,17.0,0.0823045267489712,0.15,0.012345679012345678,0.75,0.027586206896551724
976550,888.0,243,26,8,37,29,756.0,57.0,61.0,14.0,0.10699588477366255,0.3076923076923077,0.03292181069958848,0.7837837837837838,0.07539682539682539
2363129,480.0,243,10,2,6,4,457.0,7.0,7.0,9.0,0.0411522633744856,0.2,0.00823045267489712,0.6666666666666666,0.015317286652078774
389948,516.0,242,15,3,14,10,463.0,20.0,21.0,12.0,0.06198347107438017,0.2,0.012396694214876033,0.7142857142857143,0.04319654427645788
3769292,698.0,242,28,7,33,25,611.0,34.0,42.0,11.0,0.11570247933884298,0.25,0.028925619834710745,0.7575757575757576,0.05564648117839607
3725578,321.0,242,3,0,1,1,307.0,1.0,11.0,2.0,0.012396694214876033,0.0,0.0,1.0,0.003257328990228013
2399798,808.0,242,40,5,15,10,721.0,19.0,53.0,15.0,0.1652892561983471,0.125,0.02066115702479339,0.6666666666666666,0.026352288488210817
2802293,411.0,242,13,2,3,1,390.0,4.0,12.0,5.0,0.05371900826446281,0.15384615384615385,0.008264462809917356,0.3333333333333333,0.010256410256410256
5099881,657.0,241,28,5,14,7,583.0,15.0,36.0,23.0,0.11618257261410789,0.17857142857142858,0.02074688796680498,0.5,0.025728987993138937
3212445,622.0,241,26,3,14,11,565.0,14.0,29.0,14.0,0.1078838174273859,0.11538461538461539,0.012448132780082987,0.7857142857142857,0.024778761061946902
4399491,507.0,241,19,3,9,6,454.0,10.0,28.0,15.0,0.07883817427385892,0.15789473684210525,0.012448132780082987,0.6666666666666666,0.022026431718061675
4801635,403.0,241,11,0,2,2,379.0,2.0,19.0,3.0,0.04564315352697095,0.0,0.0,1.0,0.005277044854881266
433130,367.0,240,12,3,12,8,325.0,12.0,20.0,10.0,0.05,0.25,0.0125,0.6666666666666666,0.036923076923076927
1254635,416.0,240,29,3,21,18,324.0,21.0,45.0,26.0,0.12083333333333333,0.10344827586206896,0.0125,0.8571428571428571,0.06481481481481481
883306,987.0,240,55,21,74,53,798.0,95.0,74.0,20.0,0.22916666666666666,0.38181818181818183,0.0875,0.7162162162162162,0.11904761904761904
2939779,550.0,240,30,6,11,5,453.0,11.0,56.0,30.0,0.125,0.2,0.025,0.45454545454545453,0.024282560706401765
182482,426.0,240,25,3,16,13,322.0,16.0,52.0,36.0,0.10416666666666667,0.12,0.0125,0.8125,0.049689440993788817
442567,1010.0,239,25,2,4,2,957.0,5.0,32.0,16.0,0.10460251046025104,0.08,0.008368200836820083,0.5,0.00522466039707419
1393394,428.0,239,15,1,3,2,392.0,3.0,26.0,7.0,0.06276150627615062,0.06666666666666667,0.0041841004184100415,0.6666666666666666,0.007653061224489796
842205,587.0,239,27,3,36,32,496.0,37.0,41.0,13.0,0.11297071129707113,0.1111111111111111,0.012552301255230125,0.8888888888888888,0.07459677419354839
1041861,505.0,239,23,3,24,20,441.0,25.0,28.0,11.0,0.09623430962343096,0.13043478260869565,0.012552301255230125,0.8333333333333334,0.05668934240362812
914596,601.0,238,27,7,26,19,528.0,28.0,30.0,15.0,0.1134453781512605,0.25925925925925924,0.029411764705882353,0.7307692307692307,0.05303030303030303
1516361,811.0,238,29,6,12,6,729.0,12.0,31.0,39.0,0.12184873949579832,0.20689655172413793,0.025210084033613446,0.5,0.01646090534979424
2674605,601.0,238,33,6,37,29,484.0,40.0,58.0,19.0,0.13865546218487396,0.18181818181818182,0.025210084033613446,0.7837837837837838,0.08264462809917356
3084091,581.0,238,31,12,27,15,484.0,32.0,48.0,17.0,0.13025210084033614,0.3870967741935484,0.05042016806722689,0.5555555555555556,0.06611570247933884
4992952,572.0,237,32,7,65,56,421.0,67.0,60.0,24.0,0.1350210970464135,0.21875,0.029535864978902954,0.8615384615384616,0.15914489311163896
1472127,634.0,237,30,3,13,10,568.0,14.0,33.0,19.0,0.12658227848101267,0.1,0.012658227848101266,0.7692307692307693,0.02464788732394366
795297,373.0,237,19,2,5,3,314.0,5.0,25.0,29.0,0.08016877637130802,0.10526315789473684,0.008438818565400843,0.6,0.01592356687898089
2516799,434.0,237,11,2,11,9,395.0,17.0,14.0,8.0,0.046413502109704644,0.18181818181818182,0.008438818565400843,0.8181818181818182,0.043037974683544304
2773419,571.0,236,25,3,20,17,493.0,20.0,43.0,15.0,0.1059322033898305,0.12,0.012711864406779662,0.85,0.04056795131845842
937184,668.0,236,40,3,8,4,570.0,11.0,57.0,30.0,0.1694915254237288,0.075,0.012711864406779662,0.5,0.01929824561403509
2460565,547.0,236,7,2,176,174,350.0,186.0,0.0,11.0,0.029661016949152543,0.2857142857142857,0.00847457627118644,0.9886363636363636,0.5314285714285715
1753262,888.0,236,57,14,37,22,750.0,38.0,60.0,40.0,0.24152542372881355,0.24561403508771928,0.059322033898305086,0.5945945945945946,0.050666666666666665
4693580,463.0,236,21,1,14,13,404.0,16.0,27.0,16.0,0.08898305084745763,0.047619047619047616,0.00423728813559322,0.9285714285714286,0.039603960396039604
1838064,401.0,235,10,1,5,4,373.0,5.0,10.0,13.0,0.0425531914893617,0.1,0.00425531914893617,0.8,0.013404825737265416
5047710,250.0,235,2,1,1,0,246.0,1.0,2.0,1.0,0.00851063829787234,0.5,0.00425531914893617,0.0,0.0040650406504065045
3508256,554.0,235,29,7,28,19,458.0,30.0,45.0,21.0,0.12340425531914893,0.2413793103448276,0.029787234042553193,0.6785714285714286,0.06550218340611354
4396276,576.0,235,29,5,46,41,462.0,53.0,47.0,14.0,0.12340425531914893,0.1724137931034483,0.02127659574468085,0.8913043478260869,0.11471861471861472
2799848,383.0,235,6,0,3,3,369.0,3.0,4.0,7.0,0.02553191489361702,0.0,0.0,1.0,0.008130081300813009
145388,486.0,234,30,2,19,16,412.0,21.0,40.0,13.0,0.1282051282051282,0.06666666666666667,0.008547008547008548,0.8421052631578947,0.050970873786407765
343112,558.0,234,20,1,9,7,503.0,10.0,26.0,19.0,0.08547008547008547,0.05,0.004273504273504274,0.7777777777777778,0.019880715705765408
1561839,544.0,234,20,1,1,0,508.0,1.0,29.0,6.0,0.08547008547008547,0.05,0.004273504273504274,0.0,0.001968503937007874
2021738,545.0,234,21,3,6,3,497.0,8.0,20.0,20.0,0.08974358974358974,0.14285714285714285,0.01282051282051282,0.5,0.01609657947686117
748392,585.0,233,31,5,12,7,517.0,12.0,31.0,25.0,0.13304721030042918,0.16129032258064516,0.02145922746781116,0.5833333333333334,0.02321083172147002
1960523,789.0,233,35,7,31,24,696.0,32.0,38.0,23.0,0.15021459227467812,0.2,0.030042918454935622,0.7741935483870968,0.04597701149425287
3031312,1174.0,233,29,2,8,5,1101.0,8.0,34.0,31.0,0.12446351931330472,0.06896551724137931,0.008583690987124463,0.625,0.007266121707538601
4390513,673.0,233,30,4,16,10,593.0,18.0,40.0,22.0,0.12875536480686695,0.13333333333333333,0.017167381974248927,0.625,0.03035413153456998
4776096,503.0,232,13,5,48,43,427.0,59.0,10.0,7.0,0.05603448275862069,0.38461538461538464,0.021551724137931036,0.8958333333333334,0.13817330210772832
2100690,345.0,232,10,2,6,4,310.0,7.0,20.0,8.0,0.04310344827586207,0.2,0.008620689655172414,0.6666666666666666,0.02258064516129032
3087839,514.0,232,27,5,18,13,449.0,20.0,28.0,17.0,0.11637931034482758,0.18518518518518517,0.021551724137931036,0.7222222222222222,0.044543429844097995
4218149,547.0,232,20,0,0,0,513.0,0.0,17.0,17.0,0.08620689655172414,0.0,0.0,,0.0
1987882,618.0,232,30,9,44,34,519.0,51.0,42.0,6.0,0.12931034482758622,0.3,0.03879310344827586,0.7727272727272727,0.09826589595375723
1791252,314.0,232,6,1,2,1,305.0,2.0,3.0,4.0,0.02586206896551724,0.16666666666666666,0.004310344827586207,0.5,0.006557377049180328
3722349,299.0,232,6,0,0,0,286.0,0.0,5.0,8.0,0.02586206896551724,0.0,0.0,,0.0
4864746,552.0,232,33,2,18,16,431.0,20.0,50.0,51.0,0.14224137931034483,0.06060606060606061,0.008620689655172414,0.8888888888888888,0.04640371229698376
317587,592.0,231,13,0,2,1,562.0,2.0,17.0,11.0,0.05627705627705628,0.0,0.0,0.5,0.0035587188612099642
2992415,472.0,230,21,1,24,23,413.0,26.0,24.0,9.0,0.09130434782608696,0.047619047619047616,0.004347826086956522,0.9583333333333334,0.06295399515738499
176011,514.0,230,17,2,10,8,472.0,11.0,19.0,12.0,0.07391304347826087,0.11764705882352941,0.008695652173913044,0.8,0.023305084745762712
702162,322.0,230,4,0,2,1,307.0,2.0,8.0,5.0,0.017391304347826087,0.0,0.0,0.5,0.006514657980456026
4290971,538.0,230,14,5,11,6,496.0,11.0,19.0,12.0,0.06086956521739131,0.35714285714285715,0.021739130434782608,0.5454545454545454,0.02217741935483871
1055496,629.0,230,30,5,27,21,545.0,32.0,37.0,15.0,0.13043478260869565,0.16666666666666666,0.021739130434782608,0.7777777777777778,0.05871559633027523
3131525,436.0,229,5,0,1,1,422.0,1.0,11.0,2.0,0.021834061135371178,0.0,0.0,1.0,0.002369668246445498
9874,477.0,229,25,4,25,21,398.0,28.0,34.0,17.0,0.1091703056768559,0.16,0.017467248908296942,0.84,0.07035175879396985
4770150,473.0,229,17,3,5,2,444.0,5.0,19.0,5.0,0.07423580786026202,0.17647058823529413,0.013100436681222707,0.4,0.01126126126126126
3314621,539.0,229,23,6,18,11,472.0,20.0,25.0,22.0,0.10043668122270742,0.2608695652173913,0.026200873362445413,0.6111111111111112,0.0423728813559322
1414261,789.0,228,26,5,20,14,706.0,24.0,39.0,20.0,0.11403508771929824,0.19230769230769232,0.021929824561403508,0.7,0.0339943342776204
1314215,348.0,228,10,0,7,7,324.0,7.0,14.0,3.0,0.043859649122807015,0.0,0.0,1.0,0.021604938271604937
1702673,485.0,227,24,6,44,37,375.0,50.0,47.0,13.0,0.10572687224669604,0.25,0.02643171806167401,0.8409090909090909,0.13333333333333333
4188413,289.0,227,4,0,0,0,265.0,0.0,14.0,10.0,0.01762114537444934,0.0,0.0,,0.0
3009451,331.0,227,12,0,0,0,308.0,0.0,16.0,7.0,0.05286343612334802,0.0,0.0,,0.0
587452,715.0,227,25,3,6,2,661.0,6.0,29.0,19.0,0.11013215859030837,0.12,0.013215859030837005,0.3333333333333333,0.009077155824508321
3593720,418.0,227,16,1,4,3,383.0,4.0,18.0,13.0,0.07048458149779736,0.0625,0.004405286343612335,0.75,0.010443864229765013
1598538,378.0,226,15,3,12,9,328.0,14.0,25.0,11.0,0.06637168141592921,0.2,0.01327433628318584,0.75,0.042682926829268296
3075153,580.0,226,38,6,31,24,489.0,33.0,46.0,12.0,0.168141592920354,0.15789473684210525,0.02654867256637168,0.7741935483870968,0.06748466257668712
1175096,444.0,226,20,5,24,18,378.0,25.0,24.0,17.0,0.08849557522123894,0.25,0.022123893805309734,0.75,0.06613756613756613
713342,596.0,225,17,2,21,19,545.0,24.0,21.0,6.0,0.07555555555555556,0.11764705882352941,0.008888888888888889,0.9047619047619048,0.044036697247706424
4732548,331.0,225,4,0,2,2,319.0,2.0,4.0,6.0,0.017777777777777778,0.0,0.0,1.0,0.006269592476489028
5055329,630.0,225,23,2,8,6,582.0,8.0,25.0,15.0,0.10222222222222223,0.08695652173913043,0.008888888888888889,0.75,0.013745704467353952
1494177,374.0,225,19,2,10,8,328.0,10.0,24.0,12.0,0.08444444444444445,0.10526315789473684,0.008888888888888889,0.8,0.03048780487804878
2062378,526.0,225,26,4,19,13,444.0,23.0,43.0,16.0,0.11555555555555555,0.15384615384615385,0.017777777777777778,0.6842105263157895,0.0518018018018018
3312216,385.0,225,22,0,1,1,351.0,1.0,14.0,19.0,0.09777777777777778,0.0,0.0,1.0,0.002849002849002849
3025028,621.0,225,30,13,54,40,496.0,60.0,42.0,23.0,0.13333333333333333,0.43333333333333335,0.057777777777777775,0.7407407407407407,0.12096774193548387
4755134,663.0,225,33,4,15,10,587.0,15.0,36.0,25.0,0.14666666666666667,0.12121212121212122,0.017777777777777778,0.6666666666666666,0.02555366269165247
818120,502.0,225,17,1,4,3,474.0,4.0,14.0,10.0,0.07555555555555556,0.058823529411764705,0.0044444444444444444,0.75,0.008438818565400843
4762296,301.0,224,8,0,0,0,277.0,0.0,5.0,19.0,0.03571428571428571,0.0,0.0,,0.0
5099341,430.0,224,13,2,6,4,406.0,6.0,15.0,3.0,0.05803571428571429,0.15384615384615385,0.008928571428571428,0.6666666666666666,0.014778325123152709
4301074,506.0,224,14,1,2,1,478.0,3.0,11.0,14.0,0.0625,0.07142857142857142,0.004464285714285714,0.5,0.006276150627615063
1934059,438.0,224,20,3,15,10,387.0,17.0,24.0,10.0,0.08928571428571429,0.15,0.013392857142857142,0.6666666666666666,0.04392764857881137
4221401,453.0,223,23,4,11,6,387.0,12.0,32.0,22.0,0.1031390134529148,0.17391304347826086,0.017937219730941704,0.5454545454545454,0.031007751937984496
4279684,456.0,223,22,0,7,7,395.0,7.0,34.0,20.0,0.09865470852017937,0.0,0.0,1.0,0.017721518987341773
801865,637.0,223,23,3,6,3,592.0,7.0,24.0,14.0,0.1031390134529148,0.13043478260869565,0.013452914798206279,0.5,0.011824324324324325
2283708,749.0,223,26,5,12,7,677.0,14.0,39.0,19.0,0.11659192825112108,0.19230769230769232,0.02242152466367713,0.5833333333333334,0.0206794682422452
4328342,1085.0,223,34,12,54,40,969.0,59.0,45.0,12.0,0.15246636771300448,0.35294117647058826,0.053811659192825115,0.7407407407407407,0.0608875128998968
1280805,347.0,223,13,1,2,1,318.0,2.0,11.0,16.0,0.05829596412556054,0.07692307692307693,0.004484304932735426,0.5,0.006289308176100629
102610,318.0,222,0,0,3,3,305.0,4.0,9.0,0.0,0.0,,0.0,1.0,0.013114754098360656
599327,425.0,222,9,1,10,9,394.0,10.0,10.0,11.0,0.04054054054054054,0.1111111111111111,0.0045045045045045045,0.9,0.025380710659898477
837488,646.0,221,20,10,24,14,571.0,27.0,28.0,20.0,0.09049773755656108,0.5,0.04524886877828054,0.5833333333333334,0.047285464098073555
2769887,865.0,221,28,1,19,17,784.0,20.0,37.0,24.0,0.12669683257918551,0.03571428571428571,0.004524886877828055,0.8947368421052632,0.025510204081632654
3473739,606.0,221,26,1,12,10,546.0,12.0,41.0,7.0,0.11764705882352941,0.038461538461538464,0.004524886877828055,0.8333333333333334,0.02197802197802198
4286417,643.0,221,29,8,28,20,560.0,30.0,37.0,16.0,0.13122171945701358,0.27586206896551724,0.03619909502262444,0.7142857142857143,0.05357142857142857
2526478,430.0,221,21,3,12,9,371.0,14.0,36.0,9.0,0.09502262443438914,0.14285714285714285,0.013574660633484163,0.75,0.03773584905660377
1518771,529.0,220,31,8,12,4,450.0,13.0,33.0,33.0,0.1409090909090909,0.25806451612903225,0.03636363636363636,0.3333333333333333,0.028888888888888888
3959269,714.0,220,34,3,7,4,662.0,8.0,28.0,16.0,0.15454545454545454,0.08823529411764706,0.013636363636363636,0.5714285714285714,0.012084592145015106
211402,398.0,220,14,3,22,19,336.0,24.0,29.0,9.0,0.06363636363636363,0.21428571428571427,0.013636363636363636,0.8636363636363636,0.07142857142857142
3284512,353.0,220,7,0,1,1,334.0,1.0,12.0,6.0,0.031818181818181815,0.0,0.0,1.0,0.0029940119760479044
5064168,705.0,220,28,3,15,12,646.0,15.0,25.0,19.0,0.12727272727272726,0.10714285714285714,0.013636363636363636,0.8,0.02321981424148607
4332385,408.0,220,14,1,6,5,366.0,7.0,22.0,13.0,0.06363636363636363,0.07142857142857142,0.004545454545454545,0.8333333333333334,0.01912568306010929
757249,397.0,219,19,4,19,14,331.0,21.0,34.0,11.0,0.0867579908675799,0.21052631578947367,0.0182648401826484,0.7368421052631579,0.0634441087613293
1701543,392.0,219,14,1,3,2,368.0,3.0,9.0,12.0,0.0639269406392694,0.07142857142857142,0.0045662100456621,0.6666666666666666,0.008152173913043478
1283080,539.0,219,27,4,19,13,451.0,25.0,48.0,15.0,0.1232876712328767,0.14814814814814814,0.0182648401826484,0.6842105263157895,0.05543237250554324
4427946,294.0,219,9,1,5,4,266.0,5.0,17.0,6.0,0.0410958904109589,0.1111111111111111,0.0045662100456621,0.8,0.018796992481203006
1330074,461.0,219,26,7,23,13,386.0,25.0,35.0,15.0,0.1187214611872146,0.2692307692307692,0.0319634703196347,0.5652173913043478,0.06476683937823834
4177487,388.0,218,12,1,5,4,355.0,6.0,11.0,16.0,0.05504587155963303,0.08333333333333333,0.0045871559633027525,0.8,0.016901408450704224
4859530,379.0,218,21,7,25,13,292.0,28.0,47.0,12.0,0.0963302752293578,0.3333333333333333,0.03211009174311927,0.52,0.0958904109589041
2288919,412.0,218,25,8,14,6,345.0,15.0,38.0,14.0,0.11467889908256881,0.32,0.03669724770642202,0.42857142857142855,0.043478260869565216
2611262,374.0,218,23,4,24,16,285.0,25.0,49.0,15.0,0.10550458715596331,0.17391304347826086,0.01834862385321101,0.6666666666666666,0.08771929824561403
3272095,285.0,218,3,1,5,3,261.0,6.0,12.0,6.0,0.013761467889908258,0.3333333333333333,0.0045871559633027525,0.6,0.022988505747126436
2839880,362.0,218,5,0,1,1,356.0,1.0,0.0,5.0,0.022935779816513763,0.0,0.0,1.0,0.0028089887640449437
1074900,273.0,218,5,0,0,0,258.0,0.0,7.0,8.0,0.022935779816513763,0.0,0.0,,0.0
2127597,736.0,218,32,7,20,13,638.0,28.0,50.0,20.0,0.14678899082568808,0.21875,0.03211009174311927,0.65,0.0438871473354232
3781293,451.0,218,12,0,10,10,409.0,10.0,18.0,14.0,0.05504587155963303,0.0,0.0,1.0,0.02444987775061125
2550403,652.0,217,1,0,35,35,605.0,45.0,0.0,2.0,0.004608294930875576,0.0,0.0,1.0,0.0743801652892562
3092004,466.0,217,19,6,17,11,421.0,17.0,22.0,6.0,0.08755760368663594,0.3157894736842105,0.027649769585253458,0.6470588235294118,0.040380047505938245
1120543,707.0,217,21,3,9,6,650.0,10.0,20.0,27.0,0.0967741935483871,0.14285714285714285,0.013824884792626729,0.6666666666666666,0.015384615384615385
2699338,542.0,217,25,3,39,36,455.0,39.0,40.0,8.0,0.1152073732718894,0.12,0.013824884792626729,0.9230769230769231,0.08571428571428572
4791623,321.0,217,4,1,8,7,282.0,9.0,20.0,10.0,0.018433179723502304,0.25,0.004608294930875576,0.875,0.031914893617021274
2183707,496.0,217,32,4,25,21,411.0,28.0,43.0,14.0,0.14746543778801843,0.125,0.018433179723502304,0.84,0.0681265206812652
4631177,405.0,217,20,1,4,3,351.0,4.0,28.0,22.0,0.09216589861751152,0.05,0.004608294930875576,0.75,0.011396011396011397
2200766,626.0,217,31,1,13,12,543.0,14.0,48.0,21.0,0.14285714285714285,0.03225806451612903,0.004608294930875576,0.9230769230769231,0.02578268876611418
4132179,573.0,216,23,5,17,11,503.0,21.0,35.0,14.0,0.10648148148148148,0.21739130434782608,0.023148148148148147,0.6470588235294118,0.041749502982107355
1973380,629.0,216,32,4,27,23,544.0,29.0,36.0,20.0,0.14814814814814814,0.125,0.018518518518518517,0.8518518518518519,0.05330882352941176
3164069,653.0,216,30,2,65,63,524.0,69.0,51.0,9.0,0.1388888888888889,0.06666666666666667,0.009259259259259259,0.9692307692307692,0.1316793893129771
4269526,368.0,216,8,3,35,28,278.0,48.0,37.0,5.0,0.037037037037037035,0.375,0.013888888888888888,0.8,0.17266187050359713
2768009,358.0,216,22,1,5,4,312.0,6.0,18.0,22.0,0.10185185185185185,0.045454545454545456,0.004629629629629629,0.8,0.019230769230769232
2814273,332.0,216,11,0,13,13,287.0,14.0,10.0,21.0,0.05092592592592592,0.0,0.0,1.0,0.04878048780487805
2065526,419.0,216,16,4,12,7,370.0,13.0,22.0,14.0,0.07407407407407407,0.25,0.018518518518518517,0.5833333333333334,0.03513513513513514
3018880,433.0,215,21,5,14,8,370.0,16.0,40.0,7.0,0.09767441860465116,0.23809523809523808,0.023255813953488372,0.5714285714285714,0.043243243243243246
3340592,532.0,215,32,7,27,20,459.0,28.0,30.0,15.0,0.14883720930232558,0.21875,0.03255813953488372,0.7407407407407407,0.06100217864923747
3745602,627.0,215,28,8,35,27,538.0,37.0,38.0,14.0,0.13023255813953488,0.2857142857142857,0.037209302325581395,0.7714285714285715,0.0687732342007435
515708,351.0,215,18,0,14,14,274.0,14.0,37.0,26.0,0.08372093023255814,0.0,0.0,1.0,0.051094890510948905
311650,704.0,215,19,3,10,7,662.0,12.0,21.0,9.0,0.08837209302325581,0.15789473684210525,0.013953488372093023,0.7,0.01812688821752266
3460047,959.0,215,39,6,23,17,826.0,32.0,70.0,31.0,0.1813953488372093,0.15384615384615385,0.027906976744186046,0.7391304347826086,0.0387409200968523
2101042,501.0,215,16,4,11,7,458.0,12.0,25.0,6.0,0.07441860465116279,0.25,0.018604651162790697,0.6363636363636364,0.026200873362445413
3577268,543.0,215,18,3,11,8,490.0,11.0,27.0,15.0,0.08372093023255814,0.16666666666666666,0.013953488372093023,0.7272727272727273,0.022448979591836733
3222457,357.0,214,1,0,11,11,342.0,12.0,0.0,3.0,0.004672897196261682,0.0,0.0,1.0,0.03508771929824561
1009667,576.0,214,29,7,23,16,488.0,27.0,42.0,19.0,0.13551401869158877,0.2413793103448276,0.03271028037383177,0.6956521739130435,0.055327868852459015
3921179,352.0,214,16,2,3,1,315.0,4.0,22.0,11.0,0.07476635514018691,0.125,0.009345794392523364,0.3333333333333333,0.012698412698412698
4645521,462.0,214,15,1,7,6,401.0,7.0,40.0,14.0,0.07009345794392523,0.06666666666666667,0.004672897196261682,0.8571428571428571,0.017456359102244388
392182,606.0,214,28,5,16,9,532.0,16.0,32.0,26.0,0.1308411214953271,0.17857142857142858,0.02336448598130841,0.5625,0.03007518796992481
3103948,279.0,214,8,0,5,4,248.0,5.0,13.0,13.0,0.037383177570093455,0.0,0.0,0.8,0.020161290322580645
1471680,397.0,214,13,1,21,19,351.0,24.0,15.0,7.0,0.06074766355140187,0.07692307692307693,0.004672897196261682,0.9047619047619048,0.06837606837606838
4170025,654.0,214,44,4,19,14,545.0,20.0,51.0,38.0,0.205607476635514,0.09090909090909091,0.018691588785046728,0.7368421052631579,0.03669724770642202
219625,350.0,213,13,3,12,9,302.0,18.0,25.0,5.0,0.06103286384976526,0.23076923076923078,0.014084507042253521,0.75,0.059602649006622516
323198,418.0,213,25,2,22,20,339.0,24.0,40.0,15.0,0.11737089201877934,0.08,0.009389671361502348,0.9090909090909091,0.07079646017699115
2589085,660.0,213,16,4,9,5,617.0,13.0,22.0,8.0,0.07511737089201878,0.25,0.018779342723004695,0.5555555555555556,0.02106969205834684
281302,473.0,213,16,2,20,15,422.0,20.0,21.0,10.0,0.07511737089201878,0.125,0.009389671361502348,0.75,0.04739336492890995
300463,394.0,213,24,1,4,3,328.0,6.0,24.0,36.0,0.11267605633802817,0.041666666666666664,0.004694835680751174,0.75,0.018292682926829267
2144044,297.0,213,3,1,3,2,275.0,3.0,10.0,9.0,0.014084507042253521,0.3333333333333333,0.004694835680751174,0.6666666666666666,0.01090909090909091
3606606,696.0,213,27,2,29,26,615.0,31.0,41.0,9.0,0.1267605633802817,0.07407407407407407,0.009389671361502348,0.896551724137931,0.05040650406504065
83079,501.0,213,14,2,11,9,457.0,11.0,20.0,13.0,0.06572769953051644,0.14285714285714285,0.009389671361502348,0.8181818181818182,0.024070021881838075
3415438,563.0,212,29,7,35,26,470.0,37.0,45.0,11.0,0.13679245283018868,0.2413793103448276,0.0330188679245283,0.7428571428571429,0.07872340425531915
4495588,605.0,212,23,5,30,25,526.0,31.0,29.0,19.0,0.10849056603773585,0.21739130434782608,0.02358490566037736,0.8333333333333334,0.058935361216730035
2446427,471.0,212,30,6,40,32,337.0,42.0,68.0,24.0,0.14150943396226415,0.2,0.02830188679245283,0.8,0.12462908011869436
887729,337.0,212,18,1,16,13,272.0,17.0,36.0,12.0,0.08490566037735849,0.05555555555555555,0.0047169811320754715,0.8125,0.0625
3710622,356.0,212,12,0,2,2,321.0,2.0,13.0,20.0,0.05660377358490566,0.0,0.0,1.0,0.006230529595015576
1735933,374.0,212,17,1,9,8,309.0,9.0,33.0,23.0,0.08018867924528301,0.058823529411764705,0.0047169811320754715,0.8888888888888888,0.02912621359223301
1528609,322.0,211,23,2,7,5,270.0,7.0,30.0,15.0,0.10900473933649289,0.08695652173913043,0.009478672985781991,0.7142857142857143,0.025925925925925925
1076837,823.0,211,24,2,7,5,756.0,7.0,42.0,18.0,0.11374407582938388,0.08333333333333333,0.009478672985781991,0.7142857142857143,0.009259259259259259
3358142,865.0,211,39,1,8,7,779.0,9.0,52.0,25.0,0.1848341232227488,0.02564102564102564,0.004739336492890996,0.875,0.011553273427471117
153248,243.0,211,2,0,1,1,237.0,1.0,0.0,5.0,0.009478672985781991,0.0,0.0,1.0,0.004219409282700422
3114694,512.0,211,21,5,24,18,442.0,25.0,31.0,14.0,0.0995260663507109,0.23809523809523808,0.023696682464454975,0.75,0.05656108597285068
4767457,458.0,211,19,4,39,33,354.0,51.0,45.0,8.0,0.09004739336492891,0.21052631578947367,0.018957345971563982,0.8461538461538461,0.1440677966101695
5005165,530.0,211,15,0,3,3,493.0,3.0,16.0,18.0,0.07109004739336493,0.0,0.0,1.0,0.006085192697768763
1478169,476.0,211,39,3,11,8,390.0,12.0,53.0,21.0,0.1848341232227488,0.07692307692307693,0.014218009478672985,0.7272727272727273,0.03076923076923077
2277896,490.0,210,19,2,3,1,444.0,4.0,24.0,18.0,0.09047619047619047,0.10526315789473684,0.009523809523809525,0.3333333333333333,0.009009009009009009
3510379,446.0,210,33,4,14,10,363.0,14.0,50.0,19.0,0.15714285714285714,0.12121212121212122,0.01904761904761905,0.7142857142857143,0.03856749311294766
1881274,635.0,210,27,6,24,16,544.0,29.0,47.0,15.0,0.12857142857142856,0.2222222222222222,0.02857142857142857,0.6666666666666666,0.05330882352941176
3558290,555.0,210,28,7,22,12,475.0,28.0,39.0,13.0,0.13333333333333333,0.25,0.03333333333333333,0.5454545454545454,0.05894736842105263
1695915,452.0,210,26,0,5,5,396.0,5.0,34.0,17.0,0.12380952380952381,0.0,0.0,1.0,0.012626262626262626
3488278,736.0,210,42,14,57,41,594.0,63.0,67.0,12.0,0.2,0.3333333333333333,0.06666666666666667,0.7192982456140351,0.10606060606060606
1261236,433.0,209,7,1,11,10,410.0,12.0,9.0,2.0,0.03349282296650718,0.14285714285714285,0.004784688995215311,0.9090909090909091,0.02926829268292683
3624267,546.0,209,22,2,15,11,471.0,19.0,35.0,21.0,0.10526315789473684,0.09090909090909091,0.009569377990430622,0.7333333333333333,0.040339702760084924
4268427,941.0,209,50,15,42,26,770.0,46.0,73.0,52.0,0.23923444976076555,0.3,0.07177033492822966,0.6190476190476191,0.05974025974025974
2990975,552.0,209,30,5,24,19,468.0,27.0,36.0,21.0,0.14354066985645933,0.16666666666666666,0.023923444976076555,0.7916666666666666,0.057692307692307696
1506691,748.0,209,38,12,25,13,653.0,31.0,50.0,14.0,0.18181818181818182,0.3157894736842105,0.05741626794258373,0.52,0.04747320061255743
1023232,353.0,208,10,1,2,1,334.0,2.0,6.0,11.0,0.04807692307692308,0.1,0.004807692307692308,0.5,0.005988023952095809
1029306,624.0,208,35,12,70,57,480.0,75.0,63.0,6.0,0.16826923076923078,0.34285714285714286,0.057692307692307696,0.8142857142857143,0.15625
2145811,576.0,208,19,4,12,8,518.0,21.0,28.0,9.0,0.09134615384615384,0.21052631578947367,0.019230769230769232,0.6666666666666666,0.04054054054054054
4074845,392.0,208,9,1,2,1,366.0,2.0,14.0,10.0,0.04326923076923077,0.1111111111111111,0.004807692307692308,0.5,0.00546448087431694
354256,360.0,208,12,2,8,6,321.0,9.0,25.0,5.0,0.057692307692307696,0.16666666666666666,0.009615384615384616,0.75,0.028037383177570093
1326100,301.0,207,14,0,0,0,276.0,0.0,20.0,5.0,0.06763285024154589,0.0,0.0,,0.0
1414652,655.0,207,30,9,25,16,580.0,26.0,27.0,22.0,0.14492753623188406,0.3,0.043478260869565216,0.64,0.04482758620689655
5134471,637.0,207,32,12,50,37,532.0,53.0,39.0,13.0,0.15458937198067632,0.375,0.057971014492753624,0.74,0.09962406015037593
1494023,674.0,206,39,8,28,20,572.0,30.0,59.0,13.0,0.18932038834951456,0.20512820512820512,0.038834951456310676,0.7142857142857143,0.05244755244755245
2198870,513.0,206,10,0,13,13,481.0,13.0,10.0,9.0,0.04854368932038835,0.0,0.0,1.0,0.02702702702702703
168173,264.0,206,5,0,4,4,228.0,4.0,21.0,11.0,0.024271844660194174,0.0,0.0,1.0,0.017543859649122806
120493,367.0,206,14,1,9,7,329.0,9.0,19.0,10.0,0.06796116504854369,0.07142857142857142,0.0048543689320388345,0.7777777777777778,0.02735562310030395
3854855,508.0,206,19,5,10,5,459.0,12.0,23.0,14.0,0.09223300970873786,0.2631578947368421,0.024271844660194174,0.5,0.026143790849673203
3545363,320.0,206,9,1,5,4,300.0,5.0,12.0,3.0,0.043689320388349516,0.1111111111111111,0.0048543689320388345,0.8,0.016666666666666666
1555304,370.0,206,15,2,6,4,343.0,6.0,13.0,8.0,0.07281553398058252,0.13333333333333333,0.009708737864077669,0.6666666666666666,0.01749271137026239
2587213,629.0,206,15,2,6,4,576.0,6.0,21.0,26.0,0.07281553398058252,0.13333333333333333,0.009708737864077669,0.6666666666666666,0.010416666666666666
3184322,362.0,205,22,2,9,7,305.0,10.0,31.0,16.0,0.1073170731707317,0.09090909090909091,0.00975609756097561,0.7777777777777778,0.03278688524590164
1143882,313.0,205,20,0,2,2,269.0,3.0,13.0,28.0,0.0975609756097561,0.0,0.0,1.0,0.011152416356877323
2700376,722.0,205,24,2,9,7,677.0,9.0,21.0,15.0,0.11707317073170732,0.08333333333333333,0.00975609756097561,0.7777777777777778,0.013293943870014771
850104,625.0,205,25,8,34,25,541.0,39.0,29.0,16.0,0.12195121951219512,0.32,0.03902439024390244,0.7352941176470589,0.07208872458410351
4174317,439.0,205,35,5,13,7,340.0,14.0,48.0,37.0,0.17073170731707318,0.14285714285714285,0.024390243902439025,0.5384615384615384,0.041176470588235294
1124123,409.0,205,13,2,9,6,367.0,10.0,22.0,10.0,0.06341463414634146,0.15384615384615385,0.00975609756097561,0.6666666666666666,0.027247956403269755
2807166,467.0,204,17,3,6,3,432.0,11.0,21.0,3.0,0.08333333333333333,0.17647058823529413,0.014705882352941176,0.5,0.02546296296296296
3998373,616.0,204,34,5,19,13,522.0,19.0,52.0,23.0,0.16666666666666666,0.14705882352941177,0.024509803921568627,0.6842105263157895,0.03639846743295019
2586887,639.0,204,28,8,28,18,560.0,31.0,37.0,11.0,0.13725490196078433,0.2857142857142857,0.0392156862745098,0.6428571428571429,0.055357142857142855
1527667,354.0,204,14,2,6,3,316.0,6.0,19.0,13.0,0.06862745098039216,0.14285714285714285,0.00980392156862745,0.5,0.0189873417721519
2227283,327.0,204,14,1,22,20,270.0,23.0,26.0,8.0,0.06862745098039216,0.07142857142857142,0.004901960784313725,0.9090909090909091,0.08518518518518518
3262735,432.0,204,19,1,8,7,365.0,8.0,27.0,32.0,0.09313725490196079,0.05263157894736842,0.004901960784313725,0.875,0.021917808219178082
414935,583.0,204,16,1,7,6,553.0,7.0,12.0,11.0,0.0784313725490196,0.0625,0.004901960784313725,0.8571428571428571,0.012658227848101266
1113655,520.0,203,21,2,9,7,472.0,14.0,23.0,11.0,0.10344827586206896,0.09523809523809523,0.009852216748768473,0.7777777777777778,0.029661016949152543
4245823,596.0,203,23,3,15,11,535.0,17.0,30.0,14.0,0.11330049261083744,0.13043478260869565,0.014778325123152709,0.7333333333333333,0.03177570093457944
4149628,457.0,203,6,0,5,5,441.0,5.0,4.0,7.0,0.029556650246305417,0.0,0.0,1.0,0.011337868480725623
4337219,731.0,203,21,5,22,17,655.0,33.0,27.0,16.0,0.10344827586206896,0.23809523809523808,0.024630541871921183,0.7727272727272727,0.050381679389312976
1231740,297.0,203,3,1,6,5,281.0,6.0,5.0,5.0,0.014778325123152709,0.3333333333333333,0.0049261083743842365,0.8333333333333334,0.021352313167259787
784055,700.0,202,31,5,26,21,617.0,27.0,37.0,19.0,0.15346534653465346,0.16129032258064516,0.024752475247524754,0.8076923076923077,0.04376012965964344
3645611,737.0,202,32,3,17,14,656.0,19.0,32.0,30.0,0.15841584158415842,0.09375,0.01485148514851485,0.8235294117647058,0.028963414634146343
4501214,296.0,202,10,0,3,3,275.0,3.0,12.0,6.0,0.04950495049504951,0.0,0.0,1.0,0.01090909090909091
2318100,267.0,202,8,0,4,4,236.0,4.0,14.0,13.0,0.039603960396039604,0.0,0.0,1.0,0.01694915254237288
2044695,665.0,202,32,5,24,19,580.0,25.0,38.0,22.0,0.15841584158415842,0.15625,0.024752475247524754,0.7916666666666666,0.04310344827586207
4767956,359.0,202,14,0,2,2,320.0,2.0,20.0,17.0,0.06930693069306931,0.0,0.0,1.0,0.00625
524690,375.0,202,4,0,2,1,363.0,2.0,5.0,5.0,0.019801980198019802,0.0,0.0,0.5,0.005509641873278237
2961228,332.0,201,8,0,0,0,319.0,0.0,5.0,8.0,0.03980099502487562,0.0,0.0,,0.0
4066565,454.0,201,21,3,16,13,395.0,17.0,26.0,16.0,0.1044776119402985,0.14285714285714285,0.014925373134328358,0.8125,0.043037974683544304
69317,358.0,201,17,3,13,10,297.0,13.0,27.0,21.0,0.0845771144278607,0.17647058823529413,0.014925373134328358,0.7692307692307693,0.04377104377104377
1289154,410.0,201,27,2,15,12,345.0,16.0,34.0,15.0,0.13432835820895522,0.07407407407407407,0.009950248756218905,0.8,0.0463768115942029
678559,496.0,201,16,1,11,10,453.0,11.0,20.0,12.0,0.07960199004975124,0.0625,0.004975124378109453,0.9090909090909091,0.024282560706401765
227085,577.0,200,22,4,16,12,514.0,16.0,20.0,27.0,0.11,0.18181818181818182,0.02,0.75,0.0311284046692607
4357073,621.0,200,36,12,26,14,515.0,29.0,43.0,34.0,0.18,0.3333333333333333,0.06,0.5384615384615384,0.05631067961165048
4694794,403.0,200,20,4,28,23,321.0,34.0,41.0,7.0,0.1,0.2,0.02,0.8214285714285714,0.1059190031152648
1372485,252.0,200,5,1,2,1,238.0,2.0,4.0,8.0,0.025,0.2,0.005,0.5,0.008403361344537815
731293,371.0,200,36,4,7,3,301.0,7.0,36.0,27.0,0.18,0.1111111111111111,0.02,0.42857142857142855,0.023255813953488372
136225,348.0,200,10,0,20,19,288.0,25.0,27.0,8.0,0.05,0.0,0.0,0.95,0.08680555555555555
409502,357.0,200,12,1,15,13,318.0,16.0,7.0,16.0,0.06,0.08333333333333333,0.005,0.8666666666666667,0.050314465408805034
