value,prev_1130,curr_1201,delta,dimension,share_of_negative_pool,share_of_net_delta
历史已出现用户,217984,209904,-8080,user_structure,0.2148136332216728,0.705738492444755
当日首次出现用户,3475,106,-3369,user_structure,0.08956771414898708,0.294261507555245
00-05,11007,11589,582,hour_bucket,0.0,-0.05083413398550092
06-11,52366,49857,-2509,hour_bucket,0.06670388685064071,0.2191457769237488
12-17,77966,73442,-4524,hour_bucket,0.12027436592758016,0.39514368067080097
18-23,80120,75122,-4998,hour_bucket,0.13287605678736641,0.4365446763909512
2171,11,8,-3,category_id,7.975753708725475e-05,0.0002620316184819635
2410,1,2,1,category_id,0.0,-8.734387282732117e-05
2818,2,3,1,category_id,0.0,-8.734387282732117e-05
3579,4,1,-3,category_id,7.975753708725475e-05,0.0002620316184819635
4907,3,3,0,category_id,0.0,-0.0
5064,32,38,6,category_id,0.0,-0.000524063236963927
7240,2,0,-2,category_id,5.317169139150316e-05,0.00017468774565464234
7769,14,5,-9,category_id,0.00023927261126176425,0.0007860948554458904
8109,0,1,1,category_id,0.0,-8.734387282732117e-05
8254,9,9,0,category_id,0.0,-0.0
8409,11,5,-6,category_id,0.0001595150741745095,0.000524063236963927
9874,2,2,0,category_id,0.0,-0.0
10235,4,8,4,category_id,0.0,-0.0003493754913092847
11120,4,3,-1,category_id,2.658584569575158e-05,8.734387282732117e-05
12407,1,1,0,category_id,0.0,-0.0
12816,1,4,3,category_id,0.0,-0.0002620316184819635
13767,1,0,-1,category_id,2.658584569575158e-05,8.734387282732117e-05
13845,1,0,-1,category_id,2.658584569575158e-05,8.734387282732117e-05
14900,13,23,10,category_id,0.0,-0.0008734387282732116
16219,26,29,3,category_id,0.0,-0.0002620316184819635
16766,4,10,6,category_id,0.0,-0.000524063236963927
17307,1,2,1,category_id,0.0,-8.734387282732117e-05
17710,1,2,1,category_id,0.0,-8.734387282732117e-05
18905,3,0,-3,category_id,7.975753708725475e-05,0.0002620316184819635
21059,1,2,1,category_id,0.0,-8.734387282732117e-05
22129,5,7,2,category_id,0.0,-0.00017468774565464234
22257,30,40,10,category_id,0.0,-0.0008734387282732116
22892,7,6,-1,category_id,2.658584569575158e-05,8.734387282732117e-05
23488,0,2,2,category_id,0.0,-0.00017468774565464234
24104,3,9,6,category_id,0.0,-0.000524063236963927
24976,4,7,3,category_id,0.0,-0.0002620316184819635
25196,0,1,1,category_id,0.0,-8.734387282732117e-05
25849,1,0,-1,category_id,2.658584569575158e-05,8.734387282732117e-05
27522,36,26,-10,category_id,0.00026585845695751583,0.0008734387282732116
30676,3,3,0,category_id,0.0,-0.0
32967,0,1,1,category_id,0.0,-8.734387282732117e-05
34885,2,2,0,category_id,0.0,-0.0
35290,26,25,-1,category_id,2.658584569575158e-05,8.734387282732117e-05
36289,36,42,6,category_id,0.0,-0.000524063236963927
36722,4,0,-4,category_id,0.00010634338278300632,0.0003493754913092847
37135,7,5,-2,category_id,5.317169139150316e-05,0.00017468774565464234
40477,0,2,2,category_id,0.0,-0.00017468774565464234
41527,4,3,-1,category_id,2.658584569575158e-05,8.734387282732117e-05
43991,0,1,1,category_id,0.0,-8.734387282732117e-05
44158,1,1,0,category_id,0.0,-0.0
46027,5,6,1,category_id,0.0,-8.734387282732117e-05
47156,1,0,-1,category_id,2.658584569575158e-05,8.734387282732117e-05
48094,23,43,20,category_id,0.0,-0.0017468774565464233
48178,1,1,0,category_id,0.0,-0.0
50601,326,297,-29,category_id,0.0007709895251767959,0.0025329723119923136
52368,6,9,3,category_id,0.0,-0.0002620316184819635
55312,79,101,22,category_id,0.0,-0.0019215652022010656
58498,78,57,-21,category_id,0.0005583027596107832,0.0018342213293737445
58836,284,217,-67,category_id,0.001781251661615356,0.005852039479430518
60559,6,8,2,category_id,0.0,-0.00017468774565464234
61626,31,19,-12,category_id,0.000319030148349019,0.001048126473927854
62469,24,24,0,category_id,0.0,-0.0
63690,73,133,60,category_id,0.0,-0.00524063236963927
63813,28,25,-3,category_id,7.975753708725475e-05,0.0002620316184819635
64179,308,323,15,category_id,0.0,-0.0013101580924098175
65099,5,6,1,category_id,0.0,-8.734387282732117e-05
65362,37,41,4,category_id,0.0,-0.0003493754913092847
65720,47,37,-10,category_id,0.00026585845695751583,0.0008734387282732116
66078,0,2,2,category_id,0.0,-0.00017468774565464234
66556,1,2,1,category_id,0.0,-8.734387282732117e-05
67918,48,38,-10,category_id,0.00026585845695751583,0.0008734387282732116
68149,6,9,3,category_id,0.0,-0.0002620316184819635
69317,1,2,1,category_id,0.0,-8.734387282732117e-05
69607,20,27,7,category_id,0.0,-0.0006114071097912482
70270,20,2,-18,category_id,0.0004785452225235285,0.0015721897108917809
71699,0,1,1,category_id,0.0,-8.734387282732117e-05
72526,164,168,4,category_id,0.0,-0.0003493754913092847
73030,9,6,-3,category_id,7.975753708725475e-05,0.0002620316184819635
74446,18,22,4,category_id,0.0,-0.0003493754913092847
75275,0,1,1,category_id,0.0,-8.734387282732117e-05
76064,12,11,-1,category_id,2.658584569575158e-05,8.734387282732117e-05
79220,31,22,-9,category_id,0.00023927261126176425,0.0007860948554458904
79451,38,67,29,category_id,0.0,-0.0025329723119923136
79592,1,2,1,category_id,0.0,-8.734387282732117e-05
80482,12,9,-3,category_id,7.975753708725475e-05,0.0002620316184819635
82924,0,1,1,category_id,0.0,-8.734387282732117e-05
83079,1,0,-1,category_id,2.658584569575158e-05,8.734387282732117e-05
83709,3,3,0,category_id,0.0,-0.0
84264,85,165,80,category_id,0.0,-0.006987509826185693
84994,4,4,0,category_id,0.0,-0.0
85955,376,315,-61,category_id,0.0016217365874408465,0.005327976242466591
86415,4,1,-3,category_id,7.975753708725475e-05,0.0002620316184819635
87054,1,1,0,category_id,0.0,-0.0
88095,2,0,-2,category_id,5.317169139150316e-05,0.00017468774565464234
88462,7,2,-5,category_id,0.00013292922847875791,0.0004367193641366058
88511,4,4,0,category_id,0.0,-0.0
89797,0,2,2,category_id,0.0,-0.00017468774565464234
90326,2,4,2,category_id,0.0,-0.00017468774565464234
90791,26,33,7,category_id,0.0,-0.0006114071097912482
91943,2,1,-1,category_id,2.658584569575158e-05,8.734387282732117e-05
93002,7,7,0,category_id,0.0,-0.0
95456,2,0,-2,category_id,5.317169139150316e-05,0.00017468774565464234
96655,7,6,-1,category_id,2.658584569575158e-05,8.734387282732117e-05
97554,1,0,-1,category_id,2.658584569575158e-05,8.734387282732117e-05
99507,14,6,-8,category_id,0.00021268676556601265,0.0006987509826185693
99763,5,1,-4,category_id,0.00010634338278300632,0.0003493754913092847
100795,0,1,1,category_id,0.0,-8.734387282732117e-05
101539,1,1,0,category_id,0.0,-0.0
101859,34,24,-10,category_id,0.00026585845695751583,0.0008734387282732116
101979,2,0,-2,category_id,5.317169139150316e-05,0.00017468774565464234
102272,330,326,-4,category_id,0.00010634338278300632,0.0003493754913092847
102610,0,3,3,category_id,0.0,-0.0002620316184819635
103181,25,22,-3,category_id,7.975753708725475e-05,0.0002620316184819635
103413,1,0,-1,category_id,2.658584569575158e-05,8.734387282732117e-05
104209,2,2,0,category_id,0.0,-0.0
104462,3,7,4,category_id,0.0,-0.0003493754913092847
104848,18,16,-2,category_id,5.317169139150316e-05,0.00017468774565464234
105131,3,1,-2,category_id,5.317169139150316e-05,0.00017468774565464234
105137,12,14,2,category_id,0.0,-0.00017468774565464234
106173,41,31,-10,category_id,0.00026585845695751583,0.0008734387282732116
106589,26,19,-7,category_id,0.00018610091987026107,0.0006114071097912482
107693,0,3,3,category_id,0.0,-0.0002620316184819635
108181,1,1,0,category_id,0.0,-0.0
108793,14,17,3,category_id,0.0,-0.0002620316184819635
110468,1,3,2,category_id,0.0,-0.00017468774565464234
112445,38,43,5,category_id,0.0,-0.0004367193641366058
113102,46,37,-9,category_id,0.00023927261126176425,0.0007860948554458904
114333,35,38,3,category_id,0.0,-0.0002620316184819635
115109,1,0,-1,category_id,2.658584569575158e-05,8.734387282732117e-05
117196,1,1,0,category_id,0.0,-0.0
118577,2,0,-2,category_id,5.317169139150316e-05,0.00017468774565464234
119365,29,24,-5,category_id,0.00013292922847875791,0.0004367193641366058
119613,1,1,0,category_id,0.0,-0.0
119741,253,212,-41,category_id,0.0010900196735258148,0.0035810987859201675
119869,1,3,2,category_id,0.0,-0.00017468774565464234
120033,64,53,-11,category_id,0.0002924443026532674,0.0009607826011005328
120493,3,3,0,category_id,0.0,-0.0
122108,8,26,18,category_id,0.0,-0.0015721897108917809
122524,1,0,-1,category_id,2.658584569575158e-05,8.734387282732117e-05
127286,0,1,1,category_id,0.0,-8.734387282732117e-05
127525,9,11,2,category_id,0.0,-0.00017468774565464234
128357,74,42,-32,category_id,0.0008507470622640506,0.0027950039304742774
128749,4,5,1,category_id,0.0,-8.734387282732117e-05
132506,1,0,-1,category_id,2.658584569575158e-05,8.734387282732117e-05
133377,33,24,-9,category_id,0.00023927261126176425,0.0007860948554458904
133742,8,10,2,category_id,0.0,-0.00017468774565464234
134955,1,0,-1,category_id,2.658584569575158e-05,8.734387282732117e-05
135038,34,25,-9,category_id,0.00023927261126176425,0.0007860948554458904
136225,2,3,1,category_id,0.0,-8.734387282732117e-05
137099,3,4,1,category_id,0.0,-8.734387282732117e-05
137459,0,1,1,category_id,0.0,-8.734387282732117e-05
138081,34,33,-1,category_id,2.658584569575158e-05,8.734387282732117e-05
138307,0,1,1,category_id,0.0,-8.734387282732117e-05
139590,16,14,-2,category_id,5.317169139150316e-05,0.00017468774565464234
139734,5,11,6,category_id,0.0,-0.000524063236963927
140361,7,7,0,category_id,0.0,-0.0
140970,9,13,4,category_id,0.0,-0.0003493754913092847
142059,1,0,-1,category_id,2.658584569575158e-05,8.734387282732117e-05
142492,3,1,-2,category_id,5.317169139150316e-05,0.00017468774565464234
143013,1,4,3,category_id,0.0,-0.0002620316184819635
144028,17,22,5,category_id,0.0,-0.0004367193641366058
144725,1,2,1,category_id,0.0,-8.734387282732117e-05
145365,2,2,0,category_id,0.0,-0.0
145388,4,0,-4,category_id,0.00010634338278300632,0.0003493754913092847
145519,14,11,-3,category_id,7.975753708725475e-05,0.0002620316184819635
146830,151,130,-21,category_id,0.0005583027596107832,0.0018342213293737445
148169,1,4,3,category_id,0.0,-0.0002620316184819635
149192,1193,1121,-72,category_id,0.001914180890094114,0.0062887588435671235
149656,0,3,3,category_id,0.0,-0.0002620316184819635
150092,0,4,4,category_id,0.0,-0.0003493754913092847
151648,19,18,-1,category_id,2.658584569575158e-05,8.734387282732117e-05
151831,25,14,-11,category_id,0.0002924443026532674,0.0009607826011005328
152639,0,1,1,category_id,0.0,-8.734387282732117e-05
153285,4,3,-1,category_id,2.658584569575158e-05,8.734387282732117e-05
153309,13,6,-7,category_id,0.00018610091987026107,0.0006114071097912482
154040,293,264,-29,category_id,0.0007709895251767959,0.0025329723119923136
154292,1,0,-1,category_id,2.658584569575158e-05,8.734387282732117e-05
155091,2,3,1,category_id,0.0,-8.734387282732117e-05
155172,173,140,-33,category_id,0.0008773329079598022,0.0028823478033015984
155799,1,0,-1,category_id,2.658584569575158e-05,8.734387282732117e-05
157420,2,0,-2,category_id,5.317169139150316e-05,0.00017468774565464234
157489,2,1,-1,category_id,2.658584569575158e-05,8.734387282732117e-05
157878,31,35,4,category_id,0.0,-0.0003493754913092847
158127,2,4,2,category_id,0.0,-0.00017468774565464234
158300,12,7,-5,category_id,0.00013292922847875791,0.0004367193641366058
160181,109,145,36,category_id,0.0,-0.0031443794217835617
163196,106,95,-11,category_id,0.0002924443026532674,0.0009607826011005328
164365,3,3,0,category_id,0.0,-0.0
165035,73,77,4,category_id,0.0,-0.0003493754913092847
166326,31,25,-6,category_id,0.0001595150741745095,0.000524063236963927
166971,1,1,0,category_id,0.0,-0.0
167871,1,0,-1,category_id,2.658584569575158e-05,8.734387282732117e-05
168173,2,0,-2,category_id,5.317169139150316e-05,0.00017468774565464234
168997,20,17,-3,category_id,7.975753708725475e-05,0.0002620316184819635
169865,6,10,4,category_id,0.0,-0.0003493754913092847
171128,14,19,5,category_id,0.0,-0.0004367193641366058
171529,126,132,6,category_id,0.0,-0.000524063236963927
171569,0,1,1,category_id,0.0,-8.734387282732117e-05
172164,6,2,-4,category_id,0.00010634338278300632,0.0003493754913092847
173036,0,1,1,category_id,0.0,-8.734387282732117e-05
174239,403,412,9,category_id,0.0,-0.0007860948554458904
174490,9,5,-4,category_id,0.00010634338278300632,0.0003493754913092847
176011,1,2,1,category_id,0.0,-8.734387282732117e-05
176556,3,7,4,category_id,0.0,-0.0003493754913092847
178334,1,0,-1,category_id,2.658584569575158e-05,8.734387282732117e-05
180183,10,6,-4,category_id,0.00010634338278300632,0.0003493754913092847
180839,22,0,-22,category_id,0.0005848886053065348,0.0019215652022010656
181182,74,88,14,category_id,0.0,-0.0012228142195824963
181348,3,7,4,category_id,0.0,-0.0003493754913092847
182358,37,31,-6,category_id,0.0001595150741745095,0.000524063236963927
182482,4,1,-3,category_id,7.975753708725475e-05,0.0002620316184819635
182615,12,11,-1,category_id,2.658584569575158e-05,8.734387282732117e-05
183516,3,9,6,category_id,0.0,-0.000524063236963927
184939,0,1,1,category_id,0.0,-8.734387282732117e-05
186515,3,3,0,category_id,0.0,-0.0
186756,0,1,1,category_id,0.0,-8.734387282732117e-05
188263,3,2,-1,category_id,2.658584569575158e-05,8.734387282732117e-05
189057,1,0,-1,category_id,2.658584569575158e-05,8.734387282732117e-05
194104,82,169,87,category_id,0.0,-0.007598916935976942
194806,6,6,0,category_id,0.0,-0.0
197048,5,3,-2,category_id,5.317169139150316e-05,0.00017468774565464234
199300,1,0,-1,category_id,2.658584569575158e-05,8.734387282732117e-05
200278,426,479,53,category_id,0.0,-0.004629225259848021
201536,1,0,-1,category_id,2.658584569575158e-05,8.734387282732117e-05
201867,31,31,0,category_id,0.0,-0.0
202297,5,7,2,category_id,0.0,-0.00017468774565464234
203249,11,8,-3,category_id,7.975753708725475e-05,0.0002620316184819635
203384,4,2,-2,category_id,5.317169139150316e-05,0.00017468774565464234
203821,2,1,-1,category_id,2.658584569575158e-05,8.734387282732117e-05
204327,0,2,2,category_id,0.0,-0.00017468774565464234
205899,3,1,-2,category_id,5.317169139150316e-05,0.00017468774565464234
205968,7,7,0,category_id,0.0,-0.0
207891,6,7,1,category_id,0.0,-8.734387282732117e-05
208658,0,1,1,category_id,0.0,-8.734387282732117e-05
210158,2,5,3,category_id,0.0,-0.0002620316184819635
210544,23,18,-5,category_id,0.00013292922847875791,0.0004367193641366058
211402,3,6,3,category_id,0.0,-0.0002620316184819635
211810,27,23,-4,category_id,0.00010634338278300632,0.0003493754913092847
212449,22,18,-4,category_id,0.00010634338278300632,0.0003493754913092847
213372,1,0,-1,category_id,2.658584569575158e-05,8.734387282732117e-05
214719,3,1,-2,category_id,5.317169139150316e-05,0.00017468774565464234
216695,1,0,-1,category_id,2.658584569575158e-05,8.734387282732117e-05
219531,11,8,-3,category_id,7.975753708725475e-05,0.0002620316184819635
219625,5,1,-4,category_id,0.00010634338278300632,0.0003493754913092847
221393,17,18,1,category_id,0.0,-8.734387282732117e-05
221906,2,0,-2,category_id,5.317169139150316e-05,0.00017468774565464234
222147,18,24,6,category_id,0.0,-0.000524063236963927
222415,5,5,0,category_id,0.0,-0.0
222559,6,5,-1,category_id,2.658584569575158e-05,8.734387282732117e-05
222819,1,2,1,category_id,0.0,-8.734387282732117e-05
223690,110,102,-8,category_id,0.00021268676556601265,0.0006987509826185693
224739,4,3,-1,category_id,2.658584569575158e-05,8.734387282732117e-05
225719,1,0,-1,category_id,2.658584569575158e-05,8.734387282732117e-05
226341,20,29,9,category_id,0.0,-0.0007860948554458904
226943,12,1,-11,category_id,0.0002924443026532674,0.0009607826011005328
227085,3,2,-1,category_id,2.658584569575158e-05,8.734387282732117e-05
228360,6,3,-3,category_id,7.975753708725475e-05,0.0002620316184819635
228823,0,2,2,category_id,0.0,-0.00017468774565464234
228974,0,2,2,category_id,0.0,-0.00017468774565464234
229607,3,9,6,category_id,0.0,-0.000524063236963927
230481,25,17,-8,category_id,0.00021268676556601265,0.0006987509826185693
235118,6,0,-6,category_id,0.0001595150741745095,0.000524063236963927
235534,514,490,-24,category_id,0.000638060296698038,0.002096252947855708
237446,24,33,9,category_id,0.0,-0.0007860948554458904
237653,1,0,-1,category_id,2.658584569575158e-05,8.734387282732117e-05
238434,385,418,33,category_id,0.0,-0.0028823478033015984
240013,0,1,1,category_id,0.0,-8.734387282732117e-05
240303,16,12,-4,category_id,0.00010634338278300632,0.0003493754913092847
240681,4,4,0,category_id,0.0,-0.0
242338,0,2,2,category_id,0.0,-0.00017468774565464234
243423,65,96,31,category_id,0.0,-0.002707660057646956
243642,1,0,-1,category_id,2.658584569575158e-05,8.734387282732117e-05
244430,0,1,1,category_id,0.0,-8.734387282732117e-05
244681,23,28,5,category_id,0.0,-0.0004367193641366058
244923,96,86,-10,category_id,0.00026585845695751583,0.0008734387282732116
245030,76,128,52,category_id,0.0,-0.0045418813870207
245312,544,537,-7,category_id,0.00018610091987026107,0.0006114071097912482
246584,1,2,1,category_id,0.0,-8.734387282732117e-05
246830,2,2,0,category_id,0.0,-0.0
246844,33,13,-20,category_id,0.0005317169139150317,0.0017468774565464233
246973,4,2,-2,category_id,5.317169139150316e-05,0.00017468774565464234
247208,0,1,1,category_id,0.0,-8.734387282732117e-05
247810,27,22,-5,category_id,0.00013292922847875791,0.0004367193641366058
249261,3,0,-3,category_id,7.975753708725475e-05,0.0002620316184819635
251062,2,1,-1,category_id,2.658584569575158e-05,8.734387282732117e-05
252646,1,1,0,category_id,0.0,-0.0
253548,1,0,-1,category_id,2.658584569575158e-05,8.734387282732117e-05
255113,1,6,5,category_id,0.0,-0.0004367193641366058
255176,1,2,1,category_id,0.0,-8.734387282732117e-05
255508,1,0,-1,category_id,2.658584569575158e-05,8.734387282732117e-05
255969,8,15,7,category_id,0.0,-0.0006114071097912482
256001,6,7,1,category_id,0.0,-8.734387282732117e-05
257793,86,65,-21,category_id,0.0005583027596107832,0.0018342213293737445
257909,39,44,5,category_id,0.0,-0.0004367193641366058
258240,3,3,0,category_id,0.0,-0.0
259455,7,4,-3,category_id,7.975753708725475e-05,0.0002620316184819635
260238,0,3,3,category_id,0.0,-0.0002620316184819635
260888,1,0,-1,category_id,2.658584569575158e-05,8.734387282732117e-05
261087,1,0,-1,category_id,2.658584569575158e-05,8.734387282732117e-05
261723,1,0,-1,category_id,2.658584569575158e-05,8.734387282732117e-05
262541,20,11,-9,category_id,0.00023927261126176425,0.0007860948554458904
265031,1,0,-1,category_id,2.658584569575158e-05,8.734387282732117e-05
266727,5,7,2,category_id,0.0,-0.00017468774565464234
267209,195,204,9,category_id,0.0,-0.0007860948554458904
268040,21,29,8,category_id,0.0,-0.0006987509826185693
268251,0,1,1,category_id,0.0,-8.734387282732117e-05
269234,26,25,-1,category_id,2.658584569575158e-05,8.734387282732117e-05
269606,16,14,-2,category_id,5.317169139150316e-05,0.00017468774565464234
270397,17,26,9,category_id,0.0,-0.0007860948554458904
271505,6,9,3,category_id,0.0,-0.0002620316184819635
274067,52,59,7,category_id,0.0,-0.0006114071097912482
274483,6,4,-2,category_id,5.317169139150316e-05,0.00017468774565464234
274936,0,4,4,category_id,0.0,-0.0003493754913092847
275937,6,1,-5,category_id,0.00013292922847875791,0.0004367193641366058
276158,26,18,-8,category_id,0.00021268676556601265,0.0006987509826185693
277383,36,36,0,category_id,0.0,-0.0
278173,3,0,-3,category_id,7.975753708725475e-05,0.0002620316184819635
280333,1,0,-1,category_id,2.658584569575158e-05,8.734387282732117e-05
280472,4,0,-4,category_id,0.00010634338278300632,0.0003493754913092847
281302,1,0,-1,category_id,2.658584569575158e-05,8.734387282732117e-05
282563,0,3,3,category_id,0.0,-0.0002620316184819635
283109,16,17,1,category_id,0.0,-8.734387282732117e-05
283996,22,23,1,category_id,0.0,-8.734387282732117e-05
284601,5,3,-2,category_id,5.317169139150316e-05,0.00017468774565464234
284968,96,95,-1,category_id,2.658584569575158e-05,8.734387282732117e-05
285048,4,9,5,category_id,0.0,-0.0004367193641366058
285203,1,0,-1,category_id,2.658584569575158e-05,8.734387282732117e-05
285583,428,396,-32,category_id,0.0008507470622640506,0.0027950039304742774
285822,2,2,0,category_id,0.0,-0.0
286229,61,61,0,category_id,0.0,-0.0
286720,1,0,-1,category_id,2.658584569575158e-05,8.734387282732117e-05
287137,0,1,1,category_id,0.0,-8.734387282732117e-05
289692,7,23,16,category_id,0.0,-0.0013975019652371387
291003,1,0,-1,category_id,2.658584569575158e-05,8.734387282732117e-05
291354,2,0,-2,category_id,5.317169139150316e-05,0.00017468774565464234
291898,3,2,-1,category_id,2.658584569575158e-05,8.734387282732117e-05
292202,1,0,-1,category_id,2.658584569575158e-05,8.734387282732117e-05
292651,2,3,1,category_id,0.0,-8.734387282732117e-05
292885,2,1,-1,category_id,2.658584569575158e-05,8.734387282732117e-05
293545,39,16,-23,category_id,0.0006114744510022864,0.002008909075028387
293630,1,1,0,category_id,0.0,-0.0
294080,1,0,-1,category_id,2.658584569575158e-05,8.734387282732117e-05
294296,0,8,8,category_id,0.0,-0.0006987509826185693
294562,6,11,5,category_id,0.0,-0.0004367193641366058
295183,27,36,9,category_id,0.0,-0.0007860948554458904
297829,3,1,-2,category_id,5.317169139150316e-05,0.00017468774565464234
298586,1,1,0,category_id,0.0,-0.0
299355,0,1,1,category_id,0.0,-8.734387282732117e-05
300699,7,3,-4,category_id,0.00010634338278300632,0.0003493754913092847
303690,1,1,0,category_id,0.0,-0.0
304205,7,3,-4,category_id,0.00010634338278300632,0.0003493754913092847
305253,10,12,2,category_id,0.0,-0.00017468774565464234
305857,11,11,0,category_id,0.0,-0.0
306020,3,3,0,category_id,0.0,-0.0
306202,25,23,-2,category_id,5.317169139150316e-05,0.00017468774565464234
306342,1,0,-1,category_id,2.658584569575158e-05,8.734387282732117e-05
306490,2,0,-2,category_id,5.317169139150316e-05,0.00017468774565464234
307335,50,50,0,category_id,0.0,-0.0
307943,57,45,-12,category_id,0.000319030148349019,0.001048126473927854
308160,0,1,1,category_id,0.0,-8.734387282732117e-05
308413,1,1,0,category_id,0.0,-0.0
309088,1,0,-1,category_id,2.658584569575158e-05,8.734387282732117e-05
311509,47,10,-37,category_id,0.0009836762907428085,0.003231723294610883
311650,4,3,-1,category_id,2.658584569575158e-05,8.734387282732117e-05
314028,7,13,6,category_id,0.0,-0.000524063236963927
314328,3,1,-2,category_id,5.317169139150316e-05,0.00017468774565464234
315633,1,0,-1,category_id,2.658584569575158e-05,8.734387282732117e-05
315794,6,19,13,category_id,0.0,-0.001135470346755175
316352,44,42,-2,category_id,5.317169139150316e-05,0.00017468774565464234
317587,0,1,1,category_id,0.0,-8.734387282732117e-05
317647,29,30,1,category_id,0.0,-8.734387282732117e-05
318219,49,41,-8,category_id,0.00021268676556601265,0.0006987509826185693
318592,15,14,-1,category_id,2.658584569575158e-05,8.734387282732117e-05
320783,0,1,1,category_id,0.0,-8.734387282732117e-05
321567,48,64,16,category_id,0.0,-0.0013975019652371387
322167,10,14,4,category_id,0.0,-0.0003493754913092847
322805,160,90,-70,category_id,0.0018610091987026106,0.0061140710979124815
323198,3,2,-1,category_id,2.658584569575158e-05,8.734387282732117e-05
323851,47,38,-9,category_id,0.00023927261126176425,0.0007860948554458904
324339,0,2,2,category_id,0.0,-0.00017468774565464234
324865,4,3,-1,category_id,2.658584569575158e-05,8.734387282732117e-05
327414,2,0,-2,category_id,5.317169139150316e-05,0.00017468774565464234
327651,26,24,-2,category_id,5.317169139150316e-05,0.00017468774565464234
328500,7,10,3,category_id,0.0,-0.0002620316184819635
329040,4,2,-2,category_id,5.317169139150316e-05,0.00017468774565464234
330260,4,3,-1,category_id,2.658584569575158e-05,8.734387282732117e-05
330316,379,175,-204,category_id,0.005423512521933323,0.017818150056773518
331892,8,11,3,category_id,0.0,-0.0002620316184819635
332127,8,12,4,category_id,0.0,-0.0003493754913092847
333295,1,1,0,category_id,0.0,-0.0
334161,5,5,0,category_id,0.0,-0.0
334210,5,16,11,category_id,0.0,-0.0009607826011005328
334451,0,1,1,category_id,0.0,-8.734387282732117e-05
334831,17,30,13,category_id,0.0,-0.001135470346755175
336038,2,1,-1,category_id,2.658584569575158e-05,8.734387282732117e-05
336385,13,4,-9,category_id,0.00023927261126176425,0.0007860948554458904
337243,9,2,-7,category_id,0.00018610091987026107,0.0006114071097912482
337775,15,20,5,category_id,0.0,-0.0004367193641366058
338646,247,133,-114,category_id,0.0030307864093156805,0.009957201502314612
339124,52,36,-16,category_id,0.0004253735311320253,0.0013975019652371387
339305,193,168,-25,category_id,0.0006646461423937895,0.0021835968206830292
339580,254,260,6,category_id,0.0,-0.000524063236963927
341057,1,4,3,category_id,0.0,-0.0002620316184819635
341247,4,0,-4,category_id,0.00010634338278300632,0.0003493754913092847
341636,1,0,-1,category_id,2.658584569575158e-05,8.734387282732117e-05
342575,2,3,1,category_id,0.0,-8.734387282732117e-05
343112,1,2,1,category_id,0.0,-8.734387282732117e-05
344221,84,69,-15,category_id,0.0003987876854362737,0.0013101580924098175
344833,117,114,-3,category_id,7.975753708725475e-05,0.0002620316184819635
344841,1,0,-1,category_id,2.658584569575158e-05,8.734387282732117e-05
347254,0,3,3,category_id,0.0,-0.0002620316184819635
348175,5,3,-2,category_id,5.317169139150316e-05,0.00017468774565464234
350027,7,6,-1,category_id,2.658584569575158e-05,8.734387282732117e-05
350402,10,11,1,category_id,0.0,-8.734387282732117e-05
351048,5,2,-3,category_id,7.975753708725475e-05,0.0002620316184819635
352251,5,4,-1,category_id,2.658584569575158e-05,8.734387282732117e-05
352399,6,6,0,category_id,0.0,-0.0
354507,1,1,0,category_id,0.0,-0.0
355362,2,1,-1,category_id,2.658584569575158e-05,8.734387282732117e-05
355704,2,3,1,category_id,0.0,-8.734387282732117e-05
357197,1,4,3,category_id,0.0,-0.0002620316184819635
357412,3,3,0,category_id,0.0,-0.0
358773,55,49,-6,category_id,0.0001595150741745095,0.000524063236963927
359388,124,113,-11,category_id,0.0002924443026532674,0.0009607826011005328
359481,1,0,-1,category_id,2.658584569575158e-05,8.734387282732117e-05
360294,173,182,9,category_id,0.0,-0.0007860948554458904
361095,5,1,-4,category_id,0.00010634338278300632,0.0003493754913092847
362151,17,25,8,category_id,0.0,-0.0006987509826185693
362515,9,12,3,category_id,0.0,-0.0002620316184819635
362750,20,14,-6,category_id,0.0001595150741745095,0.000524063236963927
363144,4,7,3,category_id,0.0,-0.0002620316184819635
363644,1,0,-1,category_id,2.658584569575158e-05,8.734387282732117e-05
364125,7,3,-4,category_id,0.00010634338278300632,0.0003493754913092847
364772,1,1,0,category_id,0.0,-0.0
366112,458,430,-28,category_id,0.0007444036794810443,0.0024456284391649926
370247,1,0,-1,category_id,2.658584569575158e-05,8.734387282732117e-05
372033,1,1,0,category_id,0.0,-0.0
372289,5,1,-4,category_id,0.00010634338278300632,0.0003493754913092847
374203,25,23,-2,category_id,5.317169139150316e-05,0.00017468774565464234
374584,52,73,21,category_id,0.0,-0.0018342213293737445
375240,24,38,14,category_id,0.0,-0.0012228142195824963
375630,0,1,1,category_id,0.0,-8.734387282732117e-05
376030,46,33,-13,category_id,0.00034561599404477056,0.001135470346755175
376837,3,4,1,category_id,0.0,-8.734387282732117e-05
376840,1,0,-1,category_id,2.658584569575158e-05,8.734387282732117e-05
377676,2,2,0,category_id,0.0,-0.0
377977,5,8,3,category_id,0.0,-0.0002620316184819635
378056,28,21,-7,category_id,0.00018610091987026107,0.0006114071097912482
378205,21,14,-7,category_id,0.00018610091987026107,0.0006114071097912482
378466,15,20,5,category_id,0.0,-0.0004367193641366058
378698,12,14,2,category_id,0.0,-0.00017468774565464234
380055,1,5,4,category_id,0.0,-0.0003493754913092847
380289,93,60,-33,category_id,0.0008773329079598022,0.0028823478033015984
381048,8,11,3,category_id,0.0,-0.0002620316184819635
381850,722,686,-36,category_id,0.000957090445047057,0.0031443794217835617
382910,18,21,3,category_id,0.0,-0.0002620316184819635
383530,49,51,2,category_id,0.0,-0.00017468774565464234
383749,183,174,-9,category_id,0.00023927261126176425,0.0007860948554458904
384755,231,246,15,category_id,0.0,-0.0013101580924098175
385383,2,4,2,category_id,0.0,-0.00017468774565464234
386405,1,4,3,category_id,0.0,-0.0002620316184819635
387302,12,6,-6,category_id,0.0001595150741745095,0.000524063236963927
387633,12,8,-4,category_id,0.00010634338278300632,0.0003493754913092847
388942,7,5,-2,category_id,5.317169139150316e-05,0.00017468774565464234
389704,41,50,9,category_id,0.0,-0.0007860948554458904
389948,1,2,1,category_id,0.0,-8.734387282732117e-05
390188,1,1,0,category_id,0.0,-0.0
391823,0,1,1,category_id,0.0,-8.734387282732117e-05
392182,0,3,3,category_id,0.0,-0.0002620316184819635
393045,37,36,-1,category_id,2.658584569575158e-05,8.734387282732117e-05
393580,0,4,4,category_id,0.0,-0.0003493754913092847
393663,0,1,1,category_id,0.0,-8.734387282732117e-05
398060,5,3,-2,category_id,5.317169139150316e-05,0.00017468774565464234
399287,13,10,-3,category_id,7.975753708725475e-05,0.0002620316184819635
399980,10,13,3,category_id,0.0,-0.0002620316184819635
401357,76,99,23,category_id,0.0,-0.002008909075028387
401765,21,32,11,category_id,0.0,-0.0009607826011005328
402682,0,2,2,category_id,0.0,-0.00017468774565464234
404668,2,0,-2,category_id,5.317169139150316e-05,0.00017468774565464234
405755,274,235,-39,category_id,0.0010368479821343116,0.0034064110402655255
408119,0,1,1,category_id,0.0,-8.734387282732117e-05
409502,4,0,-4,category_id,0.00010634338278300632,0.0003493754913092847
409729,21,16,-5,category_id,0.00013292922847875791,0.0004367193641366058
409878,6,5,-1,category_id,2.658584569575158e-05,8.734387282732117e-05
410749,20,20,0,category_id,0.0,-0.0
411153,711,685,-26,category_id,0.0006912319880895411,0.00227094069351035
412619,24,20,-4,category_id,0.00010634338278300632,0.0003493754913092847
414708,54,41,-13,category_id,0.00034561599404477056,0.001135470346755175
414935,0,2,2,category_id,0.0,-0.00017468774565464234
416088,13,17,4,category_id,0.0,-0.0003493754913092847
416183,1,0,-1,category_id,2.658584569575158e-05,8.734387282732117e-05
420556,29,27,-2,category_id,5.317169139150316e-05,0.00017468774565464234
420877,0,1,1,category_id,0.0,-8.734387282732117e-05
422656,10,10,0,category_id,0.0,-0.0
425574,2,3,1,category_id,0.0,-8.734387282732117e-05
428367,224,257,33,category_id,0.0,-0.0028823478033015984
428513,2,2,0,category_id,0.0,-0.0
428699,2,0,-2,category_id,5.317169139150316e-05,0.00017468774565464234
430834,4,1,-3,category_id,7.975753708725475e-05,0.0002620316184819635
431060,3,2,-1,category_id,2.658584569575158e-05,8.734387282732117e-05
431452,126,120,-6,category_id,0.0001595150741745095,0.000524063236963927
432523,4,20,16,category_id,0.0,-0.0013975019652371387
432873,32,36,4,category_id,0.0,-0.0003493754913092847
433130,1,1,0,category_id,0.0,-0.0
434180,2,3,1,category_id,0.0,-8.734387282732117e-05
435088,0,2,2,category_id,0.0,-0.00017468774565464234
436573,2,4,2,category_id,0.0,-0.00017468774565464234
436979,6,7,1,category_id,0.0,-8.734387282732117e-05
437197,1,0,-1,category_id,2.658584569575158e-05,8.734387282732117e-05
440901,15,23,8,category_id,0.0,-0.0006987509826185693
442567,0,2,2,category_id,0.0,-0.00017468774565464234
443259,1,0,-1,category_id,2.658584569575158e-05,8.734387282732117e-05
443490,5,9,4,category_id,0.0,-0.0003493754913092847
445307,8,10,2,category_id,0.0,-0.00017468774565464234
445662,5,1,-4,category_id,0.00010634338278300632,0.0003493754913092847
446701,101,81,-20,category_id,0.0005317169139150317,0.0017468774565464233
447553,5,8,3,category_id,0.0,-0.0002620316184819635
448398,87,68,-19,category_id,0.0005051310682192801,0.001659533583719102
448627,0,1,1,category_id,0.0,-8.734387282732117e-05
450756,12,7,-5,category_id,0.00013292922847875791,0.0004367193641366058
450901,241,213,-28,category_id,0.0007444036794810443,0.0024456284391649926
451092,8,26,18,category_id,0.0,-0.0015721897108917809
453243,0,1,1,category_id,0.0,-8.734387282732117e-05
454555,1,2,1,category_id,0.0,-8.734387282732117e-05
455842,0,1,1,category_id,0.0,-8.734387282732117e-05
455943,2,11,9,category_id,0.0,-0.0007860948554458904
456244,0,1,1,category_id,0.0,-8.734387282732117e-05
456934,1,0,-1,category_id,2.658584569575158e-05,8.734387282732117e-05
457507,3,4,1,category_id,0.0,-8.734387282732117e-05
459134,0,1,1,category_id,0.0,-8.734387282732117e-05
460515,1,1,0,category_id,0.0,-0.0
461696,2,2,0,category_id,0.0,-0.0
462551,10,7,-3,category_id,7.975753708725475e-05,0.0002620316184819635
462791,13,15,2,category_id,0.0,-0.00017468774565464234
464112,10,10,0,category_id,0.0,-0.0
465980,3,2,-1,category_id,2.658584569575158e-05,8.734387282732117e-05
466400,79,75,-4,category_id,0.00010634338278300632,0.0003493754913092847
466806,5,9,4,category_id,0.0,-0.0003493754913092847
467461,8,7,-1,category_id,2.658584569575158e-05,8.734387282732117e-05
467470,0,2,2,category_id,0.0,-0.00017468774565464234
467835,5,3,-2,category_id,5.317169139150316e-05,0.00017468774565464234
468291,1,1,0,category_id,0.0,-0.0
470396,1,3,2,category_id,0.0,-0.00017468774565464234
470506,1,0,-1,category_id,2.658584569575158e-05,8.734387282732117e-05
471212,3,0,-3,category_id,7.975753708725475e-05,0.0002620316184819635
472273,11,10,-1,category_id,2.658584569575158e-05,8.734387282732117e-05
472985,31,32,1,category_id,0.0,-8.734387282732117e-05
475593,3,7,4,category_id,0.0,-0.0003493754913092847
475867,14,8,-6,category_id,0.0001595150741745095,0.000524063236963927
476283,125,164,39,category_id,0.0,-0.0034064110402655255
476519,19,16,-3,category_id,7.975753708725475e-05,0.0002620316184819635
477292,54,58,4,category_id,0.0,-0.0003493754913092847
478154,0,1,1,category_id,0.0,-8.734387282732117e-05
479163,10,4,-6,category_id,0.0001595150741745095,0.000524063236963927
479797,1,2,1,category_id,0.0,-8.734387282732117e-05
479837,8,5,-3,category_id,7.975753708725475e-05,0.0002620316184819635
481060,0,1,1,category_id,0.0,-8.734387282732117e-05
481203,10,21,11,category_id,0.0,-0.0009607826011005328
481876,19,19,0,category_id,0.0,-0.0
482114,9,3,-6,category_id,0.0001595150741745095,0.000524063236963927
482940,1,1,0,category_id,0.0,-0.0
484957,1,3,2,category_id,0.0,-0.00017468774565464234
486644,3,2,-1,category_id,2.658584569575158e-05,8.734387282732117e-05
488441,0,1,1,category_id,0.0,-8.734387282732117e-05
489878,0,1,1,category_id,0.0,-8.734387282732117e-05
490076,6,2,-4,category_id,0.00010634338278300632,0.0003493754913092847
490909,1,0,-1,category_id,2.658584569575158e-05,8.734387282732117e-05
491223,9,7,-2,category_id,5.317169139150316e-05,0.00017468774565464234
493676,0,1,1,category_id,0.0,-8.734387282732117e-05
497797,0,1,1,category_id,0.0,-8.734387282732117e-05
498433,1,2,1,category_id,0.0,-8.734387282732117e-05
499049,7,10,3,category_id,0.0,-0.0002620316184819635
499642,4,0,-4,category_id,0.00010634338278300632,0.0003493754913092847
499665,3,1,-2,category_id,5.317169139150316e-05,0.00017468774565464234
500212,16,12,-4,category_id,0.00010634338278300632,0.0003493754913092847
502123,13,10,-3,category_id,7.975753708725475e-05,0.0002620316184819635
504559,0,3,3,category_id,0.0,-0.0002620316184819635
505975,1,2,1,category_id,0.0,-8.734387282732117e-05
507291,3,2,-1,category_id,2.658584569575158e-05,8.734387282732117e-05
510435,1,0,-1,category_id,2.658584569575158e-05,8.734387282732117e-05
512076,10,10,0,category_id,0.0,-0.0
513013,2,4,2,category_id,0.0,-0.00017468774565464234
514392,11,17,6,category_id,0.0,-0.000524063236963927
514585,1,0,-1,category_id,2.658584569575158e-05,8.734387282732117e-05
515200,3,5,2,category_id,0.0,-0.00017468774565464234
515708,2,4,2,category_id,0.0,-0.00017468774565464234
516198,10,3,-7,category_id,0.00018610091987026107,0.0006114071097912482
516813,5,4,-1,category_id,2.658584569575158e-05,8.734387282732117e-05
517474,0,1,1,category_id,0.0,-8.734387282732117e-05
519791,14,11,-3,category_id,7.975753708725475e-05,0.0002620316184819635
521892,3,3,0,category_id,0.0,-0.0
522951,119,112,-7,category_id,0.00018610091987026107,0.0006114071097912482
523181,12,12,0,category_id,0.0,-0.0
526781,8,5,-3,category_id,7.975753708725475e-05,0.0002620316184819635
529054,25,11,-14,category_id,0.00037220183974052214,0.0012228142195824963
529278,11,4,-7,category_id,0.00018610091987026107,0.0006114071097912482
529907,2,6,4,category_id,0.0,-0.0003493754913092847
532507,45,28,-17,category_id,0.00045195937682777687,0.0014848458380644597
533830,0,1,1,category_id,0.0,-8.734387282732117e-05
535180,57,104,47,category_id,0.0,-0.004105162022884095
537820,1,1,0,category_id,0.0,-0.0
538518,0,1,1,category_id,0.0,-8.734387282732117e-05
539513,31,30,-1,category_id,2.658584569575158e-05,8.734387282732117e-05
539671,1,1,0,category_id,0.0,-0.0
541347,23,14,-9,category_id,0.00023927261126176425,0.0007860948554458904
542417,2,0,-2,category_id,5.317169139150316e-05,0.00017468774565464234
542584,171,152,-19,category_id,0.0005051310682192801,0.001659533583719102
542908,39,37,-2,category_id,5.317169139150316e-05,0.00017468774565464234
543590,4,4,0,category_id,0.0,-0.0
545120,0,1,1,category_id,0.0,-8.734387282732117e-05
545259,65,61,-4,category_id,0.00010634338278300632,0.0003493754913092847
545775,9,14,5,category_id,0.0,-0.0004367193641366058
546008,2,1,-1,category_id,2.658584569575158e-05,8.734387282732117e-05
546023,5,9,4,category_id,0.0,-0.0003493754913092847
546816,12,3,-9,category_id,0.00023927261126176425,0.0007860948554458904
547478,16,17,1,category_id,0.0,-8.734387282732117e-05
547606,19,4,-15,category_id,0.0003987876854362737,0.0013101580924098175
549014,5,1,-4,category_id,0.00010634338278300632,0.0003493754913092847
550660,16,19,3,category_id,0.0,-0.0002620316184819635
551254,5,5,0,category_id,0.0,-0.0
551696,1,0,-1,category_id,2.658584569575158e-05,8.734387282732117e-05
551706,113,107,-6,category_id,0.0001595150741745095,0.000524063236963927
552733,9,17,8,category_id,0.0,-0.0006987509826185693
553365,154,132,-22,category_id,0.0005848886053065348,0.0019215652022010656
553565,0,1,1,category_id,0.0,-8.734387282732117e-05
553846,1,1,0,category_id,0.0,-0.0
555560,0,1,1,category_id,0.0,-8.734387282732117e-05
558076,12,8,-4,category_id,0.00010634338278300632,0.0003493754913092847
558667,0,4,4,category_id,0.0,-0.0003493754913092847
560936,17,31,14,category_id,0.0,-0.0012228142195824963
561067,3,0,-3,category_id,7.975753708725475e-05,0.0002620316184819635
561267,1,2,1,category_id,0.0,-8.734387282732117e-05
561327,8,8,0,category_id,0.0,-0.0
562672,46,34,-12,category_id,0.000319030148349019,0.001048126473927854
562852,11,11,0,category_id,0.0,-0.0
564681,63,71,8,category_id,0.0,-0.0006987509826185693
564928,1,0,-1,category_id,2.658584569575158e-05,8.734387282732117e-05
565751,1,1,0,category_id,0.0,-0.0
565986,4,3,-1,category_id,2.658584569575158e-05,8.734387282732117e-05
568628,5,6,1,category_id,0.0,-8.734387282732117e-05
569663,4,5,1,category_id,0.0,-8.734387282732117e-05
569703,495,122,-373,category_id,0.00991652044451534,0.032579264564590794
570735,1606,1453,-153,category_id,0.004067634391449992,0.013363612542580137
571588,4,2,-2,category_id,5.317169139150316e-05,0.00017468774565464234
571820,7,12,5,category_id,0.0,-0.0004367193641366058
572644,2,1,-1,category_id,2.658584569575158e-05,8.734387282732117e-05
573847,38,10,-28,category_id,0.0007444036794810443,0.0024456284391649926
576099,0,3,3,category_id,0.0,-0.0002620316184819635
577329,36,23,-13,category_id,0.00034561599404477056,0.001135470346755175
577442,2,1,-1,category_id,2.658584569575158e-05,8.734387282732117e-05
578336,1,4,3,category_id,0.0,-0.0002620316184819635
578784,3,12,9,category_id,0.0,-0.0007860948554458904
578983,8,16,8,category_id,0.0,-0.0006987509826185693
579105,10,11,1,category_id,0.0,-8.734387282732117e-05
579836,2,4,2,category_id,0.0,-0.00017468774565464234
579914,7,6,-1,category_id,2.658584569575158e-05,8.734387282732117e-05
582098,1,0,-1,category_id,2.658584569575158e-05,8.734387282732117e-05
582243,102,113,11,category_id,0.0,-0.0009607826011005328
583014,9,9,0,category_id,0.0,-0.0
583485,77,94,17,category_id,0.0,-0.0014848458380644597
585178,1,7,6,category_id,0.0,-0.000524063236963927
585280,0,1,1,category_id,0.0,-8.734387282732117e-05
586317,1,0,-1,category_id,2.658584569575158e-05,8.734387282732117e-05
586496,21,18,-3,category_id,7.975753708725475e-05,0.0002620316184819635
587452,1,0,-1,category_id,2.658584569575158e-05,8.734387282732117e-05
588281,5,0,-5,category_id,0.00013292922847875791,0.0004367193641366058
588463,49,50,1,category_id,0.0,-8.734387282732117e-05
588668,1,0,-1,category_id,2.658584569575158e-05,8.734387282732117e-05
589018,7,6,-1,category_id,2.658584569575158e-05,8.734387282732117e-05
589207,2,1,-1,category_id,2.658584569575158e-05,8.734387282732117e-05
589513,1,2,1,category_id,0.0,-8.734387282732117e-05
589765,0,1,1,category_id,0.0,-8.734387282732117e-05
590997,162,150,-12,category_id,0.000319030148349019,0.001048126473927854
592161,3,9,6,category_id,0.0,-0.000524063236963927
593235,5,18,13,category_id,0.0,-0.001135470346755175
597734,4,5,1,category_id,0.0,-8.734387282732117e-05
598545,1,0,-1,category_id,2.658584569575158e-05,8.734387282732117e-05
598788,1,6,5,category_id,0.0,-0.0004367193641366058
599327,0,2,2,category_id,0.0,-0.00017468774565464234
599382,19,9,-10,category_id,0.00026585845695751583,0.0008734387282732116
600175,12,10,-2,category_id,5.317169139150316e-05,0.00017468774565464234
602012,9,13,4,category_id,0.0,-0.0003493754913092847
603655,17,18,1,category_id,0.0,-8.734387282732117e-05
603882,0,2,2,category_id,0.0,-0.00017468774565464234
604296,0,2,2,category_id,0.0,-0.00017468774565464234
604527,1,0,-1,category_id,2.658584569575158e-05,8.734387282732117e-05
605237,39,22,-17,category_id,0.00045195937682777687,0.0014848458380644597
605687,0,1,1,category_id,0.0,-8.734387282732117e-05
605728,1,0,-1,category_id,2.658584569575158e-05,8.734387282732117e-05
605882,49,63,14,category_id,0.0,-0.0012228142195824963
606970,22,6,-16,category_id,0.0004253735311320253,0.0013975019652371387
609791,12,14,2,category_id,0.0,-0.00017468774565464234
609839,0,1,1,category_id,0.0,-8.734387282732117e-05
611849,223,160,-63,category_id,0.0016749082788323497,0.005502663988121233
613491,1,0,-1,category_id,2.658584569575158e-05,8.734387282732117e-05
614994,0,1,1,category_id,0.0,-8.734387282732117e-05
618085,0,1,1,category_id,0.0,-8.734387282732117e-05
620409,73,88,15,category_id,0.0,-0.0013101580924098175
620869,6,3,-3,category_id,7.975753708725475e-05,0.0002620316184819635
621786,3,3,0,category_id,0.0,-0.0
622168,30,21,-9,category_id,0.00023927261126176425,0.0007860948554458904
622741,12,18,6,category_id,0.0,-0.000524063236963927
623614,4,3,-1,category_id,2.658584569575158e-05,8.734387282732117e-05
624129,1,0,-1,category_id,2.658584569575158e-05,8.734387282732117e-05
624370,18,19,1,category_id,0.0,-8.734387282732117e-05
625430,14,15,1,category_id,0.0,-8.734387282732117e-05
625930,1,0,-1,category_id,2.658584569575158e-05,8.734387282732117e-05
627715,4,6,2,category_id,0.0,-0.00017468774565464234
628194,1,0,-1,category_id,2.658584569575158e-05,8.734387282732117e-05
629854,4,11,7,category_id,0.0,-0.0006114071097912482
633295,0,8,8,category_id,0.0,-0.0006987509826185693
633394,6,4,-2,category_id,5.317169139150316e-05,0.00017468774565464234
634034,35,34,-1,category_id,2.658584569575158e-05,8.734387282732117e-05
634104,2,2,0,category_id,0.0,-0.0
634390,345,409,64,category_id,0.0,-0.005590007860948555
635704,5,1,-4,category_id,0.00010634338278300632,0.0003493754913092847
638718,0,1,1,category_id,0.0,-8.734387282732117e-05
642223,32,32,0,category_id,0.0,-0.0
642764,1,0,-1,category_id,2.658584569575158e-05,8.734387282732117e-05
643645,48,52,4,category_id,0.0,-0.0003493754913092847
643752,37,33,-4,category_id,0.00010634338278300632,0.0003493754913092847
645479,1,0,-1,category_id,2.658584569575158e-05,8.734387282732117e-05
645856,1,5,4,category_id,0.0,-0.0003493754913092847
646234,2,5,3,category_id,0.0,-0.0002620316184819635
647611,0,1,1,category_id,0.0,-8.734387282732117e-05
647740,9,10,1,category_id,0.0,-8.734387282732117e-05
651666,36,51,15,category_id,0.0,-0.0013101580924098175
652979,5,15,10,category_id,0.0,-0.0008734387282732116
653249,12,12,0,category_id,0.0,-0.0
654045,24,20,-4,category_id,0.00010634338278300632,0.0003493754913092847
655334,1,0,-1,category_id,2.658584569575158e-05,8.734387282732117e-05
656392,9,14,5,category_id,0.0,-0.0004367193641366058
660942,1,1,0,category_id,0.0,-0.0
661759,2,5,3,category_id,0.0,-0.0002620316184819635
662603,5,4,-1,category_id,2.658584569575158e-05,8.734387282732117e-05
662846,33,35,2,category_id,0.0,-0.00017468774565464234
662979,0,2,2,category_id,0.0,-0.00017468774565464234
663387,2,5,3,category_id,0.0,-0.0002620316184819635
663716,0,1,1,category_id,0.0,-8.734387282732117e-05
665090,3,13,10,category_id,0.0,-0.0008734387282732116
665245,4,3,-1,category_id,2.658584569575158e-05,8.734387282732117e-05
666497,5,8,3,category_id,0.0,-0.0002620316184819635
667349,3,2,-1,category_id,2.658584569575158e-05,8.734387282732117e-05
668498,37,18,-19,category_id,0.0005051310682192801,0.001659533583719102
668960,12,12,0,category_id,0.0,-0.0
669425,4,3,-1,category_id,2.658584569575158e-05,8.734387282732117e-05
669740,1,0,-1,category_id,2.658584569575158e-05,8.734387282732117e-05
669762,3,5,2,category_id,0.0,-0.00017468774565464234
671838,2,0,-2,category_id,5.317169139150316e-05,0.00017468774565464234
671854,3,0,-3,category_id,7.975753708725475e-05,0.0002620316184819635
672001,148,149,1,category_id,0.0,-8.734387282732117e-05
673323,1,0,-1,category_id,2.658584569575158e-05,8.734387282732117e-05
674009,2,1,-1,category_id,2.658584569575158e-05,8.734387282732117e-05
677459,11,10,-1,category_id,2.658584569575158e-05,8.734387282732117e-05
677862,35,31,-4,category_id,0.00010634338278300632,0.0003493754913092847
678005,12,14,2,category_id,0.0,-0.00017468774565464234
678559,3,0,-3,category_id,7.975753708725475e-05,0.0002620316184819635
680185,1,1,0,category_id,0.0,-0.0
680438,10,5,-5,category_id,0.00013292922847875791,0.0004367193641366058
680827,2,6,4,category_id,0.0,-0.0003493754913092847
681850,3,1,-2,category_id,5.317169139150316e-05,0.00017468774565464234
685330,21,35,14,category_id,0.0,-0.0012228142195824963
685742,7,3,-4,category_id,0.00010634338278300632,0.0003493754913092847
685988,101,70,-31,category_id,0.000824161216568299,0.002707660057646956
687541,1,0,-1,category_id,2.658584569575158e-05,8.734387282732117e-05
687827,2,4,2,category_id,0.0,-0.00017468774565464234
690811,67,60,-7,category_id,0.00018610091987026107,0.0006114071097912482
693142,1,0,-1,category_id,2.658584569575158e-05,8.734387282732117e-05
693937,7,12,5,category_id,0.0,-0.0004367193641366058
699361,14,10,-4,category_id,0.00010634338278300632,0.0003493754913092847
702060,9,15,6,category_id,0.0,-0.000524063236963927
703487,142,133,-9,category_id,0.00023927261126176425,0.0007860948554458904
703717,2,7,5,category_id,0.0,-0.0004367193641366058
703852,1,2,1,category_id,0.0,-8.734387282732117e-05
704515,4,2,-2,category_id,5.317169139150316e-05,0.00017468774565464234
708574,2,1,-1,category_id,2.658584569575158e-05,8.734387282732117e-05
711599,2,5,3,category_id,0.0,-0.0002620316184819635
712478,1,2,1,category_id,0.0,-8.734387282732117e-05
713342,6,1,-5,category_id,0.00013292922847875791,0.0004367193641366058
713487,0,1,1,category_id,0.0,-8.734387282732117e-05
713731,15,10,-5,category_id,0.00013292922847875791,0.0004367193641366058
714348,9,3,-6,category_id,0.0001595150741745095,0.000524063236963927
715319,53,40,-13,category_id,0.00034561599404477056,0.001135470346755175
715415,3,0,-3,category_id,7.975753708725475e-05,0.0002620316184819635
715487,13,8,-5,category_id,0.00013292922847875791,0.0004367193641366058
715950,14,1,-13,category_id,0.00034561599404477056,0.001135470346755175
716577,3,0,-3,category_id,7.975753708725475e-05,0.0002620316184819635
717033,5,7,2,category_id,0.0,-0.00017468774565464234
718211,5,3,-2,category_id,5.317169139150316e-05,0.00017468774565464234
719442,30,29,-1,category_id,2.658584569575158e-05,8.734387282732117e-05
720055,21,20,-1,category_id,2.658584569575158e-05,8.734387282732117e-05
720513,31,13,-18,category_id,0.0004785452225235285,0.0015721897108917809
720666,15,7,-8,category_id,0.00021268676556601265,0.0006987509826185693
721242,18,10,-8,category_id,0.00021268676556601265,0.0006987509826185693
721664,76,80,4,category_id,0.0,-0.0003493754913092847
722302,1,5,4,category_id,0.0,-0.0003493754913092847
722797,2,7,5,category_id,0.0,-0.0004367193641366058
722945,204,154,-50,category_id,0.001329292284787579,0.0043671936413660585
724320,40,41,1,category_id,0.0,-8.734387282732117e-05
725994,0,1,1,category_id,0.0,-8.734387282732117e-05
727648,0,2,2,category_id,0.0,-0.00017468774565464234
728641,10,9,-1,category_id,2.658584569575158e-05,8.734387282732117e-05
729017,0,1,1,category_id,0.0,-8.734387282732117e-05
731056,8,10,2,category_id,0.0,-0.00017468774565464234
731293,2,0,-2,category_id,5.317169139150316e-05,0.00017468774565464234
733013,0,1,1,category_id,0.0,-8.734387282732117e-05
733088,1,0,-1,category_id,2.658584569575158e-05,8.734387282732117e-05
733959,1,1,0,category_id,0.0,-0.0
734018,0,2,2,category_id,0.0,-0.00017468774565464234
734809,41,48,7,category_id,0.0,-0.0006114071097912482
735872,2,5,3,category_id,0.0,-0.0002620316184819635
737184,68,69,1,category_id,0.0,-8.734387282732117e-05
737405,9,5,-4,category_id,0.00010634338278300632,0.0003493754913092847
738207,1,0,-1,category_id,2.658584569575158e-05,8.734387282732117e-05
738670,13,14,1,category_id,0.0,-8.734387282732117e-05
738823,0,2,2,category_id,0.0,-0.00017468774565464234
739426,182,131,-51,category_id,0.0013558781304833308,0.0044545375141933794
739663,23,20,-3,category_id,7.975753708725475e-05,0.0002620316184819635
741645,2,8,6,category_id,0.0,-0.000524063236963927
745134,2,1,-1,category_id,2.658584569575158e-05,8.734387282732117e-05
746548,6,7,1,category_id,0.0,-8.734387282732117e-05
747109,21,27,6,category_id,0.0,-0.000524063236963927
748392,1,1,0,category_id,0.0,-0.0
749203,32,14,-18,category_id,0.0004785452225235285,0.0015721897108917809
749585,3,4,1,category_id,0.0,-8.734387282732117e-05
749692,3,2,-1,category_id,2.658584569575158e-05,8.734387282732117e-05
750949,123,147,24,category_id,0.0,-0.002096252947855708
751105,16,13,-3,category_id,7.975753708725475e-05,0.0002620316184819635
751494,20,11,-9,category_id,0.00023927261126176425,0.0007860948554458904
751979,1,0,-1,category_id,2.658584569575158e-05,8.734387282732117e-05
752128,5,8,3,category_id,0.0,-0.0002620316184819635
753591,3,0,-3,category_id,7.975753708725475e-05,0.0002620316184819635
753984,435,388,-47,category_id,0.0012495347477003242,0.004105162022884095
754344,7,2,-5,category_id,0.00013292922847875791,0.0004367193641366058
755175,8,16,8,category_id,0.0,-0.0006987509826185693
756477,1,2,1,category_id,0.0,-8.734387282732117e-05
757182,1,3,2,category_id,0.0,-0.00017468774565464234
757249,2,5,3,category_id,0.0,-0.0002620316184819635
757910,159,108,-51,category_id,0.0013558781304833308,0.0044545375141933794
759560,4,4,0,category_id,0.0,-0.0
761059,18,21,3,category_id,0.0,-0.0002620316184819635
764558,9,10,1,category_id,0.0,-8.734387282732117e-05
764716,0,2,2,category_id,0.0,-0.00017468774565464234
767106,135,100,-35,category_id,0.0009305045993513053,0.0030570355489562408
768709,5,10,5,category_id,0.0,-0.0004367193641366058
770683,1,0,-1,category_id,2.658584569575158e-05,8.734387282732117e-05
771062,1,1,0,category_id,0.0,-0.0
772629,101,99,-2,category_id,5.317169139150316e-05,0.00017468774565464234
772894,144,162,18,category_id,0.0,-0.0015721897108917809
773704,1,1,0,category_id,0.0,-0.0
773961,6,12,6,category_id,0.0,-0.000524063236963927
777142,2,1,-1,category_id,2.658584569575158e-05,8.734387282732117e-05
777988,6,3,-3,category_id,7.975753708725475e-05,0.0002620316184819635
778398,2,4,2,category_id,0.0,-0.00017468774565464234
779756,0,1,1,category_id,0.0,-8.734387282732117e-05
781315,56,54,-2,category_id,5.317169139150316e-05,0.00017468774565464234
783366,1,0,-1,category_id,2.658584569575158e-05,8.734387282732117e-05
784055,0,2,2,category_id,0.0,-0.00017468774565464234
784204,5,5,0,category_id,0.0,-0.0
784716,12,3,-9,category_id,0.00023927261126176425,0.0007860948554458904
784830,4,4,0,category_id,0.0,-0.0
784897,6,10,4,category_id,0.0,-0.0003493754913092847
789422,1,0,-1,category_id,2.658584569575158e-05,8.734387282732117e-05
791327,59,38,-21,category_id,0.0005583027596107832,0.0018342213293737445
792836,1,1,0,category_id,0.0,-0.0
793987,6,3,-3,category_id,7.975753708725475e-05,0.0002620316184819635
794153,29,28,-1,category_id,2.658584569575158e-05,8.734387282732117e-05
795297,0,1,1,category_id,0.0,-8.734387282732117e-05
796075,4,5,1,category_id,0.0,-8.734387282732117e-05
796715,0,2,2,category_id,0.0,-0.00017468774565464234
796856,129,110,-19,category_id,0.0005051310682192801,0.001659533583719102
797511,1,2,1,category_id,0.0,-8.734387282732117e-05
800190,22,29,7,category_id,0.0,-0.0006114071097912482
800581,857,770,-87,category_id,0.0023129685755303876,0.007598916935976942
801221,630,682,52,category_id,0.0,-0.0045418813870207
801765,3,0,-3,category_id,7.975753708725475e-05,0.0002620316184819635
801865,0,2,2,category_id,0.0,-0.00017468774565464234
802833,10,17,7,category_id,0.0,-0.0006114071097912482
802883,3,3,0,category_id,0.0,-0.0
803507,12,12,0,category_id,0.0,-0.0
804084,110,263,153,category_id,0.0,-0.013363612542580137
805111,2,1,-1,category_id,2.658584569575158e-05,8.734387282732117e-05
805879,12,18,6,category_id,0.0,-0.000524063236963927
807138,11,11,0,category_id,0.0,-0.0
807278,5,1,-4,category_id,0.00010634338278300632,0.0003493754913092847
807480,1,2,1,category_id,0.0,-8.734387282732117e-05
807963,9,8,-1,category_id,2.658584569575158e-05,8.734387282732117e-05
808429,0,1,1,category_id,0.0,-8.734387282732117e-05
809709,7,10,3,category_id,0.0,-0.0002620316184819635
810632,72,82,10,category_id,0.0,-0.0008734387282732116
811456,0,1,1,category_id,0.0,-8.734387282732117e-05
813789,0,1,1,category_id,0.0,-8.734387282732117e-05
813818,14,9,-5,category_id,0.00013292922847875791,0.0004367193641366058
814178,14,12,-2,category_id,5.317169139150316e-05,0.00017468774565464234
814566,1,0,-1,category_id,2.658584569575158e-05,8.734387282732117e-05
815311,87,67,-20,category_id,0.0005317169139150317,0.0017468774565464233
815501,86,54,-32,category_id,0.0008507470622640506,0.0027950039304742774
815579,2,0,-2,category_id,5.317169139150316e-05,0.00017468774565464234
817164,30,32,2,category_id,0.0,-0.00017468774565464234
818120,0,1,1,category_id,0.0,-8.734387282732117e-05
820364,4,3,-1,category_id,2.658584569575158e-05,8.734387282732117e-05
820597,8,22,14,category_id,0.0,-0.0012228142195824963
820727,10,18,8,category_id,0.0,-0.0006987509826185693
822242,11,17,6,category_id,0.0,-0.000524063236963927
823219,2,0,-2,category_id,5.317169139150316e-05,0.00017468774565464234
823629,0,1,1,category_id,0.0,-8.734387282732117e-05
824180,6,1,-5,category_id,0.00013292922847875791,0.0004367193641366058
825165,5,6,1,category_id,0.0,-8.734387282732117e-05
825537,3,2,-1,category_id,2.658584569575158e-05,8.734387282732117e-05
825827,1,1,0,category_id,0.0,-0.0
826250,1,4,3,category_id,0.0,-0.0002620316184819635
827837,3,0,-3,category_id,7.975753708725475e-05,0.0002620316184819635
828063,4,6,2,category_id,0.0,-0.00017468774565464234
829858,1,2,1,category_id,0.0,-8.734387282732117e-05
830622,1,2,1,category_id,0.0,-8.734387282732117e-05
831271,17,14,-3,category_id,7.975753708725475e-05,0.0002620316184819635
832330,4,3,-1,category_id,2.658584569575158e-05,8.734387282732117e-05
832574,7,2,-5,category_id,0.00013292922847875791,0.0004367193641366058
833218,2,0,-2,category_id,5.317169139150316e-05,0.00017468774565464234
833866,8,15,7,category_id,0.0,-0.0006114071097912482
834620,4,6,2,category_id,0.0,-0.00017468774565464234
834876,1,0,-1,category_id,2.658584569575158e-05,8.734387282732117e-05
835003,1,0,-1,category_id,2.658584569575158e-05,8.734387282732117e-05
835752,1,0,-1,category_id,2.658584569575158e-05,8.734387282732117e-05
835895,2,2,0,category_id,0.0,-0.0
836490,0,2,2,category_id,0.0,-0.00017468774565464234
837488,7,4,-3,category_id,7.975753708725475e-05,0.0002620316184819635
838020,0,1,1,category_id,0.0,-8.734387282732117e-05
838388,0,1,1,category_id,0.0,-8.734387282732117e-05
838946,75,97,22,category_id,0.0,-0.0019215652022010656
839167,6,1,-5,category_id,0.00013292922847875791,0.0004367193641366058
841074,1,4,3,category_id,0.0,-0.0002620316184819635
841380,20,6,-14,category_id,0.00037220183974052214,0.0012228142195824963
841696,56,60,4,category_id,0.0,-0.0003493754913092847
842205,3,4,1,category_id,0.0,-8.734387282732117e-05
843337,1,4,3,category_id,0.0,-0.0002620316184819635
844212,3,1,-2,category_id,5.317169139150316e-05,0.00017468774565464234
844760,4,2,-2,category_id,5.317169139150316e-05,0.00017468774565464234
845239,3,4,1,category_id,0.0,-8.734387282732117e-05
845370,4,2,-2,category_id,5.317169139150316e-05,0.00017468774565464234
845650,98,66,-32,category_id,0.0008507470622640506,0.0027950039304742774
846990,823,673,-150,category_id,0.003987876854362737,0.013101580924098175
848089,2,0,-2,category_id,5.317169139150316e-05,0.00017468774565464234
848854,28,32,4,category_id,0.0,-0.0003493754913092847
850104,4,3,-1,category_id,2.658584569575158e-05,8.734387282732117e-05
850941,3,3,0,category_id,0.0,-0.0
851937,5,4,-1,category_id,2.658584569575158e-05,8.734387282732117e-05
854059,51,77,26,category_id,0.0,-0.00227094069351035
856543,3,7,4,category_id,0.0,-0.0003493754913092847
856718,49,56,7,category_id,0.0,-0.0006114071097912482
856881,0,1,1,category_id,0.0,-8.734387282732117e-05
857232,3,1,-2,category_id,5.317169139150316e-05,0.00017468774565464234
858185,6,1,-5,category_id,0.00013292922847875791,0.0004367193641366058
858756,33,42,9,category_id,0.0,-0.0007860948554458904
858800,15,12,-3,category_id,7.975753708725475e-05,0.0002620316184819635
859406,0,2,2,category_id,0.0,-0.00017468774565464234
860357,45,37,-8,category_id,0.00021268676556601265,0.0006987509826185693
861104,2,1,-1,category_id,2.658584569575158e-05,8.734387282732117e-05
861112,1,0,-1,category_id,2.658584569575158e-05,8.734387282732117e-05
861353,0,1,1,category_id,0.0,-8.734387282732117e-05
862523,23,17,-6,category_id,0.0001595150741745095,0.000524063236963927
862987,1,2,1,category_id,0.0,-8.734387282732117e-05
863375,200,124,-76,category_id,0.0020205242728771203,0.006638134334876408
863775,15,10,-5,category_id,0.00013292922847875791,0.0004367193641366058
863892,2,2,0,category_id,0.0,-0.0
864277,4,4,0,category_id,0.0,-0.0
864424,23,17,-6,category_id,0.0001595150741745095,0.000524063236963927
865039,80,89,9,category_id,0.0,-0.0007860948554458904
865432,1,0,-1,category_id,2.658584569575158e-05,8.734387282732117e-05
865919,1,1,0,category_id,0.0,-0.0
866301,936,961,25,category_id,0.0,-0.0021835968206830292
866945,2,0,-2,category_id,5.317169139150316e-05,0.00017468774565464234
866955,2,1,-1,category_id,2.658584569575158e-05,8.734387282732117e-05
869231,55,60,5,category_id,0.0,-0.0004367193641366058
869764,10,13,3,category_id,0.0,-0.0002620316184819635
871215,2,0,-2,category_id,5.317169139150316e-05,0.00017468774565464234
871669,0,1,1,category_id,0.0,-8.734387282732117e-05
872572,1,6,5,category_id,0.0,-0.0004367193641366058
873298,3,3,0,category_id,0.0,-0.0
873521,11,4,-7,category_id,0.00018610091987026107,0.0006114071097912482
873792,45,65,20,category_id,0.0,-0.0017468774565464233
874007,28,24,-4,category_id,0.00010634338278300632,0.0003493754913092847
874340,0,1,1,category_id,0.0,-8.734387282732117e-05
874415,345,346,1,category_id,0.0,-8.734387282732117e-05
876318,119,130,11,category_id,0.0,-0.0009607826011005328
876499,2,3,1,category_id,0.0,-8.734387282732117e-05
878325,14,15,1,category_id,0.0,-8.734387282732117e-05
878813,4,0,-4,category_id,0.00010634338278300632,0.0003493754913092847
879091,1,0,-1,category_id,2.658584569575158e-05,8.734387282732117e-05
880612,0,1,1,category_id,0.0,-8.734387282732117e-05
880704,17,19,2,category_id,0.0,-0.00017468774565464234
882095,23,29,6,category_id,0.0,-0.000524063236963927
882098,4,1,-3,category_id,7.975753708725475e-05,0.0002620316184819635
882707,74,46,-28,category_id,0.0007444036794810443,0.0024456284391649926
883306,8,4,-4,category_id,0.00010634338278300632,0.0003493754913092847
883540,3,1,-2,category_id,5.317169139150316e-05,0.00017468774565464234
883960,754,782,28,category_id,0.0,-0.0024456284391649926
884828,6,6,0,category_id,0.0,-0.0
885811,5,2,-3,category_id,7.975753708725475e-05,0.0002620316184819635
886180,0,1,1,category_id,0.0,-8.734387282732117e-05
886203,274,227,-47,category_id,0.0012495347477003242,0.004105162022884095
886304,6,5,-1,category_id,2.658584569575158e-05,8.734387282732117e-05
886708,1,7,6,category_id,0.0,-0.000524063236963927
887729,1,1,0,category_id,0.0,-0.0
888094,54,57,3,category_id,0.0,-0.0002620316184819635
888406,0,1,1,category_id,0.0,-8.734387282732117e-05
888921,6,3,-3,category_id,7.975753708725475e-05,0.0002620316184819635
890050,41,37,-4,category_id,0.00010634338278300632,0.0003493754913092847
892254,12,13,1,category_id,0.0,-8.734387282732117e-05
893651,30,37,7,category_id,0.0,-0.0006114071097912482
893978,0,1,1,category_id,0.0,-8.734387282732117e-05
894646,1,3,2,category_id,0.0,-0.00017468774565464234
895939,93,80,-13,category_id,0.00034561599404477056,0.001135470346755175
897580,1,3,2,category_id,0.0,-0.00017468774565464234
898327,29,22,-7,category_id,0.00018610091987026107,0.0006114071097912482
898578,18,19,1,category_id,0.0,-8.734387282732117e-05
899236,4,3,-1,category_id,2.658584569575158e-05,8.734387282732117e-05
899505,2,0,-2,category_id,5.317169139150316e-05,0.00017468774565464234
900930,1,0,-1,category_id,2.658584569575158e-05,8.734387282732117e-05
901282,464,436,-28,category_id,0.0007444036794810443,0.0024456284391649926
902410,46,57,11,category_id,0.0,-0.0009607826011005328
902556,15,7,-8,category_id,0.00021268676556601265,0.0006987509826185693
903809,1518,1709,191,category_id,0.0,-0.01668267971001834
904454,261,197,-64,category_id,0.0017014941245281012,0.005590007860948555
904673,0,1,1,category_id,0.0,-8.734387282732117e-05
904807,0,1,1,category_id,0.0,-8.734387282732117e-05
906010,4,6,2,category_id,0.0,-0.00017468774565464234
906276,3,2,-1,category_id,2.658584569575158e-05,8.734387282732117e-05
906660,0,1,1,category_id,0.0,-8.734387282732117e-05
906800,26,16,-10,category_id,0.00026585845695751583,0.0008734387282732116
907178,1,1,0,category_id,0.0,-0.0
907846,4,3,-1,category_id,2.658584569575158e-05,8.734387282732117e-05
910741,8,3,-5,category_id,0.00013292922847875791,0.0004367193641366058
913035,26,35,9,category_id,0.0,-0.0007860948554458904
913428,1,0,-1,category_id,2.658584569575158e-05,8.734387282732117e-05
914224,1,1,0,category_id,0.0,-0.0
914596,4,3,-1,category_id,2.658584569575158e-05,8.734387282732117e-05
916706,1,1,0,category_id,0.0,-0.0
916918,6,3,-3,category_id,7.975753708725475e-05,0.0002620316184819635
916973,41,25,-16,category_id,0.0004253735311320253,0.0013975019652371387
917578,3,3,0,category_id,0.0,-0.0
918999,1,4,3,category_id,0.0,-0.0002620316184819635
920038,16,17,1,category_id,0.0,-8.734387282732117e-05
921298,1,1,0,category_id,0.0,-0.0
921799,0,4,4,category_id,0.0,-0.0003493754913092847
922189,96,80,-16,category_id,0.0004253735311320253,0.0013975019652371387
922588,25,26,1,category_id,0.0,-8.734387282732117e-05
922825,7,4,-3,category_id,7.975753708725475e-05,0.0002620316184819635
922990,0,3,3,category_id,0.0,-0.0002620316184819635
923467,0,1,1,category_id,0.0,-8.734387282732117e-05
923586,9,6,-3,category_id,7.975753708725475e-05,0.0002620316184819635
924708,49,32,-17,category_id,0.00045195937682777687,0.0014848458380644597
926345,5,6,1,category_id,0.0,-8.734387282732117e-05
926985,2,3,1,category_id,0.0,-8.734387282732117e-05
927764,19,19,0,category_id,0.0,-0.0
928334,1,1,0,category_id,0.0,-0.0
928449,24,17,-7,category_id,0.00018610091987026107,0.0006114071097912482
929495,3,2,-1,category_id,2.658584569575158e-05,8.734387282732117e-05
929749,8,11,3,category_id,0.0,-0.0002620316184819635
930394,12,8,-4,category_id,0.00010634338278300632,0.0003493754913092847
933311,0,1,1,category_id,0.0,-8.734387282732117e-05
937184,1,1,0,category_id,0.0,-0.0
937407,56,41,-15,category_id,0.0003987876854362737,0.0013101580924098175
937781,19,101,82,category_id,0.0,-0.007162197571840335
940822,60,52,-8,category_id,0.00021268676556601265,0.0006987509826185693
941706,7,9,2,category_id,0.0,-0.00017468774565464234
941949,134,86,-48,category_id,0.001276120593396076,0.004192505895711416
943641,4,3,-1,category_id,2.658584569575158e-05,8.734387282732117e-05
944342,3,1,-2,category_id,5.317169139150316e-05,0.00017468774565464234
944818,40,30,-10,category_id,0.00026585845695751583,0.0008734387282732116
946991,4,3,-1,category_id,2.658584569575158e-05,8.734387282732117e-05
949648,20,27,7,category_id,0.0,-0.0006114071097912482
949896,0,1,1,category_id,0.0,-8.734387282732117e-05
950439,14,9,-5,category_id,0.00013292922847875791,0.0004367193641366058
954435,3,2,-1,category_id,2.658584569575158e-05,8.734387282732117e-05
955432,8,11,3,category_id,0.0,-0.0002620316184819635
955834,1,4,3,category_id,0.0,-0.0002620316184819635
956866,1,0,-1,category_id,2.658584569575158e-05,8.734387282732117e-05
956971,1,2,1,category_id,0.0,-8.734387282732117e-05
957119,184,164,-20,category_id,0.0005317169139150317,0.0017468774565464233
957385,5,7,2,category_id,0.0,-0.00017468774565464234
958821,15,10,-5,category_id,0.00013292922847875791,0.0004367193641366058
959452,26,29,3,category_id,0.0,-0.0002620316184819635
959702,3,0,-3,category_id,7.975753708725475e-05,0.0002620316184819635
960102,42,50,8,category_id,0.0,-0.0006987509826185693
960298,7,5,-2,category_id,5.317169139150316e-05,0.00017468774565464234
963285,11,4,-7,category_id,0.00018610091987026107,0.0006114071097912482
963661,2,6,4,category_id,0.0,-0.0003493754913092847
964912,36,48,12,category_id,0.0,-0.001048126473927854
965238,0,1,1,category_id,0.0,-8.734387282732117e-05
965505,1,0,-1,category_id,2.658584569575158e-05,8.734387282732117e-05
965809,1202,1080,-122,category_id,0.003243473174881693,0.010655952484933182
970338,44,31,-13,category_id,0.00034561599404477056,0.001135470346755175
970588,1,0,-1,category_id,2.658584569575158e-05,8.734387282732117e-05
970709,385,230,-155,category_id,0.004120806082841495,0.013538300288234781
971617,1,0,-1,category_id,2.658584569575158e-05,8.734387282732117e-05
972597,16,20,4,category_id,0.0,-0.0003493754913092847
972851,2,1,-1,category_id,2.658584569575158e-05,8.734387282732117e-05
973389,6,4,-2,category_id,5.317169139150316e-05,0.00017468774565464234
974282,4,2,-2,category_id,5.317169139150316e-05,0.00017468774565464234
976128,1,0,-1,category_id,2.658584569575158e-05,8.734387282732117e-05
976550,5,6,1,category_id,0.0,-8.734387282732117e-05
977169,2,3,1,category_id,0.0,-8.734387282732117e-05
979216,2,3,1,category_id,0.0,-8.734387282732117e-05
979761,15,9,-6,category_id,0.0001595150741745095,0.000524063236963927
980025,7,6,-1,category_id,2.658584569575158e-05,8.734387282732117e-05
980774,1,0,-1,category_id,2.658584569575158e-05,8.734387282732117e-05
980785,85,42,-43,category_id,0.001143191364917318,0.00375578653157481
981149,6,1,-5,category_id,0.00013292922847875791,0.0004367193641366058
982081,41,16,-25,category_id,0.0006646461423937895,0.0021835968206830292
982221,2,2,0,category_id,0.0,-0.0
982926,2650,2578,-72,category_id,0.001914180890094114,0.0062887588435671235
983613,134,128,-6,category_id,0.0001595150741745095,0.000524063236963927
984003,3,3,0,category_id,0.0,-0.0
984238,4,6,2,category_id,0.0,-0.00017468774565464234
985237,7,6,-1,category_id,2.658584569575158e-05,8.734387282732117e-05
986862,1,0,-1,category_id,2.658584569575158e-05,8.734387282732117e-05
986947,0,1,1,category_id,0.0,-8.734387282732117e-05
989763,26,19,-7,category_id,0.00018610091987026107,0.0006114071097912482
990111,0,1,1,category_id,0.0,-8.734387282732117e-05
990264,0,1,1,category_id,0.0,-8.734387282732117e-05
990723,7,8,1,category_id,0.0,-8.734387282732117e-05
991102,5,5,0,category_id,0.0,-0.0
991317,20,11,-9,category_id,0.00023927261126176425,0.0007860948554458904
992333,1,0,-1,category_id,2.658584569575158e-05,8.734387282732117e-05
992700,17,11,-6,category_id,0.0001595150741745095,0.000524063236963927
994002,20,21,1,category_id,0.0,-8.734387282732117e-05
994464,6,7,1,category_id,0.0,-8.734387282732117e-05
996449,34,43,9,category_id,0.0,-0.0007860948554458904
996587,19,24,5,category_id,0.0,-0.0004367193641366058
998114,9,15,6,category_id,0.0,-0.000524063236963927
999348,0,1,1,category_id,0.0,-8.734387282732117e-05
999755,89,86,-3,category_id,7.975753708725475e-05,0.0002620316184819635
999980,3,4,1,category_id,0.0,-8.734387282732117e-05
1000858,1,3,2,category_id,0.0,-0.00017468774565464234
1000959,2,2,0,category_id,0.0,-0.0
1004392,8,4,-4,category_id,0.00010634338278300632,0.0003493754913092847
1007591,3,4,1,category_id,0.0,-8.734387282732117e-05
1007732,10,10,0,category_id,0.0,-0.0
1008109,2,1,-1,category_id,2.658584569575158e-05,8.734387282732117e-05
1008362,145,142,-3,category_id,7.975753708725475e-05,0.0002620316184819635
1009182,106,79,-27,category_id,0.0007178178337852927,0.0023582845663376716
1009667,7,2,-5,category_id,0.00013292922847875791,0.0004367193641366058
1010656,71,68,-3,category_id,7.975753708725475e-05,0.0002620316184819635
1012333,14,13,-1,category_id,2.658584569575158e-05,8.734387282732117e-05
1013185,4,0,-4,category_id,0.00010634338278300632,0.0003493754913092847
1013319,54,73,19,category_id,0.0,-0.001659533583719102
1014423,19,17,-2,category_id,5.317169139150316e-05,0.00017468774565464234
1014564,59,60,1,category_id,0.0,-8.734387282732117e-05
1015419,48,26,-22,category_id,0.0005848886053065348,0.0019215652022010656
1016735,1,0,-1,category_id,2.658584569575158e-05,8.734387282732117e-05
1016971,0,2,2,category_id,0.0,-0.00017468774565464234
1019195,1,0,-1,category_id,2.658584569575158e-05,8.734387282732117e-05
1019260,91,78,-13,category_id,0.00034561599404477056,0.001135470346755175
1019845,4,6,2,category_id,0.0,-0.00017468774565464234
1020087,29,32,3,category_id,0.0,-0.0002620316184819635
1021251,2,1,-1,category_id,2.658584569575158e-05,8.734387282732117e-05
1023710,37,73,36,category_id,0.0,-0.0031443794217835617
1023823,101,133,32,category_id,0.0,-0.0027950039304742774
1025720,140,113,-27,category_id,0.0007178178337852927,0.0023582845663376716
1025906,5,7,2,category_id,0.0,-0.00017468774565464234
1026155,2,3,1,category_id,0.0,-8.734387282732117e-05
1026507,6,36,30,category_id,0.0,-0.002620316184819635
1027692,0,1,1,category_id,0.0,-8.734387282732117e-05
1029306,4,9,5,category_id,0.0,-0.0004367193641366058
1029459,1198,1215,17,category_id,0.0,-0.0014848458380644597
1030192,129,143,14,category_id,0.0,-0.0012228142195824963
1030331,28,25,-3,category_id,7.975753708725475e-05,0.0002620316184819635
1031083,14,13,-1,category_id,2.658584569575158e-05,8.734387282732117e-05
1032185,17,11,-6,category_id,0.0001595150741745095,0.000524063236963927
1032791,2,3,1,category_id,0.0,-8.734387282732117e-05
1034344,1,0,-1,category_id,2.658584569575158e-05,8.734387282732117e-05
1037069,0,5,5,category_id,0.0,-0.0004367193641366058
1037905,2,6,4,category_id,0.0,-0.0003493754913092847
1038897,0,1,1,category_id,0.0,-8.734387282732117e-05
1040356,44,53,9,category_id,0.0,-0.0007860948554458904
1040727,11,16,5,category_id,0.0,-0.0004367193641366058
1041861,2,0,-2,category_id,5.317169139150316e-05,0.00017468774565464234
1043312,6,10,4,category_id,0.0,-0.0003493754913092847
1044282,7,0,-7,category_id,0.00018610091987026107,0.0006114071097912482
1045172,354,395,41,category_id,0.0,-0.0035810987859201675
1046047,144,115,-29,category_id,0.0007709895251767959,0.0025329723119923136
1046845,5,1,-4,category_id,0.00010634338278300632,0.0003493754913092847
1047062,0,1,1,category_id,0.0,-8.734387282732117e-05
1047470,7,0,-7,category_id,0.00018610091987026107,0.0006114071097912482
1048697,7,3,-4,category_id,0.00010634338278300632,0.0003493754913092847
1050007,123,109,-14,category_id,0.00037220183974052214,0.0012228142195824963
1050400,1,0,-1,category_id,2.658584569575158e-05,8.734387282732117e-05
1051222,2,0,-2,category_id,5.317169139150316e-05,0.00017468774565464234
1051370,513,553,40,category_id,0.0,-0.0034937549130928465
1053312,3,6,3,category_id,0.0,-0.0002620316184819635
1055496,8,3,-5,category_id,0.00013292922847875791,0.0004367193641366058
1057768,0,1,1,category_id,0.0,-8.734387282732117e-05
1058331,9,15,6,category_id,0.0,-0.000524063236963927
1059450,1,3,2,category_id,0.0,-0.00017468774565464234
1059480,1,0,-1,category_id,2.658584569575158e-05,8.734387282732117e-05
1059665,6,3,-3,category_id,7.975753708725475e-05,0.0002620316184819635
1060525,0,3,3,category_id,0.0,-0.0002620316184819635
1061857,66,78,12,category_id,0.0,-0.001048126473927854
1062056,1,0,-1,category_id,2.658584569575158e-05,8.734387282732117e-05
1062391,5,7,2,category_id,0.0,-0.00017468774565464234
1063498,0,1,1,category_id,0.0,-8.734387282732117e-05
1064138,0,1,1,category_id,0.0,-8.734387282732117e-05
1065421,3,1,-2,category_id,5.317169139150316e-05,0.00017468774565464234
1066563,3,3,0,category_id,0.0,-0.0
1066674,10,26,16,category_id,0.0,-0.0013975019652371387
1066775,2,0,-2,category_id,5.317169139150316e-05,0.00017468774565464234
1068933,151,158,7,category_id,0.0,-0.0006114071097912482
1069119,3,3,0,category_id,0.0,-0.0
1072393,4,0,-4,category_id,0.00010634338278300632,0.0003493754913092847
1073472,6,6,0,category_id,0.0,-0.0
1073699,10,2,-8,category_id,0.00021268676556601265,0.0006987509826185693
1073768,36,31,-5,category_id,0.00013292922847875791,0.0004367193641366058
1074254,320,214,-106,category_id,0.002818099643749668,0.009258450519696043
1075533,17,18,1,category_id,0.0,-8.734387282732117e-05
1076837,1,1,0,category_id,0.0,-0.0
1079216,1,1,0,category_id,0.0,-0.0
1079326,5,5,0,category_id,0.0,-0.0
1080785,456,424,-32,category_id,0.0008507470622640506,0.0027950039304742774
1080925,11,7,-4,category_id,0.00010634338278300632,0.0003493754913092847
1081037,28,23,-5,category_id,0.00013292922847875791,0.0004367193641366058
1081429,1,0,-1,category_id,2.658584569575158e-05,8.734387282732117e-05
1082035,15,13,-2,category_id,5.317169139150316e-05,0.00017468774565464234
1082203,1,0,-1,category_id,2.658584569575158e-05,8.734387282732117e-05
1082838,10,10,0,category_id,0.0,-0.0
1084665,16,14,-2,category_id,5.317169139150316e-05,0.00017468774565464234
1087136,1,3,2,category_id,0.0,-0.00017468774565464234
1088357,2,7,5,category_id,0.0,-0.0004367193641366058
1088600,1,1,0,category_id,0.0,-0.0
1088738,14,11,-3,category_id,7.975753708725475e-05,0.0002620316184819635
1089105,0,1,1,category_id,0.0,-8.734387282732117e-05
1089337,1,1,0,category_id,0.0,-0.0
1089685,93,89,-4,category_id,0.00010634338278300632,0.0003493754913092847
1090746,1,1,0,category_id,0.0,-0.0
1090997,77,50,-27,category_id,0.0007178178337852927,0.0023582845663376716
1092085,2,2,0,category_id,0.0,-0.0
1094282,3,4,1,category_id,0.0,-8.734387282732117e-05
1096739,1,3,2,category_id,0.0,-0.00017468774565464234
1097635,4,5,1,category_id,0.0,-8.734387282732117e-05
1098042,1,1,0,category_id,0.0,-0.0
1098175,4,2,-2,category_id,5.317169139150316e-05,0.00017468774565464234
1102540,266,223,-43,category_id,0.001143191364917318,0.00375578653157481
1104384,2,3,1,category_id,0.0,-8.734387282732117e-05
1104592,95,59,-36,category_id,0.000957090445047057,0.0031443794217835617
1104822,1,1,0,category_id,0.0,-0.0
1106292,13,9,-4,category_id,0.00010634338278300632,0.0003493754913092847
1106734,0,1,1,category_id,0.0,-8.734387282732117e-05
1106870,1,3,2,category_id,0.0,-0.00017468774565464234
1107116,3,2,-1,category_id,2.658584569575158e-05,8.734387282732117e-05
1107469,27,26,-1,category_id,2.658584569575158e-05,8.734387282732117e-05
1108912,26,26,0,category_id,0.0,-0.0
1109050,2,0,-2,category_id,5.317169139150316e-05,0.00017468774565464234
1109293,15,8,-7,category_id,0.00018610091987026107,0.0006114071097912482
1112773,7,2,-5,category_id,0.00013292922847875791,0.0004367193641366058
1113144,0,1,1,category_id,0.0,-8.734387282732117e-05
1113655,2,1,-1,category_id,2.658584569575158e-05,8.734387282732117e-05
1113817,26,19,-7,category_id,0.00018610091987026107,0.0006114071097912482
1117098,7,8,1,category_id,0.0,-8.734387282732117e-05
1119378,1,2,1,category_id,0.0,-8.734387282732117e-05
1119638,5,4,-1,category_id,2.658584569575158e-05,8.734387282732117e-05
1120543,0,2,2,category_id,0.0,-0.00017468774565464234
1120963,1,0,-1,category_id,2.658584569575158e-05,8.734387282732117e-05
1121141,0,1,1,category_id,0.0,-8.734387282732117e-05
1122547,1,1,0,category_id,0.0,-0.0
1123103,0,1,1,category_id,0.0,-8.734387282732117e-05
1124123,1,1,0,category_id,0.0,-0.0
1124773,1,0,-1,category_id,2.658584569575158e-05,8.734387282732117e-05
1124842,2,1,-1,category_id,2.658584569575158e-05,8.734387282732117e-05
1125484,14,8,-6,category_id,0.0001595150741745095,0.000524063236963927
1125802,1,1,0,category_id,0.0,-0.0
1125862,67,78,11,category_id,0.0,-0.0009607826011005328
1126526,18,18,0,category_id,0.0,-0.0
1127151,2,1,-1,category_id,2.658584569575158e-05,8.734387282732117e-05
1127566,150,170,20,category_id,0.0,-0.0017468774565464233
1127791,1,6,5,category_id,0.0,-0.0004367193641366058
1128240,5,6,1,category_id,0.0,-8.734387282732117e-05
1130080,1,1,0,category_id,0.0,-0.0
1132429,18,20,2,category_id,0.0,-0.00017468774565464234
1132465,7,8,1,category_id,0.0,-8.734387282732117e-05
1133273,1,5,4,category_id,0.0,-0.0003493754913092847
1135708,12,7,-5,category_id,0.00013292922847875791,0.0004367193641366058
1136219,5,8,3,category_id,0.0,-0.0002620316184819635
1136776,28,28,0,category_id,0.0,-0.0
1140902,2,3,1,category_id,0.0,-8.734387282732117e-05
1142026,0,1,1,category_id,0.0,-8.734387282732117e-05
1142751,1,0,-1,category_id,2.658584569575158e-05,8.734387282732117e-05
1143558,0,1,1,category_id,0.0,-8.734387282732117e-05
1143790,0,1,1,category_id,0.0,-8.734387282732117e-05
1143882,1,0,-1,category_id,2.658584569575158e-05,8.734387282732117e-05
1148114,11,6,-5,category_id,0.00013292922847875791,0.0004367193641366058
1149385,7,4,-3,category_id,7.975753708725475e-05,0.0002620316184819635
1149556,2,2,0,category_id,0.0,-0.0
1149584,24,26,2,category_id,0.0,-0.00017468774565464234
1150511,7,4,-3,category_id,7.975753708725475e-05,0.0002620316184819635
1151115,1,3,2,category_id,0.0,-0.00017468774565464234
1151753,9,10,1,category_id,0.0,-8.734387282732117e-05
1153967,0,2,2,category_id,0.0,-0.00017468774565464234
1154246,120,121,1,category_id,0.0,-8.734387282732117e-05
1154663,3,2,-1,category_id,2.658584569575158e-05,8.734387282732117e-05
1155625,3,4,1,category_id,0.0,-8.734387282732117e-05
1158475,178,178,0,category_id,0.0,-0.0
1159340,1,0,-1,category_id,2.658584569575158e-05,8.734387282732117e-05
1159794,1,0,-1,category_id,2.658584569575158e-05,8.734387282732117e-05
1161981,1,8,7,category_id,0.0,-0.0006114071097912482
1165503,20,6,-14,category_id,0.00037220183974052214,0.0012228142195824963
1167279,5,3,-2,category_id,5.317169139150316e-05,0.00017468774565464234
1167492,5,2,-3,category_id,7.975753708725475e-05,0.0002620316184819635
1168276,1,0,-1,category_id,2.658584569575158e-05,8.734387282732117e-05
1168596,42,48,6,category_id,0.0,-0.000524063236963927
1168771,2,3,1,category_id,0.0,-8.734387282732117e-05
1169371,2,5,3,category_id,0.0,-0.0002620316184819635
1169503,77,42,-35,category_id,0.0009305045993513053,0.0030570355489562408
1170772,45,40,-5,category_id,0.00013292922847875791,0.0004367193641366058
1171434,59,56,-3,category_id,7.975753708725475e-05,0.0002620316184819635
1171519,3,1,-2,category_id,5.317169139150316e-05,0.00017468774565464234
1171633,1,1,0,category_id,0.0,-0.0
1173453,3,2,-1,category_id,2.658584569575158e-05,8.734387282732117e-05
1173600,1,1,0,category_id,0.0,-0.0
1173843,18,16,-2,category_id,5.317169139150316e-05,0.00017468774565464234
1174795,7,10,3,category_id,0.0,-0.0002620316184819635
1175096,5,0,-5,category_id,0.00013292922847875791,0.0004367193641366058
1176344,16,11,-5,category_id,0.00013292922847875791,0.0004367193641366058
1176880,0,1,1,category_id,0.0,-8.734387282732117e-05
1177618,11,8,-3,category_id,7.975753708725475e-05,0.0002620316184819635
1178381,1,2,1,category_id,0.0,-8.734387282732117e-05
1180396,4,6,2,category_id,0.0,-0.00017468774565464234
1180493,1,1,0,category_id,0.0,-0.0
1180629,23,35,12,category_id,0.0,-0.001048126473927854
1183107,3,0,-3,category_id,7.975753708725475e-05,0.0002620316184819635
1184549,1,1,0,category_id,0.0,-0.0
1186008,0,1,1,category_id,0.0,-8.734387282732117e-05
1186260,9,3,-6,category_id,0.0001595150741745095,0.000524063236963927
1189158,53,46,-7,category_id,0.00018610091987026107,0.0006114071097912482
1189645,0,2,2,category_id,0.0,-0.00017468774565464234
1193591,1,1,0,category_id,0.0,-0.0
1194311,0,1,1,category_id,0.0,-8.734387282732117e-05
1194451,11,7,-4,category_id,0.00010634338278300632,0.0003493754913092847
1194737,42,60,18,category_id,0.0,-0.0015721897108917809
1195198,0,1,1,category_id,0.0,-8.734387282732117e-05
1195469,3,2,-1,category_id,2.658584569575158e-05,8.734387282732117e-05
1198404,89,77,-12,category_id,0.000319030148349019,0.001048126473927854
1202097,8,12,4,category_id,0.0,-0.0003493754913092847
1202529,1,0,-1,category_id,2.658584569575158e-05,8.734387282732117e-05
1203804,8,3,-5,category_id,0.00013292922847875791,0.0004367193641366058
1204223,8,5,-3,category_id,7.975753708725475e-05,0.0002620316184819635
1206266,1,1,0,category_id,0.0,-0.0
1207256,27,28,1,category_id,0.0,-8.734387282732117e-05
1207502,10,5,-5,category_id,0.00013292922847875791,0.0004367193641366058
1207887,24,38,14,category_id,0.0,-0.0012228142195824963
1208308,5,0,-5,category_id,0.00013292922847875791,0.0004367193641366058
1209439,6,10,4,category_id,0.0,-0.0003493754913092847
1212101,7,8,1,category_id,0.0,-8.734387282732117e-05
1213320,55,33,-22,category_id,0.0005848886053065348,0.0019215652022010656
1215367,5,5,0,category_id,0.0,-0.0
1216180,7,5,-2,category_id,5.317169139150316e-05,0.00017468774565464234
1216617,588,441,-147,category_id,0.003908119317275483,0.012839549305616212
1217732,3,3,0,category_id,0.0,-0.0
1217893,1,2,1,category_id,0.0,-8.734387282732117e-05
1219760,6,2,-4,category_id,0.00010634338278300632,0.0003493754913092847
1222799,14,15,1,category_id,0.0,-8.734387282732117e-05
1223790,3,0,-3,category_id,7.975753708725475e-05,0.0002620316184819635
1225824,1,2,1,category_id,0.0,-8.734387282732117e-05
1227327,29,17,-12,category_id,0.000319030148349019,0.001048126473927854
1230484,10,4,-6,category_id,0.0001595150741745095,0.000524063236963927
1231740,1,0,-1,category_id,2.658584569575158e-05,8.734387282732117e-05
1231891,242,178,-64,category_id,0.0017014941245281012,0.005590007860948555
1233959,1,0,-1,category_id,2.658584569575158e-05,8.734387282732117e-05
1234361,4,1,-3,category_id,7.975753708725475e-05,0.0002620316184819635
1236272,1,1,0,category_id,0.0,-0.0
1236409,8,6,-2,category_id,5.317169139150316e-05,0.00017468774565464234
1237115,1,3,2,category_id,0.0,-0.00017468774565464234
1238524,2,0,-2,category_id,5.317169139150316e-05,0.00017468774565464234
1239603,21,14,-7,category_id,0.00018610091987026107,0.0006114071097912482
1239912,10,10,0,category_id,0.0,-0.0
1240688,19,9,-10,category_id,0.00026585845695751583,0.0008734387282732116
1241067,21,14,-7,category_id,0.00018610091987026107,0.0006114071097912482
1242568,0,1,1,category_id,0.0,-8.734387282732117e-05
1243199,1,0,-1,category_id,2.658584569575158e-05,8.734387282732117e-05
1244015,1,2,1,category_id,0.0,-8.734387282732117e-05
1245220,18,18,0,category_id,0.0,-0.0
1247724,1,1,0,category_id,0.0,-0.0
1248349,0,1,1,category_id,0.0,-8.734387282732117e-05
1248746,0,1,1,category_id,0.0,-8.734387282732117e-05
1248986,5,9,4,category_id,0.0,-0.0003493754913092847
1249761,166,126,-40,category_id,0.0010634338278300633,0.0034937549130928465
1249923,2,1,-1,category_id,2.658584569575158e-05,8.734387282732117e-05
1250853,1,3,2,category_id,0.0,-0.00017468774565464234
1250975,23,19,-4,category_id,0.00010634338278300632,0.0003493754913092847
1252230,30,24,-6,category_id,0.0001595150741745095,0.000524063236963927
1252294,5,3,-2,category_id,5.317169139150316e-05,0.00017468774565464234
1253595,7,12,5,category_id,0.0,-0.0004367193641366058
1254305,0,1,1,category_id,0.0,-8.734387282732117e-05
1254330,11,19,8,category_id,0.0,-0.0006987509826185693
1254635,0,4,4,category_id,0.0,-0.0003493754913092847
1254966,0,2,2,category_id,0.0,-0.00017468774565464234
1255142,2,4,2,category_id,0.0,-0.00017468774565464234
1256778,6,14,8,category_id,0.0,-0.0006987509826185693
1258041,3,3,0,category_id,0.0,-0.0
1258177,58,71,13,category_id,0.0,-0.001135470346755175
1260343,7,5,-2,category_id,5.317169139150316e-05,0.00017468774565464234
1261236,3,1,-2,category_id,5.317169139150316e-05,0.00017468774565464234
1263068,1,0,-1,category_id,2.658584569575158e-05,8.734387282732117e-05
1263562,2,2,0,category_id,0.0,-0.0
1263934,1,1,0,category_id,0.0,-0.0
1264320,16,18,2,category_id,0.0,-0.00017468774565464234
1264985,6,3,-3,category_id,7.975753708725475e-05,0.0002620316184819635
1265208,10,3,-7,category_id,0.00018610091987026107,0.0006114071097912482
1265358,1204,927,-277,category_id,0.007364279257723188,0.024194252773167963
1265863,1,2,1,category_id,0.0,-8.734387282732117e-05
1266030,1,1,0,category_id,0.0,-0.0
1269883,26,29,3,category_id,0.0,-0.0002620316184819635
1270487,0,1,1,category_id,0.0,-8.734387282732117e-05
1272549,14,5,-9,category_id,0.00023927261126176425,0.0007860948554458904
1273811,6,8,2,category_id,0.0,-0.00017468774565464234
1274175,4,5,1,category_id,0.0,-8.734387282732117e-05
1274417,40,30,-10,category_id,0.00026585845695751583,0.0008734387282732116
1274818,35,45,10,category_id,0.0,-0.0008734387282732116
1275696,89,106,17,category_id,0.0,-0.0014848458380644597
1276095,6,11,5,category_id,0.0,-0.0004367193641366058
1276979,12,9,-3,category_id,7.975753708725475e-05,0.0002620316184819635
1277139,1,0,-1,category_id,2.658584569575158e-05,8.734387282732117e-05
1277467,44,45,1,category_id,0.0,-8.734387282732117e-05
1277731,61,58,-3,category_id,7.975753708725475e-05,0.0002620316184819635
1278525,28,35,7,category_id,0.0,-0.0006114071097912482
1278924,3,5,2,category_id,0.0,-0.00017468774565464234
1279737,4,8,4,category_id,0.0,-0.0003493754913092847
1280805,1,0,-1,category_id,2.658584569575158e-05,8.734387282732117e-05
1281171,51,65,14,category_id,0.0,-0.0012228142195824963
1281227,25,25,0,category_id,0.0,-0.0
1281603,17,15,-2,category_id,5.317169139150316e-05,0.00017468774565464234
1283080,0,4,4,category_id,0.0,-0.0003493754913092847
1283234,4,2,-2,category_id,5.317169139150316e-05,0.00017468774565464234
1283808,1,1,0,category_id,0.0,-0.0
1286537,82,95,13,category_id,0.0,-0.001135470346755175
1288487,189,150,-39,category_id,0.0010368479821343116,0.0034064110402655255
1289154,0,3,3,category_id,0.0,-0.0002620316184819635
1292812,11,8,-3,category_id,7.975753708725475e-05,0.0002620316184819635
1293225,46,43,-3,category_id,7.975753708725475e-05,0.0002620316184819635
1294747,1,0,-1,category_id,2.658584569575158e-05,8.734387282732117e-05
1295571,0,1,1,category_id,0.0,-8.734387282732117e-05
1297315,39,30,-9,category_id,0.00023927261126176425,0.0007860948554458904
1297791,13,17,4,category_id,0.0,-0.0003493754913092847
1297992,205,178,-27,category_id,0.0007178178337852927,0.0023582845663376716
1298222,4,6,2,category_id,0.0,-0.00017468774565464234
1298828,10,20,10,category_id,0.0,-0.0008734387282732116
1299190,1457,1486,29,category_id,0.0,-0.0025329723119923136
1299473,3,2,-1,category_id,2.658584569575158e-05,8.734387282732117e-05
1301428,12,16,4,category_id,0.0,-0.0003493754913092847
1302259,5,2,-3,category_id,7.975753708725475e-05,0.0002620316184819635
1302909,0,2,2,category_id,0.0,-0.00017468774565464234
1303652,8,9,1,category_id,0.0,-8.734387282732117e-05
1305565,2,2,0,category_id,0.0,-0.0
1305897,11,22,11,category_id,0.0,-0.0009607826011005328
1306853,18,23,5,category_id,0.0,-0.0004367193641366058
1308457,21,26,5,category_id,0.0,-0.0004367193641366058
1310508,1,3,2,category_id,0.0,-0.00017468774565464234
1312158,8,11,3,category_id,0.0,-0.0002620316184819635
1312387,2,0,-2,category_id,5.317169139150316e-05,0.00017468774565464234
1312642,126,106,-20,category_id,0.0005317169139150317,0.0017468774565464233
1313865,4,1,-3,category_id,7.975753708725475e-05,0.0002620316184819635
1314215,1,1,0,category_id,0.0,-0.0
1314876,4,9,5,category_id,0.0,-0.0004367193641366058
1315415,12,14,2,category_id,0.0,-0.00017468774565464234
1315884,0,1,1,category_id,0.0,-8.734387282732117e-05
1316663,1,1,0,category_id,0.0,-0.0
1317194,0,1,1,category_id,0.0,-8.734387282732117e-05
1317882,1,0,-1,category_id,2.658584569575158e-05,8.734387282732117e-05
1320183,1,1,0,category_id,0.0,-0.0
1320293,1738,1555,-183,category_id,0.00486520976232254,0.015983928727399774
1320530,43,51,8,category_id,0.0,-0.0006987509826185693
1320782,48,44,-4,category_id,0.00010634338278300632,0.0003493754913092847
1321409,2,0,-2,category_id,5.317169139150316e-05,0.00017468774565464234
1321841,7,2,-5,category_id,0.00013292922847875791,0.0004367193641366058
1323134,1,1,0,category_id,0.0,-0.0
1323466,1,0,-1,category_id,2.658584569575158e-05,8.734387282732117e-05
1326769,1,1,0,category_id,0.0,-0.0
1327405,2,2,0,category_id,0.0,-0.0
1330074,1,2,1,category_id,0.0,-8.734387282732117e-05
1331853,84,90,6,category_id,0.0,-0.000524063236963927
1331923,6,2,-4,category_id,0.00010634338278300632,0.0003493754913092847
1332361,1,0,-1,category_id,2.658584569575158e-05,8.734387282732117e-05
1333844,2,2,0,category_id,0.0,-0.0
1334990,1,0,-1,category_id,2.658584569575158e-05,8.734387282732117e-05
1335333,0,1,1,category_id,0.0,-8.734387282732117e-05
1337019,1,0,-1,category_id,2.658584569575158e-05,8.734387282732117e-05
1338176,3,1,-2,category_id,5.317169139150316e-05,0.00017468774565464234
1338377,40,48,8,category_id,0.0,-0.0006987509826185693
1340517,4,6,2,category_id,0.0,-0.00017468774565464234
1340836,11,15,4,category_id,0.0,-0.0003493754913092847
1341913,1,3,2,category_id,0.0,-0.00017468774565464234
1342747,1,0,-1,category_id,2.658584569575158e-05,8.734387282732117e-05
1343413,22,24,2,category_id,0.0,-0.00017468774565464234
1343555,2,15,13,category_id,0.0,-0.001135470346755175
1345364,9,8,-1,category_id,2.658584569575158e-05,8.734387282732117e-05
1347228,1,1,0,category_id,0.0,-0.0
1349561,732,736,4,category_id,0.0,-0.0003493754913092847
1349634,146,129,-17,category_id,0.00045195937682777687,0.0014848458380644597
1349710,0,1,1,category_id,0.0,-8.734387282732117e-05
1350517,1,0,-1,category_id,2.658584569575158e-05,8.734387282732117e-05
1350540,0,3,3,category_id,0.0,-0.0002620316184819635
1350790,4,7,3,category_id,0.0,-0.0002620316184819635
1351579,1,0,-1,category_id,2.658584569575158e-05,8.734387282732117e-05
1352442,1,1,0,category_id,0.0,-0.0
1352609,25,12,-13,category_id,0.00034561599404477056,0.001135470346755175
1354236,37,45,8,category_id,0.0,-0.0006987509826185693
1355815,0,1,1,category_id,0.0,-8.734387282732117e-05
1356029,14,17,3,category_id,0.0,-0.0002620316184819635
1356170,17,13,-4,category_id,0.00010634338278300632,0.0003493754913092847
1357611,3,2,-1,category_id,2.658584569575158e-05,8.734387282732117e-05
1360533,0,4,4,category_id,0.0,-0.0003493754913092847
1360711,1,4,3,category_id,0.0,-0.0002620316184819635
1362985,1,0,-1,category_id,2.658584569575158e-05,8.734387282732117e-05
1363301,3,2,-1,category_id,2.658584569575158e-05,8.734387282732117e-05
1363318,1,1,0,category_id,0.0,-0.0
1363459,12,7,-5,category_id,0.00013292922847875791,0.0004367193641366058
1365271,3,1,-2,category_id,5.317169139150316e-05,0.00017468774565464234
1365517,4,2,-2,category_id,5.317169139150316e-05,0.00017468774565464234
1366688,57,56,-1,category_id,2.658584569575158e-05,8.734387282732117e-05
1367866,5,0,-5,category_id,0.00013292922847875791,0.0004367193641366058
1367932,36,21,-15,category_id,0.0003987876854362737,0.0013101580924098175
1368186,21,28,7,category_id,0.0,-0.0006114071097912482
1368409,1,0,-1,category_id,2.658584569575158e-05,8.734387282732117e-05
1368970,131,121,-10,category_id,0.00026585845695751583,0.0008734387282732116
1369217,1,0,-1,category_id,2.658584569575158e-05,8.734387282732117e-05
1370740,1,0,-1,category_id,2.658584569575158e-05,8.734387282732117e-05
1371504,0,1,1,category_id,0.0,-8.734387282732117e-05
1372635,8,2,-6,category_id,0.0001595150741745095,0.000524063236963927
1373028,2,2,0,category_id,0.0,-0.0
1373144,12,15,3,category_id,0.0,-0.0002620316184819635
1375246,4,0,-4,category_id,0.00010634338278300632,0.0003493754913092847
1375362,9,13,4,category_id,0.0,-0.0003493754913092847
1375758,0,1,1,category_id,0.0,-8.734387282732117e-05
1376358,188,244,56,category_id,0.0,-0.004891256878329985
1378235,3,0,-3,category_id,7.975753708725475e-05,0.0002620316184819635
1378332,10,7,-3,category_id,7.975753708725475e-05,0.0002620316184819635
1378600,3,2,-1,category_id,2.658584569575158e-05,8.734387282732117e-05
1379027,4,2,-2,category_id,5.317169139150316e-05,0.00017468774565464234
1379146,412,402,-10,category_id,0.00026585845695751583,0.0008734387282732116
1380020,0,2,2,category_id,0.0,-0.00017468774565464234
1381217,2,0,-2,category_id,5.317169139150316e-05,0.00017468774565464234
1382264,37,58,21,category_id,0.0,-0.0018342213293737445
1382333,4,1,-3,category_id,7.975753708725475e-05,0.0002620316184819635
1383956,13,11,-2,category_id,5.317169139150316e-05,0.00017468774565464234
1384330,13,9,-4,category_id,0.00010634338278300632,0.0003493754913092847
1385594,1,0,-1,category_id,2.658584569575158e-05,8.734387282732117e-05
1386176,1,2,1,category_id,0.0,-8.734387282732117e-05
1386805,22,11,-11,category_id,0.0002924443026532674,0.0009607826011005328
1388444,1,1,0,category_id,0.0,-0.0
1388497,2,2,0,category_id,0.0,-0.0
1388760,1,0,-1,category_id,2.658584569575158e-05,8.734387282732117e-05
1388982,16,12,-4,category_id,0.00010634338278300632,0.0003493754913092847
1390851,6,5,-1,category_id,2.658584569575158e-05,8.734387282732117e-05
1391083,1,0,-1,category_id,2.658584569575158e-05,8.734387282732117e-05
1391195,27,43,16,category_id,0.0,-0.0013975019652371387
1391236,3,0,-3,category_id,7.975753708725475e-05,0.0002620316184819635
1392527,18,6,-12,category_id,0.000319030148349019,0.001048126473927854
1392765,3,1,-2,category_id,5.317169139150316e-05,0.00017468774565464234
1393144,0,3,3,category_id,0.0,-0.0002620316184819635
1394012,1,0,-1,category_id,2.658584569575158e-05,8.734387282732117e-05
1396294,1,4,3,category_id,0.0,-0.0002620316184819635
1396829,12,12,0,category_id,0.0,-0.0
1396935,1,1,0,category_id,0.0,-0.0
1397059,12,15,3,category_id,0.0,-0.0002620316184819635
1397281,1,3,2,category_id,0.0,-0.00017468774565464234
1397912,113,125,12,category_id,0.0,-0.001048126473927854
1398739,37,29,-8,category_id,0.00021268676556601265,0.0006987509826185693
1400945,0,1,1,category_id,0.0,-8.734387282732117e-05
1404020,173,316,143,category_id,0.0,-0.012490173814306926
1405724,3,1,-2,category_id,5.317169139150316e-05,0.00017468774565464234
1406426,15,26,11,category_id,0.0,-0.0009607826011005328
1406509,9,0,-9,category_id,0.00023927261126176425,0.0007860948554458904
1406744,1,1,0,category_id,0.0,-0.0
1408807,33,45,12,category_id,0.0,-0.001048126473927854
1410963,0,1,1,category_id,0.0,-8.734387282732117e-05
1411462,18,24,6,category_id,0.0,-0.000524063236963927
1413007,6,6,0,category_id,0.0,-0.0
1413753,0,1,1,category_id,0.0,-8.734387282732117e-05
1414043,28,14,-14,category_id,0.00037220183974052214,0.0012228142195824963
1414261,2,5,3,category_id,0.0,-0.0002620316184819635
1414652,1,2,1,category_id,0.0,-8.734387282732117e-05
1414911,28,34,6,category_id,0.0,-0.000524063236963927
1415279,38,35,-3,category_id,7.975753708725475e-05,0.0002620316184819635
1415581,1,0,-1,category_id,2.658584569575158e-05,8.734387282732117e-05
1416713,57,65,8,category_id,0.0,-0.0006987509826185693
1416942,2,1,-1,category_id,2.658584569575158e-05,8.734387282732117e-05
1417724,1,1,0,category_id,0.0,-0.0
1418582,26,19,-7,category_id,0.00018610091987026107,0.0006114071097912482
1418845,1,1,0,category_id,0.0,-0.0
1419417,122,138,16,category_id,0.0,-0.0013975019652371387
1419569,18,20,2,category_id,0.0,-0.00017468774565464234
1420205,66,58,-8,category_id,0.00021268676556601265,0.0006987509826185693
1421085,0,1,1,category_id,0.0,-8.734387282732117e-05
1421739,8,6,-2,category_id,5.317169139150316e-05,0.00017468774565464234
1421972,150,177,27,category_id,0.0,-0.0023582845663376716
1422133,1,1,0,category_id,0.0,-0.0
1422404,0,1,1,category_id,0.0,-8.734387282732117e-05
1422474,80,67,-13,category_id,0.00034561599404477056,0.001135470346755175
1423654,18,20,2,category_id,0.0,-0.00017468774565464234
1423815,4,1,-3,category_id,7.975753708725475e-05,0.0002620316184819635
1424389,1,0,-1,category_id,2.658584569575158e-05,8.734387282732117e-05
1425624,1,1,0,category_id,0.0,-0.0
1426835,2,0,-2,category_id,5.317169139150316e-05,0.00017468774565464234
1428903,0,1,1,category_id,0.0,-8.734387282732117e-05
1429156,113,118,5,category_id,0.0,-0.0004367193641366058
1431715,5,14,9,category_id,0.0,-0.0007860948554458904
1431810,82,66,-16,category_id,0.0004253735311320253,0.0013975019652371387
1432828,2,0,-2,category_id,5.317169139150316e-05,0.00017468774565464234
1433774,19,24,5,category_id,0.0,-0.0004367193641366058
1434020,1,1,0,category_id,0.0,-0.0
1434401,20,9,-11,category_id,0.0002924443026532674,0.0009607826011005328
1436758,4,3,-1,category_id,2.658584569575158e-05,8.734387282732117e-05
1438507,14,6,-8,category_id,0.00021268676556601265,0.0006987509826185693
1439081,4,3,-1,category_id,2.658584569575158e-05,8.734387282732117e-05
1440065,1,5,4,category_id,0.0,-0.0003493754913092847
1440390,30,28,-2,category_id,5.317169139150316e-05,0.00017468774565464234
1442665,15,13,-2,category_id,5.317169139150316e-05,0.00017468774565464234
1443292,3,4,1,category_id,0.0,-8.734387282732117e-05
1443426,3,0,-3,category_id,7.975753708725475e-05,0.0002620316184819635
1444181,10,4,-6,category_id,0.0001595150741745095,0.000524063236963927
1444232,1,1,0,category_id,0.0,-0.0
1445597,3,0,-3,category_id,7.975753708725475e-05,0.0002620316184819635
1446405,39,37,-2,category_id,5.317169139150316e-05,0.00017468774565464234
1447294,11,1,-10,category_id,0.00026585845695751583,0.0008734387282732116
1447685,29,23,-6,category_id,0.0001595150741745095,0.000524063236963927
1448912,17,10,-7,category_id,0.00018610091987026107,0.0006114071097912482
1449177,403,490,87,category_id,0.0,-0.007598916935976942
1450058,1,3,2,category_id,0.0,-0.00017468774565464234
1451041,22,11,-11,category_id,0.0002924443026532674,0.0009607826011005328
1451783,9,12,3,category_id,0.0,-0.0002620316184819635
1451814,84,76,-8,category_id,0.00021268676556601265,0.0006987509826185693
1454470,27,23,-4,category_id,0.00010634338278300632,0.0003493754913092847
1454926,1,0,-1,category_id,2.658584569575158e-05,8.734387282732117e-05
1455555,8,2,-6,category_id,0.0001595150741745095,0.000524063236963927
1456311,6,2,-4,category_id,0.00010634338278300632,0.0003493754913092847
1457367,20,19,-1,category_id,2.658584569575158e-05,8.734387282732117e-05
1457926,0,3,3,category_id,0.0,-0.0002620316184819635
1458019,2,3,1,category_id,0.0,-8.734387282732117e-05
1459642,2,2,0,category_id,0.0,-0.0
1459781,0,1,1,category_id,0.0,-8.734387282732117e-05
1460136,3,5,2,category_id,0.0,-0.00017468774565464234
1460416,0,1,1,category_id,0.0,-8.734387282732117e-05
1461887,24,29,5,category_id,0.0,-0.0004367193641366058
1461957,4,0,-4,category_id,0.00010634338278300632,0.0003493754913092847
1462051,25,22,-3,category_id,7.975753708725475e-05,0.0002620316184819635
1462446,71,57,-14,category_id,0.00037220183974052214,0.0012228142195824963
1462965,8,5,-3,category_id,7.975753708725475e-05,0.0002620316184819635
1464116,3617,3450,-167,category_id,0.004439836231190514,0.014586426762162635
1464940,2,0,-2,category_id,5.317169139150316e-05,0.00017468774565464234
1465060,0,3,3,category_id,0.0,-0.0002620316184819635
1465845,4,2,-2,category_id,5.317169139150316e-05,0.00017468774565464234
1466687,12,12,0,category_id,0.0,-0.0
1467164,2,3,1,category_id,0.0,-8.734387282732117e-05
1467314,2,5,3,category_id,0.0,-0.0002620316184819635
1467750,63,43,-20,category_id,0.0005317169139150317,0.0017468774565464233
1468632,1,0,-1,category_id,2.658584569575158e-05,8.734387282732117e-05
1468785,1,0,-1,category_id,2.658584569575158e-05,8.734387282732117e-05
1469622,16,12,-4,category_id,0.00010634338278300632,0.0003493754913092847
1471163,208,184,-24,category_id,0.000638060296698038,0.002096252947855708
1471680,3,2,-1,category_id,2.658584569575158e-05,8.734387282732117e-05
1471787,1,0,-1,category_id,2.658584569575158e-05,8.734387282732117e-05
1472127,1,0,-1,category_id,2.658584569575158e-05,8.734387282732117e-05
1474371,188,401,213,category_id,0.0,-0.018604244912219407
1476223,3,5,2,category_id,0.0,-0.00017468774565464234
1477455,6,1,-5,category_id,0.00013292922847875791,0.0004367193641366058
1479868,12,6,-6,category_id,0.0001595150741745095,0.000524063236963927
1479983,0,1,1,category_id,0.0,-8.734387282732117e-05
1480207,25,25,0,category_id,0.0,-0.0
1481335,3,1,-2,category_id,5.317169139150316e-05,0.00017468774565464234
1481346,0,2,2,category_id,0.0,-0.00017468774565464234
1481606,0,1,1,category_id,0.0,-8.734387282732117e-05
1482769,15,7,-8,category_id,0.00021268676556601265,0.0006987509826185693
1483715,24,31,7,category_id,0.0,-0.0006114071097912482
1484280,3,2,-1,category_id,2.658584569575158e-05,8.734387282732117e-05
1485156,24,30,6,category_id,0.0,-0.000524063236963927
1485725,0,1,1,category_id,0.0,-8.734387282732117e-05
1485805,6,4,-2,category_id,5.317169139150316e-05,0.00017468774565464234
1485951,47,34,-13,category_id,0.00034561599404477056,0.001135470346755175
1486065,1,2,1,category_id,0.0,-8.734387282732117e-05
1486580,9,7,-2,category_id,5.317169139150316e-05,0.00017468774565464234
1487591,31,26,-5,category_id,0.00013292922847875791,0.0004367193641366058
1487638,3,1,-2,category_id,5.317169139150316e-05,0.00017468774565464234
1488577,5,8,3,category_id,0.0,-0.0002620316184819635
1488813,73,84,11,category_id,0.0,-0.0009607826011005328
1489094,7,5,-2,category_id,5.317169139150316e-05,0.00017468774565464234
1489467,13,13,0,category_id,0.0,-0.0
1490103,0,1,1,category_id,0.0,-8.734387282732117e-05
1490433,0,2,2,category_id,0.0,-0.00017468774565464234
1492316,3,8,5,category_id,0.0,-0.0004367193641366058
1492770,7,13,6,category_id,0.0,-0.000524063236963927
1493374,2,2,0,category_id,0.0,-0.0
1493787,13,8,-5,category_id,0.00013292922847875791,0.0004367193641366058
1494023,4,3,-1,category_id,2.658584569575158e-05,8.734387282732117e-05
1496373,2,2,0,category_id,0.0,-0.0
1496858,1,1,0,category_id,0.0,-0.0
1497533,8,6,-2,category_id,5.317169139150316e-05,0.00017468774565464234
1498138,1,0,-1,category_id,2.658584569575158e-05,8.734387282732117e-05
1498547,1,3,2,category_id,0.0,-0.00017468774565464234
1498776,1,0,-1,category_id,2.658584569575158e-05,8.734387282732117e-05
1498957,11,6,-5,category_id,0.00013292922847875791,0.0004367193641366058
1500130,12,11,-1,category_id,2.658584569575158e-05,8.734387282732117e-05
1500468,3,1,-2,category_id,5.317169139150316e-05,0.00017468774565464234
1500885,5,2,-3,category_id,7.975753708725475e-05,0.0002620316184819635
1501592,1,0,-1,category_id,2.658584569575158e-05,8.734387282732117e-05
1502525,8,7,-1,category_id,2.658584569575158e-05,8.734387282732117e-05
1502931,18,16,-2,category_id,5.317169139150316e-05,0.00017468774565464234
1504264,0,2,2,category_id,0.0,-0.00017468774565464234
1505776,41,50,9,category_id,0.0,-0.0007860948554458904
1506018,84,103,19,category_id,0.0,-0.001659533583719102
1506691,5,6,1,category_id,0.0,-8.734387282732117e-05
1506939,3,2,-1,category_id,2.658584569575158e-05,8.734387282732117e-05
1508018,104,96,-8,category_id,0.00021268676556601265,0.0006987509826185693
1508998,0,4,4,category_id,0.0,-0.0003493754913092847
1510443,0,1,1,category_id,0.0,-8.734387282732117e-05
1512778,0,2,2,category_id,0.0,-0.00017468774565464234
1515792,6,3,-3,category_id,7.975753708725475e-05,0.0002620316184819635
1516260,3,9,6,category_id,0.0,-0.000524063236963927
1516361,1,2,1,category_id,0.0,-8.734387282732117e-05
1516409,677,852,175,category_id,0.0,-0.015285177744781204
1516701,0,1,1,category_id,0.0,-8.734387282732117e-05
1517505,0,1,1,category_id,0.0,-8.734387282732117e-05
1518394,2,1,-1,category_id,2.658584569575158e-05,8.734387282732117e-05
1519048,1,0,-1,category_id,2.658584569575158e-05,8.734387282732117e-05
1519819,29,32,3,category_id,0.0,-0.0002620316184819635
1521024,0,1,1,category_id,0.0,-8.734387282732117e-05
1521068,20,25,5,category_id,0.0,-0.0004367193641366058
1521931,282,201,-81,category_id,0.0021534535013558783,0.007074853699013014
1524094,0,6,6,category_id,0.0,-0.000524063236963927
1524470,1,1,0,category_id,0.0,-0.0
1524998,0,1,1,category_id,0.0,-8.734387282732117e-05
1526484,16,11,-5,category_id,0.00013292922847875791,0.0004367193641366058
1526654,4,1,-3,category_id,7.975753708725475e-05,0.0002620316184819635
1526856,7,31,24,category_id,0.0,-0.002096252947855708
1527667,1,4,3,category_id,0.0,-0.0002620316184819635
1528133,136,98,-38,category_id,0.0010102621364385602,0.003319067167438204
1528609,1,1,0,category_id,0.0,-0.0
1528701,64,66,2,category_id,0.0,-0.00017468774565464234
1530704,56,49,-7,category_id,0.00018610091987026107,0.0006114071097912482
1532088,11,20,9,category_id,0.0,-0.0007860948554458904
1533477,0,1,1,category_id,0.0,-8.734387282732117e-05
1535500,4,1,-3,category_id,7.975753708725475e-05,0.0002620316184819635
1536363,0,3,3,category_id,0.0,-0.0002620316184819635
1536770,4,4,0,category_id,0.0,-0.0
1537669,17,19,2,category_id,0.0,-0.00017468774565464234
1539964,20,18,-2,category_id,5.317169139150316e-05,0.00017468774565464234
1540196,0,1,1,category_id,0.0,-8.734387282732117e-05
1540741,4,14,10,category_id,0.0,-0.0008734387282732116
1540947,46,22,-24,category_id,0.000638060296698038,0.002096252947855708
1542241,6,10,4,category_id,0.0,-0.0003493754913092847
1544586,23,18,-5,category_id,0.00013292922847875791,0.0004367193641366058
1545822,9,8,-1,category_id,2.658584569575158e-05,8.734387282732117e-05
1546352,14,24,10,category_id,0.0,-0.0008734387282732116
1547412,7,8,1,category_id,0.0,-8.734387282732117e-05
1548278,225,283,58,category_id,0.0,-0.005065944623984627
1548548,7,6,-1,category_id,2.658584569575158e-05,8.734387282732117e-05
1549753,1,1,0,category_id,0.0,-0.0
1550383,0,3,3,category_id,0.0,-0.0002620316184819635
1551365,0,1,1,category_id,0.0,-8.734387282732117e-05
1552636,1,5,4,category_id,0.0,-0.0003493754913092847
1553570,0,1,1,category_id,0.0,-8.734387282732117e-05
1555304,1,0,-1,category_id,2.658584569575158e-05,8.734387282732117e-05
1556629,0,1,1,category_id,0.0,-8.734387282732117e-05
1556634,0,1,1,category_id,0.0,-8.734387282732117e-05
1556856,10,12,2,category_id,0.0,-0.00017468774565464234
1559253,3,7,4,category_id,0.0,-0.0003493754913092847
1561921,38,33,-5,category_id,0.00013292922847875791,0.0004367193641366058
1565736,1,3,2,category_id,0.0,-0.00017468774565464234
1566203,2,3,1,category_id,0.0,-8.734387282732117e-05
1566469,6,6,0,category_id,0.0,-0.0
1567637,601,665,64,category_id,0.0,-0.005590007860948555
1568197,295,273,-22,category_id,0.0005848886053065348,0.0019215652022010656
1569885,5,4,-1,category_id,2.658584569575158e-05,8.734387282732117e-05
1572948,129,134,5,category_id,0.0,-0.0004367193641366058
1573426,232,302,70,category_id,0.0,-0.0061140710979124815
1573465,232,320,88,category_id,0.0,-0.007686260808804263
1574064,10,7,-3,category_id,7.975753708725475e-05,0.0002620316184819635
1575622,1500,1208,-292,category_id,0.007763066943159462,0.02550441086557778
1575700,0,2,2,category_id,0.0,-0.00017468774565464234
1577687,10,8,-2,category_id,5.317169139150316e-05,0.00017468774565464234
1579551,24,19,-5,category_id,0.00013292922847875791,0.0004367193641366058
1579789,1,2,1,category_id,0.0,-8.734387282732117e-05
1581081,1,0,-1,category_id,2.658584569575158e-05,8.734387282732117e-05
1582197,118,104,-14,category_id,0.00037220183974052214,0.0012228142195824963
1582751,0,1,1,category_id,0.0,-8.734387282732117e-05
1583744,0,2,2,category_id,0.0,-0.00017468774565464234
1585420,4,3,-1,category_id,2.658584569575158e-05,8.734387282732117e-05
1587961,41,65,24,category_id,0.0,-0.002096252947855708
1588377,2,2,0,category_id,0.0,-0.0
1589379,2,11,9,category_id,0.0,-0.0007860948554458904
1590884,0,1,1,category_id,0.0,-8.734387282732117e-05
1592513,7,10,3,category_id,0.0,-0.0002620316184819635
1593276,1,0,-1,category_id,2.658584569575158e-05,8.734387282732117e-05
1595193,472,437,-35,category_id,0.0009305045993513053,0.0030570355489562408
1597658,1,0,-1,category_id,2.658584569575158e-05,8.734387282732117e-05
1597811,3,7,4,category_id,0.0,-0.0003493754913092847
1598774,20,21,1,category_id,0.0,-8.734387282732117e-05
1601543,84,71,-13,category_id,0.00034561599404477056,0.001135470346755175
1602028,1,0,-1,category_id,2.658584569575158e-05,8.734387282732117e-05
1602084,1,1,0,category_id,0.0,-0.0
1602099,1,0,-1,category_id,2.658584569575158e-05,8.734387282732117e-05
1602933,7,5,-2,category_id,5.317169139150316e-05,0.00017468774565464234
1604026,0,3,3,category_id,0.0,-0.0002620316184819635
1604691,1,1,0,category_id,0.0,-0.0
1605765,3,2,-1,category_id,2.658584569575158e-05,8.734387282732117e-05
1608693,0,2,2,category_id,0.0,-0.00017468774565464234
1609467,191,144,-47,category_id,0.0012495347477003242,0.004105162022884095
1609851,52,45,-7,category_id,0.00018610091987026107,0.0006114071097912482
1610764,82,100,18,category_id,0.0,-0.0015721897108917809
1610993,2,1,-1,category_id,2.658584569575158e-05,8.734387282732117e-05
1611144,122,118,-4,category_id,0.00010634338278300632,0.0003493754913092847
1612623,66,50,-16,category_id,0.0004253735311320253,0.0013975019652371387
1613385,0,1,1,category_id,0.0,-8.734387282732117e-05
1614257,1,0,-1,category_id,2.658584569575158e-05,8.734387282732117e-05
1615537,41,41,0,category_id,0.0,-0.0
1618188,0,2,2,category_id,0.0,-0.00017468774565464234
1618400,0,1,1,category_id,0.0,-8.734387282732117e-05
1619654,4,8,4,category_id,0.0,-0.0003493754913092847
1619893,1,0,-1,category_id,2.658584569575158e-05,8.734387282732117e-05
1620142,1,2,1,category_id,0.0,-8.734387282732117e-05
1620537,68,40,-28,category_id,0.0007444036794810443,0.0024456284391649926
1622413,4,8,4,category_id,0.0,-0.0003493754913092847
1624041,12,11,-1,category_id,2.658584569575158e-05,8.734387282732117e-05
1626142,0,2,2,category_id,0.0,-0.00017468774565464234
1626599,31,27,-4,category_id,0.00010634338278300632,0.0003493754913092847
1627611,0,1,1,category_id,0.0,-8.734387282732117e-05
1628030,8,12,4,category_id,0.0,-0.0003493754913092847
1628418,0,1,1,category_id,0.0,-8.734387282732117e-05
1628657,156,75,-81,category_id,0.0021534535013558783,0.007074853699013014
1628899,9,15,6,category_id,0.0,-0.000524063236963927
1629035,50,47,-3,category_id,7.975753708725475e-05,0.0002620316184819635
1630295,22,12,-10,category_id,0.00026585845695751583,0.0008734387282732116
1630367,1,0,-1,category_id,2.658584569575158e-05,8.734387282732117e-05
1631145,0,1,1,category_id,0.0,-8.734387282732117e-05
1631778,40,38,-2,category_id,5.317169139150316e-05,0.00017468774565464234
1632647,17,17,0,category_id,0.0,-0.0
1633002,8,16,8,category_id,0.0,-0.0006987509826185693
1633142,6,5,-1,category_id,2.658584569575158e-05,8.734387282732117e-05
1635194,37,25,-12,category_id,0.000319030148349019,0.001048126473927854
1635363,1,4,3,category_id,0.0,-0.0002620316184819635
1635426,2,3,1,category_id,0.0,-8.734387282732117e-05
1635619,3,6,3,category_id,0.0,-0.0002620316184819635
1637260,28,28,0,category_id,0.0,-0.0
1639158,48,18,-30,category_id,0.0007975753708725474,0.002620316184819635
1639265,4,2,-2,category_id,5.317169139150316e-05,0.00017468774565464234
1639557,0,2,2,category_id,0.0,-0.00017468774565464234
1641818,4,2,-2,category_id,5.317169139150316e-05,0.00017468774565464234
1642508,3,2,-1,category_id,2.658584569575158e-05,8.734387282732117e-05
1643094,1,4,3,category_id,0.0,-0.0002620316184819635
1643917,0,3,3,category_id,0.0,-0.0002620316184819635
1645406,0,1,1,category_id,0.0,-8.734387282732117e-05
1646378,3,2,-1,category_id,2.658584569575158e-05,8.734387282732117e-05
1646753,222,197,-25,category_id,0.0006646461423937895,0.0021835968206830292
1647415,21,14,-7,category_id,0.00018610091987026107,0.0006114071097912482
1648035,12,17,5,category_id,0.0,-0.0004367193641366058
1648490,4,3,-1,category_id,2.658584569575158e-05,8.734387282732117e-05
1649508,0,1,1,category_id,0.0,-8.734387282732117e-05
1651393,2,0,-2,category_id,5.317169139150316e-05,0.00017468774565464234
1651662,5,0,-5,category_id,0.00013292922847875791,0.0004367193641366058
1652168,2,0,-2,category_id,5.317169139150316e-05,0.00017468774565464234
1652543,9,17,8,category_id,0.0,-0.0006987509826185693
1653613,43,37,-6,category_id,0.0001595150741745095,0.000524063236963927
1654824,3,5,2,category_id,0.0,-0.00017468774565464234
1655632,9,8,-1,category_id,2.658584569575158e-05,8.734387282732117e-05
1660019,13,2,-11,category_id,0.0002924443026532674,0.0009607826011005328
1664190,2,2,0,category_id,0.0,-0.0
1665989,28,37,9,category_id,0.0,-0.0007860948554458904
1665992,1,0,-1,category_id,2.658584569575158e-05,8.734387282732117e-05
1666488,2,1,-1,category_id,2.658584569575158e-05,8.734387282732117e-05
1669167,91,115,24,category_id,0.0,-0.002096252947855708
1672064,16,27,11,category_id,0.0,-0.0009607826011005328
1672287,5,6,1,category_id,0.0,-8.734387282732117e-05
1673021,11,17,6,category_id,0.0,-0.000524063236963927
1673834,0,1,1,category_id,0.0,-8.734387282732117e-05
1673948,7,8,1,category_id,0.0,-8.734387282732117e-05
1674186,3,6,3,category_id,0.0,-0.0002620316184819635
1674316,9,10,1,category_id,0.0,-8.734387282732117e-05
1674844,14,16,2,category_id,0.0,-0.00017468774565464234
1676308,6,4,-2,category_id,5.317169139150316e-05,0.00017468774565464234
1677989,4,2,-2,category_id,5.317169139150316e-05,0.00017468774565464234
1678374,27,27,0,category_id,0.0,-0.0
1680882,2,2,0,category_id,0.0,-0.0
1683967,3,3,0,category_id,0.0,-0.0
1685024,0,1,1,category_id,0.0,-8.734387282732117e-05
1685432,7,6,-1,category_id,2.658584569575158e-05,8.734387282732117e-05
1686309,30,27,-3,category_id,7.975753708725475e-05,0.0002620316184819635
1687159,4,2,-2,category_id,5.317169139150316e-05,0.00017468774565464234
1688933,1,0,-1,category_id,2.658584569575158e-05,8.734387282732117e-05
1689352,98,74,-24,category_id,0.000638060296698038,0.002096252947855708
1689624,154,188,34,category_id,0.0,-0.0029696916761289193
1690224,0,1,1,category_id,0.0,-8.734387282732117e-05
1691286,9,3,-6,category_id,0.0001595150741745095,0.000524063236963927
1691699,189,184,-5,category_id,0.00013292922847875791,0.0004367193641366058
1691915,6,3,-3,category_id,7.975753708725475e-05,0.0002620316184819635
1692250,2,5,3,category_id,0.0,-0.0002620316184819635
1692521,0,1,1,category_id,0.0,-8.734387282732117e-05
1693998,7,5,-2,category_id,5.317169139150316e-05,0.00017468774565464234
1694317,4,2,-2,category_id,5.317169139150316e-05,0.00017468774565464234
1694669,22,11,-11,category_id,0.0002924443026532674,0.0009607826011005328
1695915,0,1,1,category_id,0.0,-8.734387282732117e-05
1696979,8,2,-6,category_id,0.0001595150741745095,0.000524063236963927
1697889,9,21,12,category_id,0.0,-0.001048126473927854
1699768,3,7,4,category_id,0.0,-0.0003493754913092847
1701471,4,9,5,category_id,0.0,-0.0004367193641366058
1701543,0,2,2,category_id,0.0,-0.00017468774565464234
1702673,6,7,1,category_id,0.0,-8.734387282732117e-05
1702898,30,33,3,category_id,0.0,-0.0002620316184819635
1703906,8,5,-3,category_id,7.975753708725475e-05,0.0002620316184819635
1704399,4,0,-4,category_id,0.00010634338278300632,0.0003493754913092847
1706459,1,0,-1,category_id,2.658584569575158e-05,8.734387282732117e-05
1708364,0,2,2,category_id,0.0,-0.00017468774565464234
1708445,31,32,1,category_id,0.0,-8.734387282732117e-05
1709948,0,2,2,category_id,0.0,-0.00017468774565464234
1710799,3,1,-2,category_id,5.317169139150316e-05,0.00017468774565464234
1711596,79,62,-17,category_id,0.00045195937682777687,0.0014848458380644597
1711850,0,2,2,category_id,0.0,-0.00017468774565464234
1712001,42,59,17,category_id,0.0,-0.0014848458380644597
1712657,8,6,-2,category_id,5.317169139150316e-05,0.00017468774565464234
1716161,5,4,-1,category_id,2.658584569575158e-05,8.734387282732117e-05
1717476,46,54,8,category_id,0.0,-0.0006987509826185693
1719660,3,3,0,category_id,0.0,-0.0
1720743,0,1,1,category_id,0.0,-8.734387282732117e-05
1721893,49,35,-14,category_id,0.00037220183974052214,0.0012228142195824963
1722855,72,89,17,category_id,0.0,-0.0014848458380644597
1723409,41,39,-2,category_id,5.317169139150316e-05,0.00017468774565464234
1723640,1,1,0,category_id,0.0,-0.0
1724559,49,74,25,category_id,0.0,-0.0021835968206830292
1725572,2,6,4,category_id,0.0,-0.0003493754913092847
1725832,7,2,-5,category_id,0.00013292922847875791,0.0004367193641366058
1726863,3,1,-2,category_id,5.317169139150316e-05,0.00017468774565464234
1728108,17,7,-10,category_id,0.00026585845695751583,0.0008734387282732116
1729588,1,0,-1,category_id,2.658584569575158e-05,8.734387282732117e-05
1729922,1,2,1,category_id,0.0,-8.734387282732117e-05
1729993,134,129,-5,category_id,0.00013292922847875791,0.0004367193641366058
1730162,0,1,1,category_id,0.0,-8.734387282732117e-05
1730376,48,39,-9,category_id,0.00023927261126176425,0.0007860948554458904
1730594,60,58,-2,category_id,5.317169139150316e-05,0.00017468774565464234
1731549,0,1,1,category_id,0.0,-8.734387282732117e-05
1733194,1,0,-1,category_id,2.658584569575158e-05,8.734387282732117e-05
1733466,11,11,0,category_id,0.0,-0.0
1733868,47,35,-12,category_id,0.000319030148349019,0.001048126473927854
1734820,0,1,1,category_id,0.0,-8.734387282732117e-05
1735933,1,0,-1,category_id,2.658584569575158e-05,8.734387282732117e-05
1736178,4,8,4,category_id,0.0,-0.0003493754913092847
1737857,100,103,3,category_id,0.0,-0.0002620316184819635
1738105,2,4,2,category_id,0.0,-0.00017468774565464234
1739706,13,10,-3,category_id,7.975753708725475e-05,0.0002620316184819635
1741711,5,3,-2,category_id,5.317169139150316e-05,0.00017468774565464234
1741782,0,1,1,category_id,0.0,-8.734387282732117e-05
1741880,1,0,-1,category_id,2.658584569575158e-05,8.734387282732117e-05
1742197,18,11,-7,category_id,0.00018610091987026107,0.0006114071097912482
1747827,7,12,5,category_id,0.0,-0.0004367193641366058
1748831,7,12,5,category_id,0.0,-0.0004367193641366058
1751679,4,7,3,category_id,0.0,-0.0002620316184819635
1753262,9,2,-7,category_id,0.00018610091987026107,0.0006114071097912482
1754291,3,1,-2,category_id,5.317169139150316e-05,0.00017468774565464234
1755663,7,16,9,category_id,0.0,-0.0007860948554458904
1755681,17,17,0,category_id,0.0,-0.0
1756055,2,7,5,category_id,0.0,-0.0004367193641366058
1756314,26,25,-1,category_id,2.658584569575158e-05,8.734387282732117e-05
1759436,1,2,1,category_id,0.0,-8.734387282732117e-05
1759733,2,1,-1,category_id,2.658584569575158e-05,8.734387282732117e-05
1759909,24,31,7,category_id,0.0,-0.0006114071097912482
1760378,1,1,0,category_id,0.0,-0.0
1761187,0,2,2,category_id,0.0,-0.00017468774565464234
1764424,8,7,-1,category_id,2.658584569575158e-05,8.734387282732117e-05
1765179,2,0,-2,category_id,5.317169139150316e-05,0.00017468774565464234
1765288,19,11,-8,category_id,0.00021268676556601265,0.0006987509826185693
1766039,24,39,15,category_id,0.0,-0.0013101580924098175
1766286,1,0,-1,category_id,2.658584569575158e-05,8.734387282732117e-05
1767199,6,3,-3,category_id,7.975753708725475e-05,0.0002620316184819635
1768615,3,2,-1,category_id,2.658584569575158e-05,8.734387282732117e-05
1768869,4,3,-1,category_id,2.658584569575158e-05,8.734387282732117e-05
1769043,21,18,-3,category_id,7.975753708725475e-05,0.0002620316184819635
1771100,0,1,1,category_id,0.0,-8.734387282732117e-05
1771708,3,0,-3,category_id,7.975753708725475e-05,0.0002620316184819635
1773435,3,5,2,category_id,0.0,-0.00017468774565464234
1774298,1,1,0,category_id,0.0,-0.0
1775449,2,0,-2,category_id,5.317169139150316e-05,0.00017468774565464234
1775706,1,1,0,category_id,0.0,-0.0
1776295,35,35,0,category_id,0.0,-0.0
1778777,6,6,0,category_id,0.0,-0.0
1780349,2,0,-2,category_id,5.317169139150316e-05,0.00017468774565464234
1780495,63,53,-10,category_id,0.00026585845695751583,0.0008734387282732116
1781074,2,3,1,category_id,0.0,-8.734387282732117e-05
1781126,83,126,43,category_id,0.0,-0.00375578653157481
1781370,1,2,1,category_id,0.0,-8.734387282732117e-05
1783394,8,6,-2,category_id,5.317169139150316e-05,0.00017468774565464234
1783423,50,78,28,category_id,0.0,-0.0024456284391649926
1787284,1,0,-1,category_id,2.658584569575158e-05,8.734387282732117e-05
1787510,886,797,-89,category_id,0.002366140266921891,0.007773604681631584
1789614,301,261,-40,category_id,0.0010634338278300633,0.0034937549130928465
1791760,0,1,1,category_id,0.0,-8.734387282732117e-05
1792163,3,3,0,category_id,0.0,-0.0
1792277,286,185,-101,category_id,0.00268517041527091,0.008821731155559438
1793060,0,7,7,category_id,0.0,-0.0006114071097912482
1793551,2,2,0,category_id,0.0,-0.0
1794065,9,8,-1,category_id,2.658584569575158e-05,8.734387282732117e-05
1795157,11,13,2,category_id,0.0,-0.00017468774565464234
1796440,1,0,-1,category_id,2.658584569575158e-05,8.734387282732117e-05
1798340,24,22,-2,category_id,5.317169139150316e-05,0.00017468774565464234
1799352,0,3,3,category_id,0.0,-0.0002620316184819635
1799984,14,10,-4,category_id,0.00010634338278300632,0.0003493754913092847
1803510,9,17,8,category_id,0.0,-0.0006987509826185693
1804279,5,2,-3,category_id,7.975753708725475e-05,0.0002620316184819635
1805756,14,25,11,category_id,0.0,-0.0009607826011005328
1807416,91,122,31,category_id,0.0,-0.002707660057646956
1807584,63,63,0,category_id,0.0,-0.0
1810340,1,1,0,category_id,0.0,-0.0
1811343,19,17,-2,category_id,5.317169139150316e-05,0.00017468774565464234
1812396,15,19,4,category_id,0.0,-0.0003493754913092847
1812506,1,1,0,category_id,0.0,-0.0
1812605,11,9,-2,category_id,5.317169139150316e-05,0.00017468774565464234
1813610,188,161,-27,category_id,0.0007178178337852927,0.0023582845663376716
1813868,9,7,-2,category_id,5.317169139150316e-05,0.00017468774565464234
1816843,7,8,1,category_id,0.0,-8.734387282732117e-05
1817004,228,205,-23,category_id,0.0006114744510022864,0.002008909075028387
1817077,19,17,-2,category_id,5.317169139150316e-05,0.00017468774565464234
1818551,6,3,-3,category_id,7.975753708725475e-05,0.0002620316184819635
1819175,14,9,-5,category_id,0.00013292922847875791,0.0004367193641366058
1819196,1,0,-1,category_id,2.658584569575158e-05,8.734387282732117e-05
1820304,1,1,0,category_id,0.0,-0.0
1820842,28,39,11,category_id,0.0,-0.0009607826011005328
1821455,10,6,-4,category_id,0.00010634338278300632,0.0003493754913092847
1822328,3,1,-2,category_id,5.317169139150316e-05,0.00017468774565464234
1824155,2,0,-2,category_id,5.317169139150316e-05,0.00017468774565464234
1826051,1,0,-1,category_id,2.658584569575158e-05,8.734387282732117e-05
1826911,3,4,1,category_id,0.0,-8.734387282732117e-05
1827100,16,21,5,category_id,0.0,-0.0004367193641366058
1828144,1,0,-1,category_id,2.658584569575158e-05,8.734387282732117e-05
1829221,35,34,-1,category_id,2.658584569575158e-05,8.734387282732117e-05
1829804,127,160,33,category_id,0.0,-0.0028823478033015984
1829891,4,1,-3,category_id,7.975753708725475e-05,0.0002620316184819635
1832757,0,1,1,category_id,0.0,-8.734387282732117e-05
1833378,6,6,0,category_id,0.0,-0.0
1833532,16,7,-9,category_id,0.00023927261126176425,0.0007860948554458904
1834026,858,779,-79,category_id,0.002100281809964375,0.006900165953358372
1834393,0,1,1,category_id,0.0,-8.734387282732117e-05
1834836,1,0,-1,category_id,2.658584569575158e-05,8.734387282732117e-05
1838064,1,0,-1,category_id,2.658584569575158e-05,8.734387282732117e-05
1838851,4,3,-1,category_id,2.658584569575158e-05,8.734387282732117e-05
1840678,3,1,-2,category_id,5.317169139150316e-05,0.00017468774565464234
1841388,1,1,0,category_id,0.0,-0.0
1841930,3,2,-1,category_id,2.658584569575158e-05,8.734387282732117e-05
1842993,102,84,-18,category_id,0.0004785452225235285,0.0015721897108917809
1843556,0,1,1,category_id,0.0,-8.734387282732117e-05
1844626,5,2,-3,category_id,7.975753708725475e-05,0.0002620316184819635
1846937,38,32,-6,category_id,0.0001595150741745095,0.000524063236963927
1847649,6,5,-1,category_id,2.658584569575158e-05,8.734387282732117e-05
1849958,11,7,-4,category_id,0.00010634338278300632,0.0003493754913092847
1850548,47,45,-2,category_id,5.317169139150316e-05,0.00017468774565464234
1851019,0,4,4,category_id,0.0,-0.0003493754913092847
1851156,647,666,19,category_id,0.0,-0.001659533583719102
1852398,9,12,3,category_id,0.0,-0.0002620316184819635
1853264,0,1,1,category_id,0.0,-8.734387282732117e-05
1854481,2,3,1,category_id,0.0,-8.734387282732117e-05
1855417,0,1,1,category_id,0.0,-8.734387282732117e-05
1856976,2,0,-2,category_id,5.317169139150316e-05,0.00017468774565464234
1858817,7,6,-1,category_id,2.658584569575158e-05,8.734387282732117e-05
1859277,410,397,-13,category_id,0.00034561599404477056,0.001135470346755175
1860533,0,1,1,category_id,0.0,-8.734387282732117e-05
1863540,1,0,-1,category_id,2.658584569575158e-05,8.734387282732117e-05
1864286,3,6,3,category_id,0.0,-0.0002620316184819635
1864538,1,1,0,category_id,0.0,-0.0
1865209,5,2,-3,category_id,7.975753708725475e-05,0.0002620316184819635
1865211,2,2,0,category_id,0.0,-0.0
1865444,3,0,-3,category_id,7.975753708725475e-05,0.0002620316184819635
1867533,52,55,3,category_id,0.0,-0.0002620316184819635
1868174,5,11,6,category_id,0.0,-0.000524063236963927
1868423,52,57,5,category_id,0.0,-0.0004367193641366058
1868513,0,3,3,category_id,0.0,-0.0002620316184819635
1868811,25,20,-5,category_id,0.00013292922847875791,0.0004367193641366058
1869802,6,2,-4,category_id,0.00010634338278300632,0.0003493754913092847
1870458,5,13,8,category_id,0.0,-0.0006987509826185693
1872294,55,81,26,category_id,0.0,-0.00227094069351035
1873646,1,2,1,category_id,0.0,-8.734387282732117e-05
1873826,15,20,5,category_id,0.0,-0.0004367193641366058
1875258,89,93,4,category_id,0.0,-0.0003493754913092847
1876707,13,18,5,category_id,0.0,-0.0004367193641366058
1879194,1408,1459,51,category_id,0.0,-0.0044545375141933794
1879672,21,16,-5,category_id,0.00013292922847875791,0.0004367193641366058
1879828,1,1,0,category_id,0.0,-0.0
1881274,2,0,-2,category_id,5.317169139150316e-05,0.00017468774565464234
1881939,0,1,1,category_id,0.0,-8.734387282732117e-05
1881956,192,215,23,category_id,0.0,-0.002008909075028387
1882323,4,6,2,category_id,0.0,-0.00017468774565464234
1882924,9,6,-3,category_id,7.975753708725475e-05,0.0002620316184819635
1884322,504,192,-312,category_id,0.008294783857074493,0.027251288322124204
1884568,168,143,-25,category_id,0.0006646461423937895,0.0021835968206830292
1885585,1,1,0,category_id,0.0,-0.0
1885829,13,10,-3,category_id,7.975753708725475e-05,0.0002620316184819635
1888306,28,31,3,category_id,0.0,-0.0002620316184819635
1889065,2,2,0,category_id,0.0,-0.0
1891626,9,10,1,category_id,0.0,-8.734387282732117e-05
1891872,16,15,-1,category_id,2.658584569575158e-05,8.734387282732117e-05
1893541,17,12,-5,category_id,0.00013292922847875791,0.0004367193641366058
1893764,0,1,1,category_id,0.0,-8.734387282732117e-05
1895342,0,2,2,category_id,0.0,-0.00017468774565464234
1895940,0,2,2,category_id,0.0,-0.00017468774565464234
1896006,8,10,2,category_id,0.0,-0.00017468774565464234
1896675,9,10,1,category_id,0.0,-8.734387282732117e-05
1896842,0,3,3,category_id,0.0,-0.0002620316184819635
1897924,5,1,-4,category_id,0.00010634338278300632,0.0003493754913092847
1898686,28,23,-5,category_id,0.00013292922847875791,0.0004367193641366058
1900834,2,3,1,category_id,0.0,-8.734387282732117e-05
1901483,25,14,-11,category_id,0.0002924443026532674,0.0009607826011005328
1901895,3,0,-3,category_id,7.975753708725475e-05,0.0002620316184819635
1902453,27,32,5,category_id,0.0,-0.0004367193641366058
1902627,9,5,-4,category_id,0.00010634338278300632,0.0003493754913092847
1903669,3,0,-3,category_id,7.975753708725475e-05,0.0002620316184819635
1904657,12,20,8,category_id,0.0,-0.0006987509826185693
1905278,1,0,-1,category_id,2.658584569575158e-05,8.734387282732117e-05
1906712,10,1,-9,category_id,0.00023927261126176425,0.0007860948554458904
1909440,7,7,0,category_id,0.0,-0.0
1910296,7,6,-1,category_id,2.658584569575158e-05,8.734387282732117e-05
1910923,32,29,-3,category_id,7.975753708725475e-05,0.0002620316184819635
1911903,2,2,0,category_id,0.0,-0.0
1912148,2,7,5,category_id,0.0,-0.0004367193641366058
1914382,98,84,-14,category_id,0.00037220183974052214,0.0012228142195824963
1916025,23,23,0,category_id,0.0,-0.0
1916098,0,2,2,category_id,0.0,-0.00017468774565464234
1918078,0,1,1,category_id,0.0,-8.734387282732117e-05
1918447,9,11,2,category_id,0.0,-0.00017468774565464234
1918853,5,8,3,category_id,0.0,-0.0002620316184819635
1920171,28,22,-6,category_id,0.0001595150741745095,0.000524063236963927
1921180,1,1,0,category_id,0.0,-0.0
1922400,12,20,8,category_id,0.0,-0.0006987509826185693
1922644,62,51,-11,category_id,0.0002924443026532674,0.0009607826011005328
1925578,9,11,2,category_id,0.0,-0.00017468774565464234
1928278,155,250,95,category_id,0.0,-0.00829766791859551
1929516,30,32,2,category_id,0.0,-0.00017468774565464234
1929875,59,93,34,category_id,0.0,-0.0029696916761289193
1929929,0,1,1,category_id,0.0,-8.734387282732117e-05
1931469,4,5,1,category_id,0.0,-8.734387282732117e-05
1932760,1,2,1,category_id,0.0,-8.734387282732117e-05
1934059,2,1,-1,category_id,2.658584569575158e-05,8.734387282732117e-05
1936083,0,1,1,category_id,0.0,-8.734387282732117e-05
1936090,0,1,1,category_id,0.0,-8.734387282732117e-05
1936748,240,259,19,category_id,0.0,-0.001659533583719102
1936894,0,2,2,category_id,0.0,-0.00017468774565464234
1937007,5,4,-1,category_id,2.658584569575158e-05,8.734387282732117e-05
1938796,1,0,-1,category_id,2.658584569575158e-05,8.734387282732117e-05
1940040,2,1,-1,category_id,2.658584569575158e-05,8.734387282732117e-05
1941546,8,8,0,category_id,0.0,-0.0
1943877,49,52,3,category_id,0.0,-0.0002620316184819635
1943989,52,66,14,category_id,0.0,-0.0012228142195824963
1944515,1,0,-1,category_id,2.658584569575158e-05,8.734387282732117e-05
1944905,35,13,-22,category_id,0.0005848886053065348,0.0019215652022010656
1945301,3,2,-1,category_id,2.658584569575158e-05,8.734387282732117e-05
1946069,5,5,0,category_id,0.0,-0.0
1946811,10,4,-6,category_id,0.0001595150741745095,0.000524063236963927
1947578,4,16,12,category_id,0.0,-0.001048126473927854
1947820,4,5,1,category_id,0.0,-8.734387282732117e-05
1948588,1,2,1,category_id,0.0,-8.734387282732117e-05
1949094,0,1,1,category_id,0.0,-8.734387282732117e-05
1949490,3,0,-3,category_id,7.975753708725475e-05,0.0002620316184819635
1949910,2,2,0,category_id,0.0,-0.0
1950457,28,21,-7,category_id,0.00018610091987026107,0.0006114071097912482
1950665,10,13,3,category_id,0.0,-0.0002620316184819635
1952564,18,27,9,category_id,0.0,-0.0007860948554458904
1953179,19,32,13,category_id,0.0,-0.001135470346755175
1954028,3,5,2,category_id,0.0,-0.00017468774565464234
1954691,39,30,-9,category_id,0.00023927261126176425,0.0007860948554458904
1955064,3,2,-1,category_id,2.658584569575158e-05,8.734387282732117e-05
1955349,12,16,4,category_id,0.0,-0.0003493754913092847
1956773,10,9,-1,category_id,2.658584569575158e-05,8.734387282732117e-05
1957261,14,14,0,category_id,0.0,-0.0
1958275,47,27,-20,category_id,0.0005317169139150317,0.0017468774565464233
1959284,1,1,0,category_id,0.0,-0.0
1960523,4,4,0,category_id,0.0,-0.0
1960675,2,1,-1,category_id,2.658584569575158e-05,8.734387282732117e-05
1961543,18,7,-11,category_id,0.0002924443026532674,0.0009607826011005328
1962983,1,4,3,category_id,0.0,-0.0002620316184819635
1963052,67,74,7,category_id,0.0,-0.0006114071097912482
1964754,234,49,-185,category_id,0.004918381453714042,0.016158616473054416
1965689,1,2,1,category_id,0.0,-8.734387282732117e-05
1965698,1,1,0,category_id,0.0,-0.0
1968315,4,4,0,category_id,0.0,-0.0
1970375,11,11,0,category_id,0.0,-0.0
1970552,1,0,-1,category_id,2.658584569575158e-05,8.734387282732117e-05
1972463,5,0,-5,category_id,0.00013292922847875791,0.0004367193641366058
1972769,2,2,0,category_id,0.0,-0.0
1972894,30,24,-6,category_id,0.0001595150741745095,0.000524063236963927
1973012,984,673,-311,category_id,0.008268198011378743,0.027163944449296883
1973380,6,2,-4,category_id,0.00010634338278300632,0.0003493754913092847
1973742,0,1,1,category_id,0.0,-8.734387282732117e-05
1974051,11,15,4,category_id,0.0,-0.0003493754913092847
1977169,14,15,1,category_id,0.0,-8.734387282732117e-05
1978345,0,4,4,category_id,0.0,-0.0003493754913092847
1978442,4,3,-1,category_id,2.658584569575158e-05,8.734387282732117e-05
1980086,1,0,-1,category_id,2.658584569575158e-05,8.734387282732117e-05
1980111,24,12,-12,category_id,0.000319030148349019,0.001048126473927854
1981598,0,1,1,category_id,0.0,-8.734387282732117e-05
1981996,22,19,-3,category_id,7.975753708725475e-05,0.0002620316184819635
1982376,3,4,1,category_id,0.0,-8.734387282732117e-05
1983014,4,11,7,category_id,0.0,-0.0006114071097912482
1983413,3,2,-1,category_id,2.658584569575158e-05,8.734387282732117e-05
1983785,0,3,3,category_id,0.0,-0.0002620316184819635
1984197,10,10,0,category_id,0.0,-0.0
1984400,2,3,1,category_id,0.0,-8.734387282732117e-05
1985331,3,1,-2,category_id,5.317169139150316e-05,0.00017468774565464234
1986353,0,1,1,category_id,0.0,-8.734387282732117e-05
1986754,7,8,1,category_id,0.0,-8.734387282732117e-05
1987882,7,2,-5,category_id,0.00013292922847875791,0.0004367193641366058
1988066,9,10,1,category_id,0.0,-8.734387282732117e-05
1988433,26,47,21,category_id,0.0,-0.0018342213293737445
1988611,37,25,-12,category_id,0.000319030148349019,0.001048126473927854
1988672,5,6,1,category_id,0.0,-8.734387282732117e-05
1990649,2,3,1,category_id,0.0,-8.734387282732117e-05
1990869,104,69,-35,category_id,0.0009305045993513053,0.0030570355489562408
1992078,9,7,-2,category_id,5.317169139150316e-05,0.00017468774565464234
1992942,11,10,-1,category_id,2.658584569575158e-05,8.734387282732117e-05
1993741,45,22,-23,category_id,0.0006114744510022864,0.002008909075028387
1994940,140,124,-16,category_id,0.0004253735311320253,0.0013975019652371387
1995431,2,0,-2,category_id,5.317169139150316e-05,0.00017468774565464234
1995600,3,3,0,category_id,0.0,-0.0
1996243,2,3,1,category_id,0.0,-8.734387282732117e-05
1996872,4,3,-1,category_id,2.658584569575158e-05,8.734387282732117e-05
1997475,1,1,0,category_id,0.0,-0.0
1997869,0,1,1,category_id,0.0,-8.734387282732117e-05
1998227,10,13,3,category_id,0.0,-0.0002620316184819635
1999309,0,1,1,category_id,0.0,-8.734387282732117e-05
1999982,2,5,3,category_id,0.0,-0.0002620316184819635
2000725,0,2,2,category_id,0.0,-0.00017468774565464234
2001772,5,5,0,category_id,0.0,-0.0
2002445,1,1,0,category_id,0.0,-0.0
2003083,16,10,-6,category_id,0.0001595150741745095,0.000524063236963927
2003294,2,4,2,category_id,0.0,-0.00017468774565464234
2004007,25,38,13,category_id,0.0,-0.001135470346755175
2005676,6,5,-1,category_id,2.658584569575158e-05,8.734387282732117e-05
2006795,0,2,2,category_id,0.0,-0.00017468774565464234
2011127,1,0,-1,category_id,2.658584569575158e-05,8.734387282732117e-05
2012131,2,2,0,category_id,0.0,-0.0
2013232,76,38,-38,category_id,0.0010102621364385602,0.003319067167438204
2013622,6,1,-5,category_id,0.00013292922847875791,0.0004367193641366058
2013864,13,13,0,category_id,0.0,-0.0
2014414,18,16,-2,category_id,5.317169139150316e-05,0.00017468774565464234
2014687,1,0,-1,category_id,2.658584569575158e-05,8.734387282732117e-05
2015942,2,1,-1,category_id,2.658584569575158e-05,8.734387282732117e-05
2016297,7,8,1,category_id,0.0,-8.734387282732117e-05
2016952,7,5,-2,category_id,5.317169139150316e-05,0.00017468774565464234
2018601,2,0,-2,category_id,5.317169139150316e-05,0.00017468774565464234
2018837,2,1,-1,category_id,2.658584569575158e-05,8.734387282732117e-05
2019624,2,4,2,category_id,0.0,-0.00017468774565464234
2020240,84,74,-10,category_id,0.00026585845695751583,0.0008734387282732116
2021104,1,3,2,category_id,0.0,-0.00017468774565464234
2021738,3,2,-1,category_id,2.658584569575158e-05,8.734387282732117e-05
2022943,0,1,1,category_id,0.0,-8.734387282732117e-05
2023387,85,63,-22,category_id,0.0005848886053065348,0.0019215652022010656
2024359,5,2,-3,category_id,7.975753708725475e-05,0.0002620316184819635
2025483,95,99,4,category_id,0.0,-0.0003493754913092847
2026832,40,57,17,category_id,0.0,-0.0014848458380644597
2026907,15,17,2,category_id,0.0,-0.00017468774565464234
2026937,2,0,-2,category_id,5.317169139150316e-05,0.00017468774565464234
2027583,7,5,-2,category_id,5.317169139150316e-05,0.00017468774565464234
2028693,1,1,0,category_id,0.0,-0.0
2028926,0,1,1,category_id,0.0,-8.734387282732117e-05
2028981,12,12,0,category_id,0.0,-0.0
2030976,235,228,-7,category_id,0.00018610091987026107,0.0006114071097912482
2031969,15,13,-2,category_id,5.317169139150316e-05,0.00017468774565464234
2033408,305,329,24,category_id,0.0,-0.002096252947855708
2033647,1,1,0,category_id,0.0,-0.0
2034426,1,0,-1,category_id,2.658584569575158e-05,8.734387282732117e-05
2036277,1,0,-1,category_id,2.658584569575158e-05,8.734387282732117e-05
2037779,4,5,1,category_id,0.0,-8.734387282732117e-05
2038530,7,8,1,category_id,0.0,-8.734387282732117e-05
2040765,2,2,0,category_id,0.0,-0.0
2042400,288,364,76,category_id,0.0,-0.006638134334876408
2043591,6,6,0,category_id,0.0,-0.0
2043668,2,0,-2,category_id,5.317169139150316e-05,0.00017468774565464234
2044304,33,32,-1,category_id,2.658584569575158e-05,8.734387282732117e-05
2044542,0,1,1,category_id,0.0,-8.734387282732117e-05
2044695,4,2,-2,category_id,5.317169139150316e-05,0.00017468774565464234
2046227,1,0,-1,category_id,2.658584569575158e-05,8.734387282732117e-05
2046640,2,2,0,category_id,0.0,-0.0
2049210,1,0,-1,category_id,2.658584569575158e-05,8.734387282732117e-05
2049879,8,11,3,category_id,0.0,-0.0002620316184819635
2050292,21,17,-4,category_id,0.00010634338278300632,0.0003493754913092847
2051267,11,9,-2,category_id,5.317169139150316e-05,0.00017468774565464234
2051499,2,4,2,category_id,0.0,-0.00017468774565464234
2051506,0,1,1,category_id,0.0,-8.734387282732117e-05
2052384,1,4,3,category_id,0.0,-0.0002620316184819635
2052526,15,15,0,category_id,0.0,-0.0
2053851,2,0,-2,category_id,5.317169139150316e-05,0.00017468774565464234
2055312,8,3,-5,category_id,0.00013292922847875791,0.0004367193641366058
2056274,14,16,2,category_id,0.0,-0.00017468774565464234
2056438,3,4,1,category_id,0.0,-8.734387282732117e-05
2058468,8,9,1,category_id,0.0,-8.734387282732117e-05
2062239,4,5,1,category_id,0.0,-8.734387282732117e-05
2062335,9,8,-1,category_id,2.658584569575158e-05,8.734387282732117e-05
2062378,2,1,-1,category_id,2.658584569575158e-05,8.734387282732117e-05
2062612,2,1,-1,category_id,2.658584569575158e-05,8.734387282732117e-05
2063273,1,0,-1,category_id,2.658584569575158e-05,8.734387282732117e-05
2064089,1,1,0,category_id,0.0,-0.0
2064458,12,10,-2,category_id,5.317169139150316e-05,0.00017468774565464234
2066340,2,2,0,category_id,0.0,-0.0
2066454,1,2,1,category_id,0.0,-8.734387282732117e-05
2066743,50,43,-7,category_id,0.00018610091987026107,0.0006114071097912482
2066955,49,45,-4,category_id,0.00010634338278300632,0.0003493754913092847
2070005,1,0,-1,category_id,2.658584569575158e-05,8.734387282732117e-05
2070081,7,5,-2,category_id,5.317169139150316e-05,0.00017468774565464234
2070852,11,6,-5,category_id,0.00013292922847875791,0.0004367193641366058
2070908,0,1,1,category_id,0.0,-8.734387282732117e-05
2071435,7,5,-2,category_id,5.317169139150316e-05,0.00017468774565464234
2072020,4,4,0,category_id,0.0,-0.0
2072473,235,251,16,category_id,0.0,-0.0013975019652371387
2073339,2,3,1,category_id,0.0,-8.734387282732117e-05
2073722,0,1,1,category_id,0.0,-8.734387282732117e-05
2075289,1,0,-1,category_id,2.658584569575158e-05,8.734387282732117e-05
2077129,0,1,1,category_id,0.0,-8.734387282732117e-05
2077723,15,22,7,category_id,0.0,-0.0006114071097912482
2078135,0,4,4,category_id,0.0,-0.0003493754913092847
2078551,39,45,6,category_id,0.0,-0.000524063236963927
2080214,1,0,-1,category_id,2.658584569575158e-05,8.734387282732117e-05
2080793,0,1,1,category_id,0.0,-8.734387282732117e-05
2080896,1,1,0,category_id,0.0,-0.0
2081312,7,14,7,category_id,0.0,-0.0006114071097912482
2081583,1,10,9,category_id,0.0,-0.0007860948554458904
2082380,2,0,-2,category_id,5.317169139150316e-05,0.00017468774565464234
2082734,3,8,5,category_id,0.0,-0.0004367193641366058
2084864,1,1,0,category_id,0.0,-0.0
2085893,317,119,-198,category_id,0.005263997447758813,0.017294086819809592
2086128,2,2,0,category_id,0.0,-0.0
2087597,19,20,1,category_id,0.0,-8.734387282732117e-05
2087749,1,0,-1,category_id,2.658584569575158e-05,8.734387282732117e-05
2088964,19,10,-9,category_id,0.00023927261126176425,0.0007860948554458904
2089582,54,30,-24,category_id,0.000638060296698038,0.002096252947855708
2089833,0,2,2,category_id,0.0,-0.00017468774565464234
2091359,47,44,-3,category_id,7.975753708725475e-05,0.0002620316184819635
2091632,1,0,-1,category_id,2.658584569575158e-05,8.734387282732117e-05
2092246,13,22,9,category_id,0.0,-0.0007860948554458904
2095707,1,3,2,category_id,0.0,-0.00017468774565464234
2096639,402,591,189,category_id,0.0,-0.0165079919643637
2096668,2,0,-2,category_id,5.317169139150316e-05,0.00017468774565464234
2097209,1,0,-1,category_id,2.658584569575158e-05,8.734387282732117e-05
2097345,0,1,1,category_id,0.0,-8.734387282732117e-05
2099400,7,7,0,category_id,0.0,-0.0
2100207,1,0,-1,category_id,2.658584569575158e-05,8.734387282732117e-05
2100611,40,38,-2,category_id,5.317169139150316e-05,0.00017468774565464234
2100750,14,18,4,category_id,0.0,-0.0003493754913092847
2101042,1,0,-1,category_id,2.658584569575158e-05,8.734387282732117e-05
2101190,5,8,3,category_id,0.0,-0.0002620316184819635
2102739,48,46,-2,category_id,5.317169139150316e-05,0.00017468774565464234
2102896,2,0,-2,category_id,5.317169139150316e-05,0.00017468774565464234
2103141,0,3,3,category_id,0.0,-0.0002620316184819635
2103768,80,64,-16,category_id,0.0004253735311320253,0.0013975019652371387
2104564,0,1,1,category_id,0.0,-8.734387282732117e-05
2105685,0,3,3,category_id,0.0,-0.0002620316184819635
2106073,50,70,20,category_id,0.0,-0.0017468774565464233
2108531,14,25,11,category_id,0.0,-0.0009607826011005328
2110262,0,1,1,category_id,0.0,-8.734387282732117e-05
2110377,4,7,3,category_id,0.0,-0.0002620316184819635
2111279,19,16,-3,category_id,7.975753708725475e-05,0.0002620316184819635
2113028,2,1,-1,category_id,2.658584569575158e-05,8.734387282732117e-05
2113224,40,25,-15,category_id,0.0003987876854362737,0.0013101580924098175
2115280,6,1,-5,category_id,0.00013292922847875791,0.0004367193641366058
2115914,1,0,-1,category_id,2.658584569575158e-05,8.734387282732117e-05
2116789,9,3,-6,category_id,0.0001595150741745095,0.000524063236963927
2117812,0,1,1,category_id,0.0,-8.734387282732117e-05
2119225,0,1,1,category_id,0.0,-8.734387282732117e-05
2121141,3,7,4,category_id,0.0,-0.0003493754913092847
2122129,1,0,-1,category_id,2.658584569575158e-05,8.734387282732117e-05
2122530,4,1,-3,category_id,7.975753708725475e-05,0.0002620316184819635
2124307,55,59,4,category_id,0.0,-0.0003493754913092847
2125732,0,1,1,category_id,0.0,-8.734387282732117e-05
2126952,4,1,-3,category_id,7.975753708725475e-05,0.0002620316184819635
2127597,0,3,3,category_id,0.0,-0.0002620316184819635
2128214,35,1,-34,category_id,0.0009039187536555537,0.0029696916761289193
2128694,1,8,7,category_id,0.0,-0.0006114071097912482
2129196,17,26,9,category_id,0.0,-0.0007860948554458904
2129263,5,12,7,category_id,0.0,-0.0006114071097912482
2129666,50,29,-21,category_id,0.0005583027596107832,0.0018342213293737445
2130314,22,20,-2,category_id,5.317169139150316e-05,0.00017468774565464234
2131531,393,383,-10,category_id,0.00026585845695751583,0.0008734387282732116
2133527,2,3,1,category_id,0.0,-8.734387282732117e-05
2134583,0,1,1,category_id,0.0,-8.734387282732117e-05
2135345,1,1,0,category_id,0.0,-0.0
2135940,1,0,-1,category_id,2.658584569575158e-05,8.734387282732117e-05
2136933,17,11,-6,category_id,0.0001595150741745095,0.000524063236963927
2137141,7,4,-3,category_id,7.975753708725475e-05,0.0002620316184819635
2138139,1,0,-1,category_id,2.658584569575158e-05,8.734387282732117e-05
2138566,1,2,1,category_id,0.0,-8.734387282732117e-05
2139021,1,2,1,category_id,0.0,-8.734387282732117e-05
2140895,0,1,1,category_id,0.0,-8.734387282732117e-05
2141039,13,4,-9,category_id,0.00023927261126176425,0.0007860948554458904
2142247,0,2,2,category_id,0.0,-0.00017468774565464234
2144044,2,0,-2,category_id,5.317169139150316e-05,0.00017468774565464234
2145168,5,6,1,category_id,0.0,-8.734387282732117e-05
2145555,29,19,-10,category_id,0.00026585845695751583,0.0008734387282732116
2145811,4,1,-3,category_id,7.975753708725475e-05,0.0002620316184819635
2147505,2,3,1,category_id,0.0,-8.734387282732117e-05
2147829,6,5,-1,category_id,2.658584569575158e-05,8.734387282732117e-05
2148681,5,10,5,category_id,0.0,-0.0004367193641366058
2152657,0,1,1,category_id,0.0,-8.734387282732117e-05
2153472,0,1,1,category_id,0.0,-8.734387282732117e-05
2153943,1,2,1,category_id,0.0,-8.734387282732117e-05
2154669,51,51,0,category_id,0.0,-0.0
2154867,51,43,-8,category_id,0.00021268676556601265,0.0006987509826185693
2155313,17,18,1,category_id,0.0,-8.734387282732117e-05
2155994,3,3,0,category_id,0.0,-0.0
2156156,94,82,-12,category_id,0.000319030148349019,0.001048126473927854
2156574,53,64,11,category_id,0.0,-0.0009607826011005328
2157221,2,1,-1,category_id,2.658584569575158e-05,8.734387282732117e-05
2157356,144,107,-37,category_id,0.0009836762907428085,0.003231723294610883
2158079,297,269,-28,category_id,0.0007444036794810443,0.0024456284391649926
2158870,61,50,-11,category_id,0.0002924443026532674,0.0009607826011005328
2160135,5,0,-5,category_id,0.00013292922847875791,0.0004367193641366058
2160208,43,14,-29,category_id,0.0007709895251767959,0.0025329723119923136
2161099,9,8,-1,category_id,2.658584569575158e-05,8.734387282732117e-05
2161504,9,6,-3,category_id,7.975753708725475e-05,0.0002620316184819635
2164274,32,25,-7,category_id,0.00018610091987026107,0.0006114071097912482
2165094,1,1,0,category_id,0.0,-0.0
2165636,46,36,-10,category_id,0.00026585845695751583,0.0008734387282732116
2165787,0,1,1,category_id,0.0,-8.734387282732117e-05
2167268,0,1,1,category_id,0.0,-8.734387282732117e-05
2168009,17,21,4,category_id,0.0,-0.0003493754913092847
2168391,6,7,1,category_id,0.0,-8.734387282732117e-05
2168489,11,5,-6,category_id,0.0001595150741745095,0.000524063236963927
2169876,38,43,5,category_id,0.0,-0.0004367193641366058
2169913,1,1,0,category_id,0.0,-0.0
2172093,2,2,0,category_id,0.0,-0.0
2173477,6,0,-6,category_id,0.0001595150741745095,0.000524063236963927
2174838,20,21,1,category_id,0.0,-8.734387282732117e-05
2176263,5,14,9,category_id,0.0,-0.0007860948554458904
2176802,1,1,0,category_id,0.0,-0.0
2177033,9,1,-8,category_id,0.00021268676556601265,0.0006987509826185693
2178633,0,1,1,category_id,0.0,-8.734387282732117e-05
2179307,1,0,-1,category_id,2.658584569575158e-05,8.734387282732117e-05
2181439,13,11,-2,category_id,5.317169139150316e-05,0.00017468774565464234
2181935,64,74,10,category_id,0.0,-0.0008734387282732116
2183205,4,2,-2,category_id,5.317169139150316e-05,0.00017468774565464234
2183500,0,1,1,category_id,0.0,-8.734387282732117e-05
2183707,3,2,-1,category_id,2.658584569575158e-05,8.734387282732117e-05
2183874,6,6,0,category_id,0.0,-0.0
2185551,3,3,0,category_id,0.0,-0.0
2185731,0,1,1,category_id,0.0,-8.734387282732117e-05
2186323,1,0,-1,category_id,2.658584569575158e-05,8.734387282732117e-05
2187532,2,6,4,category_id,0.0,-0.0003493754913092847
2187795,0,2,2,category_id,0.0,-0.00017468774565464234
2188673,1,3,2,category_id,0.0,-0.00017468774565464234
2188684,41,37,-4,category_id,0.00010634338278300632,0.0003493754913092847
2191219,123,103,-20,category_id,0.0005317169139150317,0.0017468774565464233
2192512,8,11,3,category_id,0.0,-0.0002620316184819635
2192649,17,11,-6,category_id,0.0001595150741745095,0.000524063236963927
2193925,5,7,2,category_id,0.0,-0.00017468774565464234
2194744,312,228,-84,category_id,0.002233211038443133,0.007336885317494978
2195789,128,97,-31,category_id,0.000824161216568299,0.002707660057646956
2196412,76,66,-10,category_id,0.00026585845695751583,0.0008734387282732116
2196643,3,3,0,category_id,0.0,-0.0
2197032,24,13,-11,category_id,0.0002924443026532674,0.0009607826011005328
2197799,20,14,-6,category_id,0.0001595150741745095,0.000524063236963927
2198870,0,10,10,category_id,0.0,-0.0008734387282732116
2200343,15,9,-6,category_id,0.0001595150741745095,0.000524063236963927
2200638,2,3,1,category_id,0.0,-8.734387282732117e-05
2200766,0,2,2,category_id,0.0,-0.00017468774565464234
2201295,0,3,3,category_id,0.0,-0.0002620316184819635
2201622,11,9,-2,category_id,5.317169139150316e-05,0.00017468774565464234
2201685,107,98,-9,category_id,0.00023927261126176425,0.0007860948554458904
2201943,0,1,1,category_id,0.0,-8.734387282732117e-05
2202384,32,63,31,category_id,0.0,-0.002707660057646956
2202625,1,2,1,category_id,0.0,-8.734387282732117e-05
2204097,46,31,-15,category_id,0.0003987876854362737,0.0013101580924098175
2204852,36,107,71,category_id,0.0,-0.0062014149707398025
2206684,2,0,-2,category_id,5.317169139150316e-05,0.00017468774565464234
2207881,2,1,-1,category_id,2.658584569575158e-05,8.734387282732117e-05
2208169,36,39,3,category_id,0.0,-0.0002620316184819635
2208799,4,4,0,category_id,0.0,-0.0
2210217,11,19,8,category_id,0.0,-0.0006987509826185693
2210612,27,16,-11,category_id,0.0002924443026532674,0.0009607826011005328
2211860,4,2,-2,category_id,5.317169139150316e-05,0.00017468774565464234
2212343,6,6,0,category_id,0.0,-0.0
2214984,87,78,-9,category_id,0.00023927261126176425,0.0007860948554458904
2217187,55,57,2,category_id,0.0,-0.00017468774565464234
2218582,188,138,-50,category_id,0.001329292284787579,0.0043671936413660585
2219395,3,3,0,category_id,0.0,-0.0
2221025,4,9,5,category_id,0.0,-0.0004367193641366058
2221749,49,58,9,category_id,0.0,-0.0007860948554458904
2223246,35,30,-5,category_id,0.00013292922847875791,0.0004367193641366058
2224779,0,1,1,category_id,0.0,-8.734387282732117e-05
2225310,114,30,-84,category_id,0.002233211038443133,0.007336885317494978
2227283,0,2,2,category_id,0.0,-0.00017468774565464234
2228184,184,162,-22,category_id,0.0005848886053065348,0.0019215652022010656
2228775,0,3,3,category_id,0.0,-0.0002620316184819635
2229246,0,2,2,category_id,0.0,-0.00017468774565464234
2229642,0,1,1,category_id,0.0,-8.734387282732117e-05
2229902,1,2,1,category_id,0.0,-8.734387282732117e-05
2230040,11,15,4,category_id,0.0,-0.0003493754913092847
2232382,3,3,0,category_id,0.0,-0.0
2233438,11,10,-1,category_id,2.658584569575158e-05,8.734387282732117e-05
2233787,2,1,-1,category_id,2.658584569575158e-05,8.734387282732117e-05
2236017,1,2,1,category_id,0.0,-8.734387282732117e-05
2237203,0,1,1,category_id,0.0,-8.734387282732117e-05
2237463,0,1,1,category_id,0.0,-8.734387282732117e-05
2238082,1,0,-1,category_id,2.658584569575158e-05,8.734387282732117e-05
2238843,9,5,-4,category_id,0.00010634338278300632,0.0003493754913092847
2240104,29,29,0,category_id,0.0,-0.0
2241047,76,96,20,category_id,0.0,-0.0017468774565464233
2242620,10,7,-3,category_id,7.975753708725475e-05,0.0002620316184819635
2242999,1,0,-1,category_id,2.658584569575158e-05,8.734387282732117e-05
2243133,15,8,-7,category_id,0.00018610091987026107,0.0006114071097912482
2243601,0,1,1,category_id,0.0,-8.734387282732117e-05
2244246,5,5,0,category_id,0.0,-0.0
2245265,0,2,2,category_id,0.0,-0.00017468774565464234
2246132,0,1,1,category_id,0.0,-8.734387282732117e-05
2247787,33,41,8,category_id,0.0,-0.0006987509826185693
2247880,6,13,7,category_id,0.0,-0.0006114071097912482
2248015,2,0,-2,category_id,5.317169139150316e-05,0.00017468774565464234
2250828,6,4,-2,category_id,5.317169139150316e-05,0.00017468774565464234
2251446,44,28,-16,category_id,0.0004253735311320253,0.0013975019652371387
2252844,1,0,-1,category_id,2.658584569575158e-05,8.734387282732117e-05
2253008,3,1,-2,category_id,5.317169139150316e-05,0.00017468774565464234
2253689,8,2,-6,category_id,0.0001595150741745095,0.000524063236963927
2253970,56,44,-12,category_id,0.000319030148349019,0.001048126473927854
2254846,3,1,-2,category_id,5.317169139150316e-05,0.00017468774565464234
2255207,6,2,-4,category_id,0.00010634338278300632,0.0003493754913092847
2255371,0,1,1,category_id,0.0,-8.734387282732117e-05
2255446,0,3,3,category_id,0.0,-0.0002620316184819635
2256028,42,50,8,category_id,0.0,-0.0006987509826185693
2257426,4,1,-3,category_id,7.975753708725475e-05,0.0002620316184819635
2258420,0,1,1,category_id,0.0,-8.734387282732117e-05
2259994,38,28,-10,category_id,0.00026585845695751583,0.0008734387282732116
2261645,2,3,1,category_id,0.0,-8.734387282732117e-05
2262643,2,0,-2,category_id,5.317169139150316e-05,0.00017468774565464234
2262787,11,13,2,category_id,0.0,-0.00017468774565464234
2263836,0,3,3,category_id,0.0,-0.0002620316184819635
2265659,1,1,0,category_id,0.0,-0.0
2265700,2,0,-2,category_id,5.317169139150316e-05,0.00017468774565464234
2265930,8,9,1,category_id,0.0,-8.734387282732117e-05
2267553,1,0,-1,category_id,2.658584569575158e-05,8.734387282732117e-05
2268637,4,11,7,category_id,0.0,-0.0006114071097912482
2268678,0,1,1,category_id,0.0,-8.734387282732117e-05
2268983,0,1,1,category_id,0.0,-8.734387282732117e-05
2270398,0,1,1,category_id,0.0,-8.734387282732117e-05
2270623,4,3,-1,category_id,2.658584569575158e-05,8.734387282732117e-05
2271249,7,6,-1,category_id,2.658584569575158e-05,8.734387282732117e-05
2271402,11,15,4,category_id,0.0,-0.0003493754913092847
2271635,1,1,0,category_id,0.0,-0.0
2272151,7,11,4,category_id,0.0,-0.0003493754913092847
2272488,25,32,7,category_id,0.0,-0.0006114071097912482
2272886,3,3,0,category_id,0.0,-0.0
2273944,5,4,-1,category_id,2.658584569575158e-05,8.734387282732117e-05
2275650,2,4,2,category_id,0.0,-0.00017468774565464234
2276883,36,31,-5,category_id,0.00013292922847875791,0.0004367193641366058
2278353,5,5,0,category_id,0.0,-0.0
2278533,2,0,-2,category_id,5.317169139150316e-05,0.00017468774565464234
2279145,1,1,0,category_id,0.0,-0.0
2279449,0,2,2,category_id,0.0,-0.00017468774565464234
2280400,0,2,2,category_id,0.0,-0.00017468774565464234
2280783,0,1,1,category_id,0.0,-8.734387282732117e-05
2281023,3,3,0,category_id,0.0,-0.0
2281156,34,32,-2,category_id,5.317169139150316e-05,0.00017468774565464234
2281648,5,1,-4,category_id,0.00010634338278300632,0.0003493754913092847
2283708,1,0,-1,category_id,2.658584569575158e-05,8.734387282732117e-05
2285181,2,0,-2,category_id,5.317169139150316e-05,0.00017468774565464234
2285980,1,0,-1,category_id,2.658584569575158e-05,8.734387282732117e-05
2287226,9,9,0,category_id,0.0,-0.0
2288113,29,43,14,category_id,0.0,-0.0012228142195824963
2288300,1,1,0,category_id,0.0,-0.0
2288327,1,1,0,category_id,0.0,-0.0
2288919,0,1,1,category_id,0.0,-8.734387282732117e-05
2289814,4,2,-2,category_id,5.317169139150316e-05,0.00017468774565464234
2290623,130,123,-7,category_id,0.00018610091987026107,0.0006114071097912482
2292764,3,1,-2,category_id,5.317169139150316e-05,0.00017468774565464234
2293367,37,29,-8,category_id,0.00021268676556601265,0.0006987509826185693
2295453,6,1,-5,category_id,0.00013292922847875791,0.0004367193641366058
2296439,264,198,-66,category_id,0.0017546658159196043,0.005764695606603197
2297311,13,5,-8,category_id,0.00021268676556601265,0.0006987509826185693
2297500,269,257,-12,category_id,0.000319030148349019,0.001048126473927854
2300463,2,5,3,category_id,0.0,-0.0002620316184819635
2301954,35,40,5,category_id,0.0,-0.0004367193641366058
2302700,3,4,1,category_id,0.0,-8.734387282732117e-05
2303546,223,274,51,category_id,0.0,-0.0044545375141933794
2304296,355,274,-81,category_id,0.0021534535013558783,0.007074853699013014
2306045,13,6,-7,category_id,0.00018610091987026107,0.0006114071097912482
2306491,21,18,-3,category_id,7.975753708725475e-05,0.0002620316184819635
2307791,4,1,-3,category_id,7.975753708725475e-05,0.0002620316184819635
2310649,17,25,8,category_id,0.0,-0.0006987509826185693
2311290,140,137,-3,category_id,7.975753708725475e-05,0.0002620316184819635
2313309,45,46,1,category_id,0.0,-8.734387282732117e-05
2313724,10,9,-1,category_id,2.658584569575158e-05,8.734387282732117e-05
2314022,72,53,-19,category_id,0.0005051310682192801,0.001659533583719102
2316669,1,1,0,category_id,0.0,-0.0
2316980,14,32,18,category_id,0.0,-0.0015721897108917809
2319611,4,3,-1,category_id,2.658584569575158e-05,8.734387282732117e-05
2319794,4,1,-3,category_id,7.975753708725475e-05,0.0002620316184819635
2321441,75,68,-7,category_id,0.00018610091987026107,0.0006114071097912482
2321836,179,243,64,category_id,0.0,-0.005590007860948555
2322253,143,145,2,category_id,0.0,-0.00017468774565464234
2322896,17,13,-4,category_id,0.00010634338278300632,0.0003493754913092847
2323522,1,1,0,category_id,0.0,-0.0
2323763,0,2,2,category_id,0.0,-0.00017468774565464234
2325377,1,1,0,category_id,0.0,-0.0
2326035,0,1,1,category_id,0.0,-8.734387282732117e-05
2326411,5,3,-2,category_id,5.317169139150316e-05,0.00017468774565464234
2326685,1,0,-1,category_id,2.658584569575158e-05,8.734387282732117e-05
2327095,2,6,4,category_id,0.0,-0.0003493754913092847
2328010,27,22,-5,category_id,0.00013292922847875791,0.0004367193641366058
2328673,66,47,-19,category_id,0.0005051310682192801,0.001659533583719102
2331312,148,108,-40,category_id,0.0010634338278300633,0.0034937549130928465
2331548,0,1,1,category_id,0.0,-8.734387282732117e-05
2336370,5,11,6,category_id,0.0,-0.000524063236963927
2337136,13,15,2,category_id,0.0,-0.00017468774565464234
2337395,45,66,21,category_id,0.0,-0.0018342213293737445
2337658,0,1,1,category_id,0.0,-8.734387282732117e-05
2340518,16,17,1,category_id,0.0,-8.734387282732117e-05
2340871,2,1,-1,category_id,2.658584569575158e-05,8.734387282732117e-05
2341266,2,5,3,category_id,0.0,-0.0002620316184819635
2342116,214,209,-5,category_id,0.00013292922847875791,0.0004367193641366058
2343720,6,2,-4,category_id,0.00010634338278300632,0.0003493754913092847
2343750,20,23,3,category_id,0.0,-0.0002620316184819635
2344159,6,9,3,category_id,0.0,-0.0002620316184819635
2345211,8,12,4,category_id,0.0,-0.0003493754913092847
2346077,0,1,1,category_id,0.0,-8.734387282732117e-05
2350409,0,1,1,category_id,0.0,-8.734387282732117e-05
2352087,6,8,2,category_id,0.0,-0.00017468774565464234
2352202,7,10,3,category_id,0.0,-0.0002620316184819635
2352811,12,21,9,category_id,0.0,-0.0007860948554458904
2354072,1,1,0,category_id,0.0,-0.0
2354680,2,0,-2,category_id,5.317169139150316e-05,0.00017468774565464234
2355072,1274,1156,-118,category_id,0.0031371297920986868,0.010306576993623898
2356118,1,1,0,category_id,0.0,-0.0
2357594,6,2,-4,category_id,0.00010634338278300632,0.0003493754913092847
2358229,4,1,-3,category_id,7.975753708725475e-05,0.0002620316184819635
2358943,4,1,-3,category_id,7.975753708725475e-05,0.0002620316184819635
2360839,15,21,6,category_id,0.0,-0.000524063236963927
2360985,29,24,-5,category_id,0.00013292922847875791,0.0004367193641366058
2361828,63,49,-14,category_id,0.00037220183974052214,0.0012228142195824963
2362370,23,24,1,category_id,0.0,-8.734387282732117e-05
2362468,0,2,2,category_id,0.0,-0.00017468774565464234
2363129,0,1,1,category_id,0.0,-8.734387282732117e-05
2366905,102,94,-8,category_id,0.00021268676556601265,0.0006987509826185693
2367548,4,1,-3,category_id,7.975753708725475e-05,0.0002620316184819635
2367907,18,15,-3,category_id,7.975753708725475e-05,0.0002620316184819635
2370324,95,96,1,category_id,0.0,-8.734387282732117e-05
2370610,20,16,-4,category_id,0.00010634338278300632,0.0003493754913092847
2370648,12,10,-2,category_id,5.317169139150316e-05,0.00017468774565464234
2371594,40,31,-9,category_id,0.00023927261126176425,0.0007860948554458904
2372829,2,1,-1,category_id,2.658584569575158e-05,8.734387282732117e-05
2374634,1,0,-1,category_id,2.658584569575158e-05,8.734387282732117e-05
2375123,0,1,1,category_id,0.0,-8.734387282732117e-05
2377125,1,0,-1,category_id,2.658584569575158e-05,8.734387282732117e-05
2379547,0,2,2,category_id,0.0,-0.00017468774565464234
2382826,2,1,-1,category_id,2.658584569575158e-05,8.734387282732117e-05
2383838,32,17,-15,category_id,0.0003987876854362737,0.0013101580924098175
2384561,29,26,-3,category_id,7.975753708725475e-05,0.0002620316184819635
2384854,14,12,-2,category_id,5.317169139150316e-05,0.00017468774565464234
2388400,7,8,1,category_id,0.0,-8.734387282732117e-05
2390349,6,3,-3,category_id,7.975753708725475e-05,0.0002620316184819635
2393050,3,0,-3,category_id,7.975753708725475e-05,0.0002620316184819635
2393184,57,61,4,category_id,0.0,-0.0003493754913092847
2393800,12,28,16,category_id,0.0,-0.0013975019652371387
2394030,88,83,-5,category_id,0.00013292922847875791,0.0004367193641366058
2395891,1,0,-1,category_id,2.658584569575158e-05,8.734387282732117e-05
2396030,1,0,-1,category_id,2.658584569575158e-05,8.734387282732117e-05
2397531,4,3,-1,category_id,2.658584569575158e-05,8.734387282732117e-05
2399425,2,4,2,category_id,0.0,-0.00017468774565464234
2399691,1,1,0,category_id,0.0,-0.0
2399798,1,6,5,category_id,0.0,-0.0004367193641366058
2400671,0,1,1,category_id,0.0,-8.734387282732117e-05
2407396,103,79,-24,category_id,0.000638060296698038,0.002096252947855708
2407900,0,3,3,category_id,0.0,-0.0002620316184819635
2408143,2,0,-2,category_id,5.317169139150316e-05,0.00017468774565464234
2408283,2,2,0,category_id,0.0,-0.0
2409814,86,82,-4,category_id,0.00010634338278300632,0.0003493754913092847
2409937,25,21,-4,category_id,0.00010634338278300632,0.0003493754913092847
2411901,6,6,0,category_id,0.0,-0.0
2412920,4,3,-1,category_id,2.658584569575158e-05,8.734387282732117e-05
2413296,11,13,2,category_id,0.0,-0.00017468774565464234
2413768,6,9,3,category_id,0.0,-0.0002620316184819635
2415168,39,48,9,category_id,0.0,-0.0007860948554458904
2415413,13,15,2,category_id,0.0,-0.00017468774565464234
2419332,109,55,-54,category_id,0.0014356356675705854,0.004716569132675343
2419959,42,54,12,category_id,0.0,-0.001048126473927854
2420210,1,3,2,category_id,0.0,-0.00017468774565464234
2421064,1,0,-1,category_id,2.658584569575158e-05,8.734387282732117e-05
2421366,6,4,-2,category_id,5.317169139150316e-05,0.00017468774565464234
2422417,24,55,31,category_id,0.0,-0.002707660057646956
2425393,1,0,-1,category_id,2.658584569575158e-05,8.734387282732117e-05
2425725,43,28,-15,category_id,0.0003987876854362737,0.0013101580924098175
2426100,2,1,-1,category_id,2.658584569575158e-05,8.734387282732117e-05
2426236,66,55,-11,category_id,0.0002924443026532674,0.0009607826011005328
2428385,1,0,-1,category_id,2.658584569575158e-05,8.734387282732117e-05
2429142,41,35,-6,category_id,0.0001595150741745095,0.000524063236963927
2429775,19,17,-2,category_id,5.317169139150316e-05,0.00017468774565464234
2429887,27,51,24,category_id,0.0,-0.002096252947855708
2430608,27,32,5,category_id,0.0,-0.0004367193641366058
2431497,5,8,3,category_id,0.0,-0.0002620316184819635
2431602,5,9,4,category_id,0.0,-0.0003493754913092847
2432451,8,8,0,category_id,0.0,-0.0
2433095,208,54,-154,category_id,0.004094220237145744,0.013450956415407458
2433733,2,3,1,category_id,0.0,-8.734387282732117e-05
2435035,1,2,1,category_id,0.0,-8.734387282732117e-05
2436491,8,4,-4,category_id,0.00010634338278300632,0.0003493754913092847
2436637,113,101,-12,category_id,0.000319030148349019,0.001048126473927854
2438773,10,12,2,category_id,0.0,-0.00017468774565464234
2439607,1,0,-1,category_id,2.658584569575158e-05,8.734387282732117e-05
2440115,511,478,-33,category_id,0.0008773329079598022,0.0028823478033015984
2440364,32,46,14,category_id,0.0,-0.0012228142195824963
2442087,2,2,0,category_id,0.0,-0.0
2443475,58,57,-1,category_id,2.658584569575158e-05,8.734387282732117e-05
2445629,1,0,-1,category_id,2.658584569575158e-05,8.734387282732117e-05
2446427,3,10,7,category_id,0.0,-0.0006114071097912482
2447282,0,3,3,category_id,0.0,-0.0002620316184819635
2447947,12,5,-7,category_id,0.00018610091987026107,0.0006114071097912482
2448593,103,78,-25,category_id,0.0006646461423937895,0.0021835968206830292
2449009,0,2,2,category_id,0.0,-0.00017468774565464234
2449664,17,5,-12,category_id,0.000319030148349019,0.001048126473927854
2450935,0,1,1,category_id,0.0,-8.734387282732117e-05
2451199,8,9,1,category_id,0.0,-8.734387282732117e-05
2451344,3,1,-2,category_id,5.317169139150316e-05,0.00017468774565464234
2451827,1,0,-1,category_id,2.658584569575158e-05,8.734387282732117e-05
2452793,22,18,-4,category_id,0.00010634338278300632,0.0003493754913092847
2453230,1,5,4,category_id,0.0,-0.0003493754913092847
2453525,10,14,4,category_id,0.0,-0.0003493754913092847
2454596,1,0,-1,category_id,2.658584569575158e-05,8.734387282732117e-05
2454604,1,2,1,category_id,0.0,-8.734387282732117e-05
2455131,2,1,-1,category_id,2.658584569575158e-05,8.734387282732117e-05
2455825,38,35,-3,category_id,7.975753708725475e-05,0.0002620316184819635
2456212,1,5,4,category_id,0.0,-0.0003493754913092847
2457421,32,9,-23,category_id,0.0006114744510022864,0.002008909075028387
2458438,1,2,1,category_id,0.0,-8.734387282732117e-05
2459106,98,81,-17,category_id,0.00045195937682777687,0.0014848458380644597
2460103,2,0,-2,category_id,5.317169139150316e-05,0.00017468774565464234
2460565,39,15,-24,category_id,0.000638060296698038,0.002096252947855708
2461392,0,1,1,category_id,0.0,-8.734387282732117e-05
2462191,1,0,-1,category_id,2.658584569575158e-05,8.734387282732117e-05
2462416,0,2,2,category_id,0.0,-0.00017468774565464234
2462567,178,165,-13,category_id,0.00034561599404477056,0.001135470346755175
2464463,12,15,3,category_id,0.0,-0.0002620316184819635
2464993,8,13,5,category_id,0.0,-0.0004367193641366058
2465336,1330,1207,-123,category_id,0.0032700590205774448,0.010743296357760503
2465573,4,2,-2,category_id,5.317169139150316e-05,0.00017468774565464234
2466824,1,2,1,category_id,0.0,-8.734387282732117e-05
2466971,70,64,-6,category_id,0.0001595150741745095,0.000524063236963927
2467853,11,12,1,category_id,0.0,-8.734387282732117e-05
2467952,4,1,-3,category_id,7.975753708725475e-05,0.0002620316184819635
2468711,8,3,-5,category_id,0.00013292922847875791,0.0004367193641366058
2469855,2,2,0,category_id,0.0,-0.0
2471992,3,3,0,category_id,0.0,-0.0
2472174,4,2,-2,category_id,5.317169139150316e-05,0.00017468774565464234
2475942,39,76,37,category_id,0.0,-0.003231723294610883
2476560,415,375,-40,category_id,0.0010634338278300633,0.0034937549130928465
2476651,2,0,-2,category_id,5.317169139150316e-05,0.00017468774565464234
2477357,3,1,-2,category_id,5.317169139150316e-05,0.00017468774565464234
2478177,5,7,2,category_id,0.0,-0.00017468774565464234
2479420,33,36,3,category_id,0.0,-0.0002620316184819635
2479831,11,11,0,category_id,0.0,-0.0
2480068,16,11,-5,category_id,0.00013292922847875791,0.0004367193641366058
2480639,4,8,4,category_id,0.0,-0.0003493754913092847
2481133,1,2,1,category_id,0.0,-8.734387282732117e-05
2481784,8,7,-1,category_id,2.658584569575158e-05,8.734387282732117e-05
2482357,1,3,2,category_id,0.0,-0.00017468774565464234
2483206,20,13,-7,category_id,0.00018610091987026107,0.0006114071097912482
2484494,6,3,-3,category_id,7.975753708725475e-05,0.0002620316184819635
2485713,66,29,-37,category_id,0.0009836762907428085,0.003231723294610883
2486102,1,0,-1,category_id,2.658584569575158e-05,8.734387282732117e-05
2486578,20,20,0,category_id,0.0,-0.0
2488933,2,4,2,category_id,0.0,-0.00017468774565464234
2489066,29,52,23,category_id,0.0,-0.002008909075028387
2490889,1,0,-1,category_id,2.658584569575158e-05,8.734387282732117e-05
2492705,0,1,1,category_id,0.0,-8.734387282732117e-05
2492895,88,65,-23,category_id,0.0006114744510022864,0.002008909075028387
2493530,7,10,3,category_id,0.0,-0.0002620316184819635
2494401,1,1,0,category_id,0.0,-0.0
2495000,0,1,1,category_id,0.0,-8.734387282732117e-05
2495340,388,380,-8,category_id,0.00021268676556601265,0.0006987509826185693
2495674,7,3,-4,category_id,0.00010634338278300632,0.0003493754913092847
2496211,1,0,-1,category_id,2.658584569575158e-05,8.734387282732117e-05
2496932,37,22,-15,category_id,0.0003987876854362737,0.0013101580924098175
2499834,2,1,-1,category_id,2.658584569575158e-05,8.734387282732117e-05
2500714,3,4,1,category_id,0.0,-8.734387282732117e-05
2501546,0,1,1,category_id,0.0,-8.734387282732117e-05
2505343,4,8,4,category_id,0.0,-0.0003493754913092847
2505579,2,2,0,category_id,0.0,-0.0
2505953,1,4,3,category_id,0.0,-0.0002620316184819635
2506339,11,14,3,category_id,0.0,-0.0002620316184819635
2506581,1,0,-1,category_id,2.658584569575158e-05,8.734387282732117e-05
2507053,58,58,0,category_id,0.0,-0.0
2508333,8,5,-3,category_id,7.975753708725475e-05,0.0002620316184819635
2508553,11,6,-5,category_id,0.00013292922847875791,0.0004367193641366058
2509955,2,5,3,category_id,0.0,-0.0002620316184819635
2512193,44,41,-3,category_id,7.975753708725475e-05,0.0002620316184819635
2512691,0,1,1,category_id,0.0,-8.734387282732117e-05
2512930,11,17,6,category_id,0.0,-0.000524063236963927
2512968,7,10,3,category_id,0.0,-0.0002620316184819635
2513189,6,5,-1,category_id,2.658584569575158e-05,8.734387282732117e-05
2515261,3,0,-3,category_id,7.975753708725475e-05,0.0002620316184819635
2515942,72,102,30,category_id,0.0,-0.002620316184819635
2516799,2,0,-2,category_id,5.317169139150316e-05,0.00017468774565464234
2517181,4,11,7,category_id,0.0,-0.0006114071097912482
2517195,0,1,1,category_id,0.0,-8.734387282732117e-05
2517335,0,1,1,category_id,0.0,-8.734387282732117e-05
2517448,2,1,-1,category_id,2.658584569575158e-05,8.734387282732117e-05
2518268,5,6,1,category_id,0.0,-8.734387282732117e-05
2520377,1031,1013,-18,category_id,0.0004785452225235285,0.0015721897108917809
2520771,1207,1073,-134,category_id,0.003562503323230712,0.011704078958861035
2521664,25,35,10,category_id,0.0,-0.0008734387282732116
2522303,1,4,3,category_id,0.0,-0.0002620316184819635
2523199,5,4,-1,category_id,2.658584569575158e-05,8.734387282732117e-05
2524663,0,1,1,category_id,0.0,-8.734387282732117e-05
2526041,9,4,-5,category_id,0.00013292922847875791,0.0004367193641366058
2526478,2,0,-2,category_id,5.317169139150316e-05,0.00017468774565464234
2528824,15,21,6,category_id,0.0,-0.000524063236963927
2529055,2,4,2,category_id,0.0,-0.00017468774565464234
2529139,1,0,-1,category_id,2.658584569575158e-05,8.734387282732117e-05
2529187,252,282,30,category_id,0.0,-0.002620316184819635
2530620,14,5,-9,category_id,0.00023927261126176425,0.0007860948554458904
2530695,4,2,-2,category_id,5.317169139150316e-05,0.00017468774565464234
2530793,0,5,5,category_id,0.0,-0.0004367193641366058
2532699,9,6,-3,category_id,7.975753708725475e-05,0.0002620316184819635
2533022,0,2,2,category_id,0.0,-0.00017468774565464234
2533566,3,1,-2,category_id,5.317169139150316e-05,0.00017468774565464234
2533863,165,152,-13,category_id,0.00034561599404477056,0.001135470346755175
2533979,8,4,-4,category_id,0.00010634338278300632,0.0003493754913092847
2534744,2,10,8,category_id,0.0,-0.0006987509826185693
2535352,1,0,-1,category_id,2.658584569575158e-05,8.734387282732117e-05
2535661,7,5,-2,category_id,5.317169139150316e-05,0.00017468774565464234
2535791,13,6,-7,category_id,0.00018610091987026107,0.0006114071097912482
2535902,1,1,0,category_id,0.0,-0.0
2538099,8,7,-1,category_id,2.658584569575158e-05,8.734387282732117e-05
2539470,1,0,-1,category_id,2.658584569575158e-05,8.734387282732117e-05
2540093,58,52,-6,category_id,0.0001595150741745095,0.000524063236963927
2540361,9,8,-1,category_id,2.658584569575158e-05,8.734387282732117e-05
2540745,7,6,-1,category_id,2.658584569575158e-05,8.734387282732117e-05
2543170,3,0,-3,category_id,7.975753708725475e-05,0.0002620316184819635
2545868,6,6,0,category_id,0.0,-0.0
2547494,4,9,5,category_id,0.0,-0.0004367193641366058
2547722,8,11,3,category_id,0.0,-0.0002620316184819635
2548906,1,0,-1,category_id,2.658584569575158e-05,8.734387282732117e-05
2548944,22,25,3,category_id,0.0,-0.0002620316184819635
2550060,56,46,-10,category_id,0.00026585845695751583,0.0008734387282732116
2550403,5,3,-2,category_id,5.317169139150316e-05,0.00017468774565464234
2551049,22,20,-2,category_id,5.317169139150316e-05,0.00017468774565464234
2551289,9,13,4,category_id,0.0,-0.0003493754913092847
2553257,5,2,-3,category_id,7.975753708725475e-05,0.0002620316184819635
2553299,6,4,-2,category_id,5.317169139150316e-05,0.00017468774565464234
2553450,30,31,1,category_id,0.0,-8.734387282732117e-05
2554987,34,43,9,category_id,0.0,-0.0007860948554458904
2555621,27,24,-3,category_id,7.975753708725475e-05,0.0002620316184819635
2555879,1,2,1,category_id,0.0,-8.734387282732117e-05
2558204,286,320,34,category_id,0.0,-0.0029696916761289193
2558244,268,256,-12,category_id,0.000319030148349019,0.001048126473927854
2559185,1,1,0,category_id,0.0,-0.0
2559494,4,6,2,category_id,0.0,-0.00017468774565464234
2559771,6,7,1,category_id,0.0,-8.734387282732117e-05
2559809,7,6,-1,category_id,2.658584569575158e-05,8.734387282732117e-05
2561082,8,1,-7,category_id,0.00018610091987026107,0.0006114071097912482
2561712,15,12,-3,category_id,7.975753708725475e-05,0.0002620316184819635
2562909,28,20,-8,category_id,0.00021268676556601265,0.0006987509826185693
2564498,7,8,1,category_id,0.0,-8.734387282732117e-05
2565857,5,6,1,category_id,0.0,-8.734387282732117e-05
2565960,0,2,2,category_id,0.0,-0.00017468774565464234
2566328,3,7,4,category_id,0.0,-0.0003493754913092847
2567848,2,4,2,category_id,0.0,-0.00017468774565464234
2569114,0,3,3,category_id,0.0,-0.0002620316184819635
2571201,2,1,-1,category_id,2.658584569575158e-05,8.734387282732117e-05
2572604,342,322,-20,category_id,0.0005317169139150317,0.0017468774565464233
2573032,3,1,-2,category_id,5.317169139150316e-05,0.00017468774565464234
2573442,7,8,1,category_id,0.0,-8.734387282732117e-05
2575059,0,4,4,category_id,0.0,-0.0003493754913092847
2575132,1,1,0,category_id,0.0,-0.0
2575281,1,1,0,category_id,0.0,-0.0
2576484,161,179,18,category_id,0.0,-0.0015721897108917809
2578010,2,3,1,category_id,0.0,-8.734387282732117e-05
2578034,18,16,-2,category_id,5.317169139150316e-05,0.00017468774565464234
2578096,0,4,4,category_id,0.0,-0.0003493754913092847
2578274,3,2,-1,category_id,2.658584569575158e-05,8.734387282732117e-05
2578647,739,557,-182,category_id,0.004838623916626788,0.015896584854572453
2579035,22,22,0,category_id,0.0,-0.0
2581843,8,3,-5,category_id,0.00013292922847875791,0.0004367193641366058
2581941,223,196,-27,category_id,0.0007178178337852927,0.0023582845663376716
2582254,22,22,0,category_id,0.0,-0.0
2583941,2,1,-1,category_id,2.658584569575158e-05,8.734387282732117e-05
2584932,26,27,1,category_id,0.0,-8.734387282732117e-05
2585015,24,13,-11,category_id,0.0002924443026532674,0.0009607826011005328
2585604,0,2,2,category_id,0.0,-0.00017468774565464234
2586600,3,1,-2,category_id,5.317169139150316e-05,0.00017468774565464234
2586826,1,2,1,category_id,0.0,-8.734387282732117e-05
2586887,4,2,-2,category_id,5.317169139150316e-05,0.00017468774565464234
2587213,1,0,-1,category_id,2.658584569575158e-05,8.734387282732117e-05
2587827,1,0,-1,category_id,2.658584569575158e-05,8.734387282732117e-05
2588049,14,13,-1,category_id,2.658584569575158e-05,8.734387282732117e-05
2588397,0,1,1,category_id,0.0,-8.734387282732117e-05
2588445,0,1,1,category_id,0.0,-8.734387282732117e-05
2589085,2,4,2,category_id,0.0,-0.00017468774565464234
2590256,213,213,0,category_id,0.0,-0.0
2591545,47,60,13,category_id,0.0,-0.001135470346755175
2592038,8,11,3,category_id,0.0,-0.0002620316184819635
2594715,1,0,-1,category_id,2.658584569575158e-05,8.734387282732117e-05
2595793,48,48,0,category_id,0.0,-0.0
2596428,32,21,-11,category_id,0.0002924443026532674,0.0009607826011005328
2596518,4,9,5,category_id,0.0,-0.0004367193641366058
2599558,6,2,-4,category_id,0.00010634338278300632,0.0003493754913092847
2602083,1,3,2,category_id,0.0,-0.00017468774565464234
2602354,1,0,-1,category_id,2.658584569575158e-05,8.734387282732117e-05
2602866,0,2,2,category_id,0.0,-0.00017468774565464234
2603528,9,5,-4,category_id,0.00010634338278300632,0.0003493754913092847
2604507,52,71,19,category_id,0.0,-0.001659533583719102
2606924,6,4,-2,category_id,5.317169139150316e-05,0.00017468774565464234
2608820,13,6,-7,category_id,0.00018610091987026107,0.0006114071097912482
2609208,8,8,0,category_id,0.0,-0.0
2609569,35,17,-18,category_id,0.0004785452225235285,0.0015721897108917809
2609943,10,12,2,category_id,0.0,-0.00017468774565464234
2610791,9,8,-1,category_id,2.658584569575158e-05,8.734387282732117e-05
2611027,1,0,-1,category_id,2.658584569575158e-05,8.734387282732117e-05
2611262,3,2,-1,category_id,2.658584569575158e-05,8.734387282732117e-05
2611406,6,6,0,category_id,0.0,-0.0
2611736,18,8,-10,category_id,0.00026585845695751583,0.0008734387282732116
2611885,2,0,-2,category_id,5.317169139150316e-05,0.00017468774565464234
2612027,71,29,-42,category_id,0.0011166055192215665,0.003668442658747489
2612425,24,26,2,category_id,0.0,-0.00017468774565464234
2615163,35,32,-3,category_id,7.975753708725475e-05,0.0002620316184819635
2615320,24,35,11,category_id,0.0,-0.0009607826011005328
2615777,1,0,-1,category_id,2.658584569575158e-05,8.734387282732117e-05
2616773,11,16,5,category_id,0.0,-0.0004367193641366058
2617994,15,15,0,category_id,0.0,-0.0
2620182,26,17,-9,category_id,0.00023927261126176425,0.0007860948554458904
2622529,1,0,-1,category_id,2.658584569575158e-05,8.734387282732117e-05
2623144,0,1,1,category_id,0.0,-8.734387282732117e-05
2625401,3,0,-3,category_id,7.975753708725475e-05,0.0002620316184819635
2626154,23,32,9,category_id,0.0,-0.0007860948554458904
2626421,108,106,-2,category_id,5.317169139150316e-05,0.00017468774565464234
2626490,32,19,-13,category_id,0.00034561599404477056,0.001135470346755175
2627037,0,1,1,category_id,0.0,-8.734387282732117e-05
2627103,25,19,-6,category_id,0.0001595150741745095,0.000524063236963927
2627359,1,0,-1,category_id,2.658584569575158e-05,8.734387282732117e-05
2627383,1,0,-1,category_id,2.658584569575158e-05,8.734387282732117e-05
2628979,5,4,-1,category_id,2.658584569575158e-05,8.734387282732117e-05
2629787,253,269,16,category_id,0.0,-0.0013975019652371387
2630209,0,1,1,category_id,0.0,-8.734387282732117e-05
2631608,30,36,6,category_id,0.0,-0.000524063236963927
2632873,144,157,13,category_id,0.0,-0.001135470346755175
2633883,36,48,12,category_id,0.0,-0.001048126473927854
2634787,0,1,1,category_id,0.0,-8.734387282732117e-05
2636586,11,7,-4,category_id,0.00010634338278300632,0.0003493754913092847
2636629,0,1,1,category_id,0.0,-8.734387282732117e-05
2637064,10,11,1,category_id,0.0,-8.734387282732117e-05
2638664,2,1,-1,category_id,2.658584569575158e-05,8.734387282732117e-05
2639297,0,1,1,category_id,0.0,-8.734387282732117e-05
2640118,1918,1655,-263,category_id,0.006992077417982666,0.022971438553585466
2640327,0,2,2,category_id,0.0,-0.00017468774565464234
2642752,41,27,-14,category_id,0.00037220183974052214,0.0012228142195824963
2643222,1,2,1,category_id,0.0,-8.734387282732117e-05
2643858,5,2,-3,category_id,7.975753708725475e-05,0.0002620316184819635
2644484,44,47,3,category_id,0.0,-0.0002620316184819635
2644878,57,49,-8,category_id,0.00021268676556601265,0.0006987509826185693
2645524,0,3,3,category_id,0.0,-0.0002620316184819635
2647117,8,2,-6,category_id,0.0001595150741745095,0.000524063236963927
2647760,14,15,1,category_id,0.0,-8.734387282732117e-05
2649129,2,7,5,category_id,0.0,-0.0004367193641366058
2649368,28,26,-2,category_id,5.317169139150316e-05,0.00017468774565464234
2650009,3,2,-1,category_id,2.658584569575158e-05,8.734387282732117e-05
2650255,1,2,1,category_id,0.0,-8.734387282732117e-05
2650391,12,12,0,category_id,0.0,-0.0
2650821,0,1,1,category_id,0.0,-8.734387282732117e-05
2651305,92,84,-8,category_id,0.00021268676556601265,0.0006987509826185693
2652344,4,2,-2,category_id,5.317169139150316e-05,0.00017468774565464234
2652543,1,1,0,category_id,0.0,-0.0
2652700,3,1,-2,category_id,5.317169139150316e-05,0.00017468774565464234
2654246,1,0,-1,category_id,2.658584569575158e-05,8.734387282732117e-05
2655636,0,2,2,category_id,0.0,-0.00017468774565464234
2656238,32,18,-14,category_id,0.00037220183974052214,0.0012228142195824963
2657754,2,0,-2,category_id,5.317169139150316e-05,0.00017468774565464234
2657849,0,2,2,category_id,0.0,-0.00017468774565464234
2661531,0,1,1,category_id,0.0,-8.734387282732117e-05
2661903,2,0,-2,category_id,5.317169139150316e-05,0.00017468774565464234
2662466,18,26,8,category_id,0.0,-0.0006987509826185693
2664522,9,4,-5,category_id,0.00013292922847875791,0.0004367193641366058
2664775,6,0,-6,category_id,0.0001595150741745095,0.000524063236963927
2665393,4,5,1,category_id,0.0,-8.734387282732117e-05
2665773,3,7,4,category_id,0.0,-0.0003493754913092847
2666911,17,21,4,category_id,0.0,-0.0003493754913092847
2667019,1,0,-1,category_id,2.658584569575158e-05,8.734387282732117e-05
2667323,92,92,0,category_id,0.0,-0.0
2668462,3,2,-1,category_id,2.658584569575158e-05,8.734387282732117e-05
2669578,3,3,0,category_id,0.0,-0.0
2670117,6,2,-4,category_id,0.00010634338278300632,0.0003493754913092847
2670778,1,0,-1,category_id,2.658584569575158e-05,8.734387282732117e-05
2671397,271,236,-35,category_id,0.0009305045993513053,0.0030570355489562408
2671549,1,2,1,category_id,0.0,-8.734387282732117e-05
2672392,24,32,8,category_id,0.0,-0.0006987509826185693
2672589,5,4,-1,category_id,2.658584569575158e-05,8.734387282732117e-05
2672706,1,0,-1,category_id,2.658584569575158e-05,8.734387282732117e-05
2672762,49,54,5,category_id,0.0,-0.0004367193641366058
2673821,11,17,6,category_id,0.0,-0.000524063236963927
2674605,3,4,1,category_id,0.0,-8.734387282732117e-05
2675427,62,97,35,category_id,0.0,-0.0030570355489562408
2677060,0,1,1,category_id,0.0,-8.734387282732117e-05
2677371,13,4,-9,category_id,0.00023927261126176425,0.0007860948554458904
2677611,7,7,0,category_id,0.0,-0.0
2678170,32,29,-3,category_id,7.975753708725475e-05,0.0002620316184819635
2678261,35,26,-9,category_id,0.00023927261126176425,0.0007860948554458904
2678392,4,1,-3,category_id,7.975753708725475e-05,0.0002620316184819635
2682627,0,2,2,category_id,0.0,-0.00017468774565464234
2682858,0,1,1,category_id,0.0,-8.734387282732117e-05
2684706,0,1,1,category_id,0.0,-8.734387282732117e-05
2684806,4,8,4,category_id,0.0,-0.0003493754913092847
2684959,9,5,-4,category_id,0.00010634338278300632,0.0003493754913092847
2685357,60,50,-10,category_id,0.00026585845695751583,0.0008734387282732116
2686648,3,3,0,category_id,0.0,-0.0
2687903,1,2,1,category_id,0.0,-8.734387282732117e-05
2689922,8,12,4,category_id,0.0,-0.0003493754913092847
2689976,4,3,-1,category_id,2.658584569575158e-05,8.734387282732117e-05
2690374,17,16,-1,category_id,2.658584569575158e-05,8.734387282732117e-05
2690744,7,6,-1,category_id,2.658584569575158e-05,8.734387282732117e-05
2691737,17,18,1,category_id,0.0,-8.734387282732117e-05
2692029,1,0,-1,category_id,2.658584569575158e-05,8.734387282732117e-05
2692123,0,1,1,category_id,0.0,-8.734387282732117e-05
2692253,2,1,-1,category_id,2.658584569575158e-05,8.734387282732117e-05
2693696,149,175,26,category_id,0.0,-0.00227094069351035
2695277,2,0,-2,category_id,5.317169139150316e-05,0.00017468774565464234
2698437,16,20,4,category_id,0.0,-0.0003493754913092847
2699338,2,6,4,category_id,0.0,-0.0003493754913092847
2700376,0,1,1,category_id,0.0,-8.734387282732117e-05
2700588,5,4,-1,category_id,2.658584569575158e-05,8.734387282732117e-05
2702039,6,3,-3,category_id,7.975753708725475e-05,0.0002620316184819635
2702525,116,127,11,category_id,0.0,-0.0009607826011005328
2702654,4,0,-4,category_id,0.00010634338278300632,0.0003493754913092847
2703301,2,0,-2,category_id,5.317169139150316e-05,0.00017468774565464234
2704015,2,1,-1,category_id,2.658584569575158e-05,8.734387282732117e-05
2705662,5,8,3,category_id,0.0,-0.0002620316184819635
2706436,17,17,0,category_id,0.0,-0.0
2708414,1,0,-1,category_id,2.658584569575158e-05,8.734387282732117e-05
2709371,1,0,-1,category_id,2.658584569575158e-05,8.734387282732117e-05
2709989,0,1,1,category_id,0.0,-8.734387282732117e-05
2710853,27,48,21,category_id,0.0,-0.0018342213293737445
2713041,32,30,-2,category_id,5.317169139150316e-05,0.00017468774565464234
2714703,4,6,2,category_id,0.0,-0.00017468774565464234
2714949,1,0,-1,category_id,2.658584569575158e-05,8.734387282732117e-05
2715353,2,2,0,category_id,0.0,-0.0
2716202,0,2,2,category_id,0.0,-0.00017468774565464234
2716353,1,0,-1,category_id,2.658584569575158e-05,8.734387282732117e-05
2716442,1,0,-1,category_id,2.658584569575158e-05,8.734387282732117e-05
2718441,1,2,1,category_id,0.0,-8.734387282732117e-05
2718588,5,9,4,category_id,0.0,-0.0003493754913092847
2719067,38,25,-13,category_id,0.00034561599404477056,0.001135470346755175
2720496,4,7,3,category_id,0.0,-0.0002620316184819635
2721770,72,60,-12,category_id,0.000319030148349019,0.001048126473927854
2723232,4,2,-2,category_id,5.317169139150316e-05,0.00017468774565464234
2723483,15,33,18,category_id,0.0,-0.0015721897108917809
2724501,1,1,0,category_id,0.0,-0.0
2725426,72,67,-5,category_id,0.00013292922847875791,0.0004367193641366058
2726083,1,0,-1,category_id,2.658584569575158e-05,8.734387282732117e-05
2727862,7,4,-3,category_id,7.975753708725475e-05,0.0002620316184819635
2728585,18,17,-1,category_id,2.658584569575158e-05,8.734387282732117e-05
2728656,4,6,2,category_id,0.0,-0.00017468774565464234
2729004,11,5,-6,category_id,0.0001595150741745095,0.000524063236963927
2729260,24,31,7,category_id,0.0,-0.0006114071097912482
2729610,24,21,-3,category_id,7.975753708725475e-05,0.0002620316184819635
2729862,6,9,3,category_id,0.0,-0.0002620316184819635
2730467,33,25,-8,category_id,0.00021268676556601265,0.0006987509826185693
2731517,1,0,-1,category_id,2.658584569575158e-05,8.734387282732117e-05
2732466,57,59,2,category_id,0.0,-0.00017468774565464234
2733371,203,187,-16,category_id,0.0004253735311320253,0.0013975019652371387
2733586,58,64,6,category_id,0.0,-0.000524063236963927
2735086,3,1,-2,category_id,5.317169139150316e-05,0.00017468774565464234
2735466,3760,3479,-281,category_id,0.007470622640506195,0.024543628264477247
2736436,252,194,-58,category_id,0.0015419790503535917,0.005065944623984627
2737340,28,30,2,category_id,0.0,-0.00017468774565464234
2737740,4,2,-2,category_id,5.317169139150316e-05,0.00017468774565464234
2738053,0,1,1,category_id,0.0,-8.734387282732117e-05
2738312,21,27,6,category_id,0.0,-0.000524063236963927
2739327,114,79,-35,category_id,0.0009305045993513053,0.0030570355489562408
2740196,2,1,-1,category_id,2.658584569575158e-05,8.734387282732117e-05
2740569,29,67,38,category_id,0.0,-0.003319067167438204
2746662,0,3,3,category_id,0.0,-0.0002620316184819635
2746972,0,1,1,category_id,0.0,-8.734387282732117e-05
2747519,6,2,-4,category_id,0.00010634338278300632,0.0003493754913092847
2747756,3,6,3,category_id,0.0,-0.0002620316184819635
2748804,23,24,1,category_id,0.0,-8.734387282732117e-05
2750247,2,0,-2,category_id,5.317169139150316e-05,0.00017468774565464234
2751130,1,2,1,category_id,0.0,-8.734387282732117e-05
2751159,2,1,-1,category_id,2.658584569575158e-05,8.734387282732117e-05
2751787,26,27,1,category_id,0.0,-8.734387282732117e-05
2753808,88,99,11,category_id,0.0,-0.0009607826011005328
2754205,20,15,-5,category_id,0.00013292922847875791,0.0004367193641366058
2754299,1,0,-1,category_id,2.658584569575158e-05,8.734387282732117e-05
2755933,6,13,7,category_id,0.0,-0.0006114071097912482
2756070,4,5,1,category_id,0.0,-8.734387282732117e-05
2759887,6,6,0,category_id,0.0,-0.0
2761222,1,0,-1,category_id,2.658584569575158e-05,8.734387282732117e-05
2764649,0,1,1,category_id,0.0,-8.734387282732117e-05
2764935,3,4,1,category_id,0.0,-8.734387282732117e-05
2765330,4,0,-4,category_id,0.00010634338278300632,0.0003493754913092847
2765736,4,1,-3,category_id,7.975753708725475e-05,0.0002620316184819635
2767575,3,1,-2,category_id,5.317169139150316e-05,0.00017468774565464234
2768371,0,1,1,category_id,0.0,-8.734387282732117e-05
2768630,3,0,-3,category_id,7.975753708725475e-05,0.0002620316184819635
2769598,2,0,-2,category_id,5.317169139150316e-05,0.00017468774565464234
2769654,0,6,6,category_id,0.0,-0.000524063236963927
2769887,1,1,0,category_id,0.0,-0.0
2772071,34,33,-1,category_id,2.658584569575158e-05,8.734387282732117e-05
2772178,1,2,1,category_id,0.0,-8.734387282732117e-05
2773419,3,1,-2,category_id,5.317169139150316e-05,0.00017468774565464234
2773917,21,30,9,category_id,0.0,-0.0007860948554458904
2774299,208,190,-18,category_id,0.0004785452225235285,0.0015721897108917809
2774536,4,4,0,category_id,0.0,-0.0
2776831,2,3,1,category_id,0.0,-8.734387282732117e-05
2777825,30,18,-12,category_id,0.000319030148349019,0.001048126473927854
2778281,290,291,1,category_id,0.0,-8.734387282732117e-05
2778829,1,0,-1,category_id,2.658584569575158e-05,8.734387282732117e-05
2779062,22,17,-5,category_id,0.00013292922847875791,0.0004367193641366058
2782399,42,54,12,category_id,0.0,-0.001048126473927854
2783282,15,16,1,category_id,0.0,-8.734387282732117e-05
2783415,6,4,-2,category_id,5.317169139150316e-05,0.00017468774565464234
2783548,0,1,1,category_id,0.0,-8.734387282732117e-05
2786309,17,21,4,category_id,0.0,-0.0003493754913092847
2786875,3,3,0,category_id,0.0,-0.0
2787444,1,1,0,category_id,0.0,-0.0
2787541,0,1,1,category_id,0.0,-8.734387282732117e-05
2787897,0,2,2,category_id,0.0,-0.00017468774565464234
2788167,3,1,-2,category_id,5.317169139150316e-05,0.00017468774565464234
2791234,44,41,-3,category_id,7.975753708725475e-05,0.0002620316184819635
2791755,2,1,-1,category_id,2.658584569575158e-05,8.734387282732117e-05
2792484,40,26,-14,category_id,0.00037220183974052214,0.0012228142195824963
2794147,179,134,-45,category_id,0.001196363056308821,0.003930474277229453
2794490,7,3,-4,category_id,0.00010634338278300632,0.0003493754913092847
2796506,17,17,0,category_id,0.0,-0.0
2796753,1,0,-1,category_id,2.658584569575158e-05,8.734387282732117e-05
2798696,4,3,-1,category_id,2.658584569575158e-05,8.734387282732117e-05
2799848,0,1,1,category_id,0.0,-8.734387282732117e-05
2800021,39,32,-7,category_id,0.00018610091987026107,0.0006114071097912482
2801229,18,17,-1,category_id,2.658584569575158e-05,8.734387282732117e-05
2801637,2,1,-1,category_id,2.658584569575158e-05,8.734387282732117e-05
2803949,3,1,-2,category_id,5.317169139150316e-05,0.00017468774565464234
2804191,1,1,0,category_id,0.0,-0.0
2805193,44,34,-10,category_id,0.00026585845695751583,0.0008734387282732116
2806049,39,33,-6,category_id,0.0001595150741745095,0.000524063236963927
2806798,10,5,-5,category_id,0.00013292922847875791,0.0004367193641366058
2807166,1,0,-1,category_id,2.658584569575158e-05,8.734387282732117e-05
2807309,2,0,-2,category_id,5.317169139150316e-05,0.00017468774565464234
2809407,26,25,-1,category_id,2.658584569575158e-05,8.734387282732117e-05
2810146,15,11,-4,category_id,0.00010634338278300632,0.0003493754913092847
2812445,44,42,-2,category_id,5.317169139150316e-05,0.00017468774565464234
2812993,88,72,-16,category_id,0.0004253735311320253,0.0013975019652371387
2813803,1,1,0,category_id,0.0,-0.0
2814177,9,2,-7,category_id,0.00018610091987026107,0.0006114071097912482
2814273,2,3,1,category_id,0.0,-8.734387282732117e-05
2815065,137,91,-46,category_id,0.0012229489020045728,0.004017818150056774
2815319,1,1,0,category_id,0.0,-0.0
2815931,3,0,-3,category_id,7.975753708725475e-05,0.0002620316184819635
2816302,4,5,1,category_id,0.0,-8.734387282732117e-05
2817286,4,7,3,category_id,0.0,-0.0002620316184819635
2817976,3,1,-2,category_id,5.317169139150316e-05,0.00017468774565464234
2818202,17,19,2,category_id,0.0,-0.00017468774565464234
2819188,39,34,-5,category_id,0.00013292922847875791,0.0004367193641366058
2819811,15,19,4,category_id,0.0,-0.0003493754913092847
2823232,3,2,-1,category_id,2.658584569575158e-05,8.734387282732117e-05
2825431,30,19,-11,category_id,0.0002924443026532674,0.0009607826011005328
2827444,181,208,27,category_id,0.0,-0.0023582845663376716
2828436,28,20,-8,category_id,0.00021268676556601265,0.0006987509826185693
2829055,0,2,2,category_id,0.0,-0.00017468774565464234
2829779,3,1,-2,category_id,5.317169139150316e-05,0.00017468774565464234
2830440,5,4,-1,category_id,2.658584569575158e-05,8.734387282732117e-05
2832009,321,285,-36,category_id,0.000957090445047057,0.0031443794217835617
2832871,1,0,-1,category_id,2.658584569575158e-05,8.734387282732117e-05
2833905,0,1,1,category_id,0.0,-8.734387282732117e-05
2834771,15,18,3,category_id,0.0,-0.0002620316184819635
2836123,7,6,-1,category_id,2.658584569575158e-05,8.734387282732117e-05
2836371,0,1,1,category_id,0.0,-8.734387282732117e-05
2837163,136,105,-31,category_id,0.000824161216568299,0.002707660057646956
2839395,6,8,2,category_id,0.0,-0.00017468774565464234
2839880,1,0,-1,category_id,2.658584569575158e-05,8.734387282732117e-05
2842504,0,1,1,category_id,0.0,-8.734387282732117e-05
2844721,1,0,-1,category_id,2.658584569575158e-05,8.734387282732117e-05
2845138,1,1,0,category_id,0.0,-0.0
2846152,26,26,0,category_id,0.0,-0.0
2851989,8,21,13,category_id,0.0,-0.001135470346755175
2852310,33,31,-2,category_id,5.317169139150316e-05,0.00017468774565464234
2853993,64,38,-26,category_id,0.0006912319880895411,0.00227094069351035
2854798,7,7,0,category_id,0.0,-0.0
2854994,11,4,-7,category_id,0.00018610091987026107,0.0006114071097912482
2855739,9,3,-6,category_id,0.0001595150741745095,0.000524063236963927
2855743,5,2,-3,category_id,7.975753708725475e-05,0.0002620316184819635
2857561,1,1,0,category_id,0.0,-0.0
2858794,277,345,68,category_id,0.0,-0.005939383352257839
2859442,0,1,1,category_id,0.0,-8.734387282732117e-05
2859865,1,1,0,category_id,0.0,-0.0
2860496,0,2,2,category_id,0.0,-0.00017468774565464234
2860524,0,1,1,category_id,0.0,-8.734387282732117e-05
2860698,7,6,-1,category_id,2.658584569575158e-05,8.734387282732117e-05
2862133,6,8,2,category_id,0.0,-0.00017468774565464234
2862512,63,57,-6,category_id,0.0001595150741745095,0.000524063236963927
2863168,87,78,-9,category_id,0.00023927261126176425,0.0007860948554458904
2863982,1,0,-1,category_id,2.658584569575158e-05,8.734387282732117e-05
2864132,1,0,-1,category_id,2.658584569575158e-05,8.734387282732117e-05
2865017,36,39,3,category_id,0.0,-0.0002620316184819635
2865652,4,3,-1,category_id,2.658584569575158e-05,8.734387282732117e-05
2866632,0,1,1,category_id,0.0,-8.734387282732117e-05
2867703,4,0,-4,category_id,0.00010634338278300632,0.0003493754913092847
2867927,1,2,1,category_id,0.0,-8.734387282732117e-05
2869260,15,15,0,category_id,0.0,-0.0
2872050,1,0,-1,category_id,2.658584569575158e-05,8.734387282732117e-05
2872294,19,11,-8,category_id,0.00021268676556601265,0.0006987509826185693
2872443,120,104,-16,category_id,0.0004253735311320253,0.0013975019652371387
2873526,6,1,-5,category_id,0.00013292922847875791,0.0004367193641366058
2875366,58,55,-3,category_id,7.975753708725475e-05,0.0002620316184819635
2875969,1,3,2,category_id,0.0,-0.00017468774565464234
2877672,179,157,-22,category_id,0.0005848886053065348,0.0019215652022010656
2878148,66,69,3,category_id,0.0,-0.0002620316184819635
2878347,1,5,4,category_id,0.0,-0.0003493754913092847
2879735,1,0,-1,category_id,2.658584569575158e-05,8.734387282732117e-05
2880419,27,20,-7,category_id,0.00018610091987026107,0.0006114071097912482
2880519,3,0,-3,category_id,7.975753708725475e-05,0.0002620316184819635
2880666,1,1,0,category_id,0.0,-0.0
2881031,4,3,-1,category_id,2.658584569575158e-05,8.734387282732117e-05
2881542,48,58,10,category_id,0.0,-0.0008734387282732116
2883724,91,73,-18,category_id,0.0004785452225235285,0.0015721897108917809
2884555,4,3,-1,category_id,2.658584569575158e-05,8.734387282732117e-05
2884615,0,1,1,category_id,0.0,-8.734387282732117e-05
2885642,3336,3637,301,category_id,0.0,-0.02629050572102367
2885889,18,22,4,category_id,0.0,-0.0003493754913092847
2887364,3,1,-2,category_id,5.317169139150316e-05,0.00017468774565464234
2887965,10,18,8,category_id,0.0,-0.0006987509826185693
2889935,1,1,0,category_id,0.0,-0.0
2890111,11,62,51,category_id,0.0,-0.0044545375141933794
2891408,286,215,-71,category_id,0.0018875950443983623,0.0062014149707398025
2891509,22,15,-7,category_id,0.00018610091987026107,0.0006114071097912482
2892802,77,65,-12,category_id,0.000319030148349019,0.001048126473927854
2894212,3,3,0,category_id,0.0,-0.0
2895013,20,10,-10,category_id,0.00026585845695751583,0.0008734387282732116
2896142,119,103,-16,category_id,0.0004253735311320253,0.0013975019652371387
2896348,1,1,0,category_id,0.0,-0.0
2896749,1,2,1,category_id,0.0,-8.734387282732117e-05
2899233,4,4,0,category_id,0.0,-0.0
2899620,0,1,1,category_id,0.0,-8.734387282732117e-05
2899665,0,2,2,category_id,0.0,-0.00017468774565464234
2900843,0,1,1,category_id,0.0,-8.734387282732117e-05
2902064,1,1,0,category_id,0.0,-0.0
2903469,30,18,-12,category_id,0.000319030148349019,0.001048126473927854
2903732,2,1,-1,category_id,2.658584569575158e-05,8.734387282732117e-05
2904271,0,1,1,category_id,0.0,-8.734387282732117e-05
2905937,13,5,-8,category_id,0.00021268676556601265,0.0006987509826185693
2909874,1,1,0,category_id,0.0,-0.0
2910107,2,0,-2,category_id,5.317169139150316e-05,0.00017468774565464234
2912070,0,8,8,category_id,0.0,-0.0006987509826185693
2912808,2,0,-2,category_id,5.317169139150316e-05,0.00017468774565464234
2913415,2,0,-2,category_id,5.317169139150316e-05,0.00017468774565464234
2913673,1,1,0,category_id,0.0,-0.0
2914063,0,3,3,category_id,0.0,-0.0002620316184819635
2914440,34,33,-1,category_id,2.658584569575158e-05,8.734387282732117e-05
2915438,1,0,-1,category_id,2.658584569575158e-05,8.734387282732117e-05
2916918,6,2,-4,category_id,0.00010634338278300632,0.0003493754913092847
2917289,2,7,5,category_id,0.0,-0.0004367193641366058
2917711,4,4,0,category_id,0.0,-0.0
2918955,1,6,5,category_id,0.0,-0.0004367193641366058
2920476,334,312,-22,category_id,0.0005848886053065348,0.0019215652022010656
2920833,0,4,4,category_id,0.0,-0.0003493754913092847
2921059,1,2,1,category_id,0.0,-8.734387282732117e-05
2922264,11,10,-1,category_id,2.658584569575158e-05,8.734387282732117e-05
2922530,0,3,3,category_id,0.0,-0.0002620316184819635
2923068,8,10,2,category_id,0.0,-0.00017468774565464234
2923285,73,212,139,category_id,0.0,-0.012140798322997642
2923390,5,2,-3,category_id,7.975753708725475e-05,0.0002620316184819635
2923541,22,22,0,category_id,0.0,-0.0
2923774,0,1,1,category_id,0.0,-8.734387282732117e-05
2924150,37,53,16,category_id,0.0,-0.0013975019652371387
2924780,7,3,-4,category_id,0.00010634338278300632,0.0003493754913092847
2925160,163,151,-12,category_id,0.000319030148349019,0.001048126473927854
2925636,32,35,3,category_id,0.0,-0.0002620316184819635
2926020,686,617,-69,category_id,0.0018344233530068592,0.0060267272250851605
2927057,3,5,2,category_id,0.0,-0.00017468774565464234
2930652,4,0,-4,category_id,0.00010634338278300632,0.0003493754913092847
2931809,4,2,-2,category_id,5.317169139150316e-05,0.00017468774565464234
2932488,1,0,-1,category_id,2.658584569575158e-05,8.734387282732117e-05
2934788,2,1,-1,category_id,2.658584569575158e-05,8.734387282732117e-05
2935574,12,25,13,category_id,0.0,-0.001135470346755175
2937670,2,3,1,category_id,0.0,-8.734387282732117e-05
2939036,1,3,2,category_id,0.0,-0.00017468774565464234
2939262,1214,1251,37,category_id,0.0,-0.003231723294610883
2939779,1,0,-1,category_id,2.658584569575158e-05,8.734387282732117e-05
2940518,130,124,-6,category_id,0.0001595150741745095,0.000524063236963927
2942460,0,3,3,category_id,0.0,-0.0002620316184819635
2945933,416,381,-35,category_id,0.0009305045993513053,0.0030570355489562408
2948088,2,5,3,category_id,0.0,-0.0002620316184819635
2948269,23,27,4,category_id,0.0,-0.0003493754913092847
2949136,34,21,-13,category_id,0.00034561599404477056,0.001135470346755175
2950158,21,14,-7,category_id,0.00018610091987026107,0.0006114071097912482
2950381,3,12,9,category_id,0.0,-0.0007860948554458904
2951233,62,74,12,category_id,0.0,-0.001048126473927854
2952458,26,25,-1,category_id,2.658584569575158e-05,8.734387282732117e-05
2953998,0,2,2,category_id,0.0,-0.00017468774565464234
2954645,15,5,-10,category_id,0.00026585845695751583,0.0008734387282732116
2956048,4,3,-1,category_id,2.658584569575158e-05,8.734387282732117e-05
2957371,2,4,2,category_id,0.0,-0.00017468774565464234
2958024,3,3,0,category_id,0.0,-0.0
2958664,5,8,3,category_id,0.0,-0.0002620316184819635
2958888,0,1,1,category_id,0.0,-8.734387282732117e-05
2959407,58,46,-12,category_id,0.000319030148349019,0.001048126473927854
2960717,7,6,-1,category_id,2.658584569575158e-05,8.734387282732117e-05
2961571,0,1,1,category_id,0.0,-8.734387282732117e-05
2961648,3,3,0,category_id,0.0,-0.0
2961965,0,1,1,category_id,0.0,-8.734387282732117e-05
2964603,103,57,-46,category_id,0.0012229489020045728,0.004017818150056774
2966042,1,1,0,category_id,0.0,-0.0
2966276,5,10,5,category_id,0.0,-0.0004367193641366058
2966303,81,72,-9,category_id,0.00023927261126176425,0.0007860948554458904
2969269,17,14,-3,category_id,7.975753708725475e-05,0.0002620316184819635
2970453,18,18,0,category_id,0.0,-0.0
2970693,5,4,-1,category_id,2.658584569575158e-05,8.734387282732117e-05
2972679,129,98,-31,category_id,0.000824161216568299,0.002707660057646956
2974240,2,0,-2,category_id,5.317169139150316e-05,0.00017468774565464234
2974419,1,6,5,category_id,0.0,-0.0004367193641366058
2975713,61,58,-3,category_id,7.975753708725475e-05,0.0002620316184819635
2976589,9,12,3,category_id,0.0,-0.0002620316184819635
2977465,54,54,0,category_id,0.0,-0.0
2977477,0,1,1,category_id,0.0,-8.734387282732117e-05
2978503,4,2,-2,category_id,5.317169139150316e-05,0.00017468774565464234
2978598,11,10,-1,category_id,2.658584569575158e-05,8.734387282732117e-05
2979796,78,93,15,category_id,0.0,-0.0013101580924098175
2981856,29,29,0,category_id,0.0,-0.0
2982027,253,252,-1,category_id,2.658584569575158e-05,8.734387282732117e-05
2983928,42,30,-12,category_id,0.000319030148349019,0.001048126473927854
2985553,8,4,-4,category_id,0.00010634338278300632,0.0003493754913092847
2986368,13,5,-8,category_id,0.00021268676556601265,0.0006987509826185693
2986945,27,21,-6,category_id,0.0001595150741745095,0.000524063236963927
2988043,4,3,-1,category_id,2.658584569575158e-05,8.734387282732117e-05
2988293,12,7,-5,category_id,0.00013292922847875791,0.0004367193641366058
2989452,57,53,-4,category_id,0.00010634338278300632,0.0003493754913092847
2989621,1,2,1,category_id,0.0,-8.734387282732117e-05
2990975,2,2,0,category_id,0.0,-0.0
2990986,1,1,0,category_id,0.0,-0.0
2992045,0,2,2,category_id,0.0,-0.00017468774565464234
2992092,5,2,-3,category_id,7.975753708725475e-05,0.0002620316184819635
2992356,20,17,-3,category_id,7.975753708725475e-05,0.0002620316184819635
2992415,4,3,-1,category_id,2.658584569575158e-05,8.734387282732117e-05
2993053,5,1,-4,category_id,0.00010634338278300632,0.0003493754913092847
2993461,2,1,-1,category_id,2.658584569575158e-05,8.734387282732117e-05
2994558,17,18,1,category_id,0.0,-8.734387282732117e-05
2997109,14,18,4,category_id,0.0,-0.0003493754913092847
2998226,1,0,-1,category_id,2.658584569575158e-05,8.734387282732117e-05
2998328,10,11,1,category_id,0.0,-8.734387282732117e-05
3000315,16,22,6,category_id,0.0,-0.000524063236963927
3001296,50,42,-8,category_id,0.00021268676556601265,0.0006987509826185693
3002561,1848,1761,-87,category_id,0.0023129685755303876,0.007598916935976942
3003158,1,0,-1,category_id,2.658584569575158e-05,8.734387282732117e-05
3003561,7,6,-1,category_id,2.658584569575158e-05,8.734387282732117e-05
3003972,0,1,1,category_id,0.0,-8.734387282732117e-05
3004643,46,47,1,category_id,0.0,-8.734387282732117e-05
3004853,481,513,32,category_id,0.0,-0.0027950039304742774
3006470,1,0,-1,category_id,2.658584569575158e-05,8.734387282732117e-05
3006524,1,0,-1,category_id,2.658584569575158e-05,8.734387282732117e-05
3007355,23,26,3,category_id,0.0,-0.0002620316184819635
3008185,1,2,1,category_id,0.0,-8.734387282732117e-05
3008396,18,14,-4,category_id,0.00010634338278300632,0.0003493754913092847
3010113,4,3,-1,category_id,2.658584569575158e-05,8.734387282732117e-05
3010483,29,25,-4,category_id,0.00010634338278300632,0.0003493754913092847
3010881,5,7,2,category_id,0.0,-0.00017468774565464234
3011375,1,2,1,category_id,0.0,-8.734387282732117e-05
3011767,11,14,3,category_id,0.0,-0.0002620316184819635
3012102,18,11,-7,category_id,0.00018610091987026107,0.0006114071097912482
3013389,1,0,-1,category_id,2.658584569575158e-05,8.734387282732117e-05
3013799,3,0,-3,category_id,7.975753708725475e-05,0.0002620316184819635
3013991,3,3,0,category_id,0.0,-0.0
3014132,3,3,0,category_id,0.0,-0.0
3014848,5,0,-5,category_id,0.00013292922847875791,0.0004367193641366058
3015852,331,312,-19,category_id,0.0005051310682192801,0.001659533583719102
3016461,3,2,-1,category_id,2.658584569575158e-05,8.734387282732117e-05
3017203,20,21,1,category_id,0.0,-8.734387282732117e-05
3021605,2,2,0,category_id,0.0,-0.0
3021762,5,6,1,category_id,0.0,-8.734387282732117e-05
3024151,0,1,1,category_id,0.0,-8.734387282732117e-05
3024544,2,0,-2,category_id,5.317169139150316e-05,0.00017468774565464234
3025028,10,6,-4,category_id,0.00010634338278300632,0.0003493754913092847
3025460,2,1,-1,category_id,2.658584569575158e-05,8.734387282732117e-05
3026556,7,8,1,category_id,0.0,-8.734387282732117e-05
3027785,6,3,-3,category_id,7.975753708725475e-05,0.0002620316184819635
3028146,0,1,1,category_id,0.0,-8.734387282732117e-05
3028359,14,12,-2,category_id,5.317169139150316e-05,0.00017468774565464234
3028501,11,15,4,category_id,0.0,-0.0003493754913092847
3028983,1,0,-1,category_id,2.658584569575158e-05,8.734387282732117e-05
3029606,1,1,0,category_id,0.0,-0.0
3030023,15,20,5,category_id,0.0,-0.0004367193641366058
3030258,31,25,-6,category_id,0.0001595150741745095,0.000524063236963927
3031312,1,1,0,category_id,0.0,-0.0
3032062,0,1,1,category_id,0.0,-8.734387282732117e-05
3032872,1,0,-1,category_id,2.658584569575158e-05,8.734387282732117e-05
3033798,11,21,10,category_id,0.0,-0.0008734387282732116
3034658,11,18,7,category_id,0.0,-0.0006114071097912482
3037540,1,0,-1,category_id,2.658584569575158e-05,8.734387282732117e-05
3038961,0,1,1,category_id,0.0,-8.734387282732117e-05
3041259,2,3,1,category_id,0.0,-8.734387282732117e-05
3042050,27,19,-8,category_id,0.00021268676556601265,0.0006987509826185693
3042127,4,17,13,category_id,0.0,-0.001135470346755175
3042444,3,4,1,category_id,0.0,-8.734387282732117e-05
3043292,3,5,2,category_id,0.0,-0.00017468774565464234
3044104,1,2,1,category_id,0.0,-8.734387282732117e-05
3044192,5,3,-2,category_id,5.317169139150316e-05,0.00017468774565464234
3045016,2,3,1,category_id,0.0,-8.734387282732117e-05
3045640,24,22,-2,category_id,5.317169139150316e-05,0.00017468774565464234
3046547,0,4,4,category_id,0.0,-0.0003493754913092847
3046934,4,2,-2,category_id,5.317169139150316e-05,0.00017468774565464234
3047024,28,26,-2,category_id,5.317169139150316e-05,0.00017468774565464234
3049193,8,7,-1,category_id,2.658584569575158e-05,8.734387282732117e-05
3051006,3,1,-2,category_id,5.317169139150316e-05,0.00017468774565464234
3053182,3,6,3,category_id,0.0,-0.0002620316184819635
3053292,41,45,4,category_id,0.0,-0.0003493754913092847
3053420,26,20,-6,category_id,0.0001595150741745095,0.000524063236963927
3054014,62,51,-11,category_id,0.0002924443026532674,0.0009607826011005328
3054267,3,1,-2,category_id,5.317169139150316e-05,0.00017468774565464234
3057225,24,21,-3,category_id,7.975753708725475e-05,0.0002620316184819635
3057385,15,22,7,category_id,0.0,-0.0006114071097912482
3059103,42,56,14,category_id,0.0,-0.0012228142195824963
3061895,1,1,0,category_id,0.0,-0.0
3064839,0,1,1,category_id,0.0,-8.734387282732117e-05
3065645,765,716,-49,category_id,0.0013027064390918276,0.004279849768538737
3066289,2,3,1,category_id,0.0,-8.734387282732117e-05
3067195,0,5,5,category_id,0.0,-0.0004367193641366058
3067560,2,3,1,category_id,0.0,-8.734387282732117e-05
3068234,0,3,3,category_id,0.0,-0.0002620316184819635
3068858,30,29,-1,category_id,2.658584569575158e-05,8.734387282732117e-05
3069540,36,18,-18,category_id,0.0004785452225235285,0.0015721897108917809
3070206,0,2,2,category_id,0.0,-0.00017468774565464234
3070861,2,6,4,category_id,0.0,-0.0003493754913092847
3072574,4,1,-3,category_id,7.975753708725475e-05,0.0002620316184819635
3073794,15,11,-4,category_id,0.00010634338278300632,0.0003493754913092847
3074739,1,2,1,category_id,0.0,-8.734387282732117e-05
3075153,2,6,4,category_id,0.0,-0.0003493754913092847
3075521,39,37,-2,category_id,5.317169139150316e-05,0.00017468774565464234
3076855,50,50,0,category_id,0.0,-0.0
3077522,5,1,-4,category_id,0.00010634338278300632,0.0003493754913092847
3077776,57,37,-20,category_id,0.0005317169139150317,0.0017468774565464233
3078074,2,2,0,category_id,0.0,-0.0
3080141,10,8,-2,category_id,5.317169139150316e-05,0.00017468774565464234
3081594,55,46,-9,category_id,0.00023927261126176425,0.0007860948554458904
3083452,37,42,5,category_id,0.0,-0.0004367193641366058
3084091,2,0,-2,category_id,5.317169139150316e-05,0.00017468774565464234
3084325,1,1,0,category_id,0.0,-0.0
3084958,10,8,-2,category_id,5.317169139150316e-05,0.00017468774565464234
3086341,0,1,1,category_id,0.0,-8.734387282732117e-05
3087458,240,166,-74,category_id,0.001967352581485617,0.006463446589221766
3087839,2,2,0,category_id,0.0,-0.0
3090680,1,0,-1,category_id,2.658584569575158e-05,8.734387282732117e-05
3090850,84,82,-2,category_id,5.317169139150316e-05,0.00017468774565464234
3091219,0,2,2,category_id,0.0,-0.00017468774565464234
3091480,22,26,4,category_id,0.0,-0.0003493754913092847
3091786,3,6,3,category_id,0.0,-0.0002620316184819635
3092004,3,2,-1,category_id,2.658584569575158e-05,8.734387282732117e-05
3092571,16,28,12,category_id,0.0,-0.001048126473927854
3092732,3,9,6,category_id,0.0,-0.000524063236963927
3092897,5,6,1,category_id,0.0,-8.734387282732117e-05
3093746,2,0,-2,category_id,5.317169139150316e-05,0.00017468774565464234
3094632,3,2,-1,category_id,2.658584569575158e-05,8.734387282732117e-05
3094765,0,2,2,category_id,0.0,-0.00017468774565464234
3095029,1,1,0,category_id,0.0,-0.0
3097358,3,4,1,category_id,0.0,-8.734387282732117e-05
3099096,2,0,-2,category_id,5.317169139150316e-05,0.00017468774565464234
3099296,10,4,-6,category_id,0.0001595150741745095,0.000524063236963927
3099552,5,11,6,category_id,0.0,-0.000524063236963927
3099787,2,3,1,category_id,0.0,-8.734387282732117e-05
3100080,13,14,1,category_id,0.0,-8.734387282732117e-05
3100408,14,11,-3,category_id,7.975753708725475e-05,0.0002620316184819635
3100520,16,38,22,category_id,0.0,-0.0019215652022010656
3100554,8,6,-2,category_id,5.317169139150316e-05,0.00017468774565464234
3100759,38,47,9,category_id,0.0,-0.0007860948554458904
3102419,149,172,23,category_id,0.0,-0.002008909075028387
3102560,144,122,-22,category_id,0.0005848886053065348,0.0019215652022010656
3102658,1,5,4,category_id,0.0,-0.0003493754913092847
3103283,9,12,3,category_id,0.0,-0.0002620316184819635
3105438,10,1,-9,category_id,0.00023927261126176425,0.0007860948554458904
3105596,9,1,-8,category_id,0.00021268676556601265,0.0006987509826185693
3105892,2,1,-1,category_id,2.658584569575158e-05,8.734387282732117e-05
3106495,0,3,3,category_id,0.0,-0.0002620316184819635
3108044,271,289,18,category_id,0.0,-0.0015721897108917809
3108882,3,2,-1,category_id,2.658584569575158e-05,8.734387282732117e-05
3109662,3,3,0,category_id,0.0,-0.0
3110199,0,1,1,category_id,0.0,-8.734387282732117e-05
3110951,1,0,-1,category_id,2.658584569575158e-05,8.734387282732117e-05
3111341,1,0,-1,category_id,2.658584569575158e-05,8.734387282732117e-05
3112817,91,114,23,category_id,0.0,-0.002008909075028387
3113031,11,10,-1,category_id,2.658584569575158e-05,8.734387282732117e-05
3113126,1,0,-1,category_id,2.658584569575158e-05,8.734387282732117e-05
3113180,2,2,0,category_id,0.0,-0.0
3113468,7,4,-3,category_id,7.975753708725475e-05,0.0002620316184819635
3114694,1,3,2,category_id,0.0,-0.00017468774565464234
3115770,17,2,-15,category_id,0.0003987876854362737,0.0013101580924098175
3117587,8,13,5,category_id,0.0,-0.0004367193641366058
3117823,4,0,-4,category_id,0.00010634338278300632,0.0003493754913092847
3118167,74,81,7,category_id,0.0,-0.0006114071097912482
3118407,0,2,2,category_id,0.0,-0.00017468774565464234
3120318,0,1,1,category_id,0.0,-8.734387282732117e-05
3121949,6,6,0,category_id,0.0,-0.0
3123187,82,64,-18,category_id,0.0004785452225235285,0.0015721897108917809
3123784,64,73,9,category_id,0.0,-0.0007860948554458904
3124121,0,1,1,category_id,0.0,-8.734387282732117e-05
3124169,13,7,-6,category_id,0.0001595150741745095,0.000524063236963927
3125533,4,5,1,category_id,0.0,-8.734387282732117e-05
3125986,1,0,-1,category_id,2.658584569575158e-05,8.734387282732117e-05
3126258,4,0,-4,category_id,0.00010634338278300632,0.0003493754913092847
3126591,4,6,2,category_id,0.0,-0.00017468774565464234
3130529,3,2,-1,category_id,2.658584569575158e-05,8.734387282732117e-05
3130892,15,11,-4,category_id,0.00010634338278300632,0.0003493754913092847
3131525,1,0,-1,category_id,2.658584569575158e-05,8.734387282732117e-05
3132147,8,6,-2,category_id,5.317169139150316e-05,0.00017468774565464234
3132587,4,1,-3,category_id,7.975753708725475e-05,0.0002620316184819635
3132593,28,41,13,category_id,0.0,-0.001135470346755175
3133154,0,1,1,category_id,0.0,-8.734387282732117e-05
3134373,1,0,-1,category_id,2.658584569575158e-05,8.734387282732117e-05
3135863,10,5,-5,category_id,0.00013292922847875791,0.0004367193641366058
3137626,1,1,0,category_id,0.0,-0.0
3138002,2,4,2,category_id,0.0,-0.00017468774565464234
3138353,20,6,-14,category_id,0.00037220183974052214,0.0012228142195824963
3138705,193,187,-6,category_id,0.0001595150741745095,0.000524063236963927
3139553,1,2,1,category_id,0.0,-8.734387282732117e-05
3139583,43,35,-8,category_id,0.00021268676556601265,0.0006987509826185693
3139855,1,1,0,category_id,0.0,-0.0
3140218,2,3,1,category_id,0.0,-8.734387282732117e-05
3141486,0,4,4,category_id,0.0,-0.0003493754913092847
3141832,51,48,-3,category_id,7.975753708725475e-05,0.0002620316184819635
3141941,43,33,-10,category_id,0.00026585845695751583,0.0008734387282732116
3142010,0,1,1,category_id,0.0,-8.734387282732117e-05
3142076,4,4,0,category_id,0.0,-0.0
3142427,3,1,-2,category_id,5.317169139150316e-05,0.00017468774565464234
3146541,4,0,-4,category_id,0.00010634338278300632,0.0003493754913092847
3147028,13,10,-3,category_id,7.975753708725475e-05,0.0002620316184819635
3147601,10,4,-6,category_id,0.0001595150741745095,0.000524063236963927
3147850,24,20,-4,category_id,0.00010634338278300632,0.0003493754913092847
3147903,13,11,-2,category_id,5.317169139150316e-05,0.00017468774565464234
3148416,3,0,-3,category_id,7.975753708725475e-05,0.0002620316184819635
3148538,14,15,1,category_id,0.0,-8.734387282732117e-05
3148589,14,8,-6,category_id,0.0001595150741745095,0.000524063236963927
3148847,0,3,3,category_id,0.0,-0.0002620316184819635
3150229,2,2,0,category_id,0.0,-0.0
3150851,2,1,-1,category_id,2.658584569575158e-05,8.734387282732117e-05
3153380,2,3,1,category_id,0.0,-8.734387282732117e-05
3154021,2,2,0,category_id,0.0,-0.0
3154173,25,23,-2,category_id,5.317169139150316e-05,0.00017468774565464234
3154837,25,24,-1,category_id,2.658584569575158e-05,8.734387282732117e-05
3155336,4,3,-1,category_id,2.658584569575158e-05,8.734387282732117e-05
3155613,0,2,2,category_id,0.0,-0.00017468774565464234
3155703,123,105,-18,category_id,0.0004785452225235285,0.0015721897108917809
3156448,37,34,-3,category_id,7.975753708725475e-05,0.0002620316184819635
3157674,5,3,-2,category_id,5.317169139150316e-05,0.00017468774565464234
3158249,1042,711,-331,category_id,0.008799914925293773,0.028910821905843306
3159480,12,9,-3,category_id,7.975753708725475e-05,0.0002620316184819635
3159606,1,0,-1,category_id,2.658584569575158e-05,8.734387282732117e-05
3160684,39,19,-20,category_id,0.0005317169139150317,0.0017468774565464233
3160926,122,151,29,category_id,0.0,-0.0025329723119923136
3161951,5,3,-2,category_id,5.317169139150316e-05,0.00017468774565464234
3164069,7,8,1,category_id,0.0,-8.734387282732117e-05
3164550,194,183,-11,category_id,0.0002924443026532674,0.0009607826011005328
3166089,0,1,1,category_id,0.0,-8.734387282732117e-05
3168054,0,1,1,category_id,0.0,-8.734387282732117e-05
3169295,9,7,-2,category_id,5.317169139150316e-05,0.00017468774565464234
3170314,3,6,3,category_id,0.0,-0.0002620316184819635
3170922,0,1,1,category_id,0.0,-8.734387282732117e-05
3171095,47,40,-7,category_id,0.00018610091987026107,0.0006114071097912482
3172967,3,1,-2,category_id,5.317169139150316e-05,0.00017468774565464234
3173741,10,4,-6,category_id,0.0001595150741745095,0.000524063236963927
3174314,4,0,-4,category_id,0.00010634338278300632,0.0003493754913092847
3175480,27,29,2,category_id,0.0,-0.00017468774565464234
3176262,5,2,-3,category_id,7.975753708725475e-05,0.0002620316184819635
3176349,0,7,7,category_id,0.0,-0.0006114071097912482
3176755,9,7,-2,category_id,5.317169139150316e-05,0.00017468774565464234
3177764,99,68,-31,category_id,0.000824161216568299,0.002707660057646956
3177782,15,11,-4,category_id,0.00010634338278300632,0.0003493754913092847
3177877,217,203,-14,category_id,0.00037220183974052214,0.0012228142195824963
3184079,10,9,-1,category_id,2.658584569575158e-05,8.734387282732117e-05
3184322,3,1,-2,category_id,5.317169139150316e-05,0.00017468774565464234
3184456,34,56,22,category_id,0.0,-0.0019215652022010656
3185579,2,0,-2,category_id,5.317169139150316e-05,0.00017468774565464234
3185664,3,2,-1,category_id,2.658584569575158e-05,8.734387282732117e-05
3186000,0,1,1,category_id,0.0,-8.734387282732117e-05
3186382,0,1,1,category_id,0.0,-8.734387282732117e-05
3188314,2,0,-2,category_id,5.317169139150316e-05,0.00017468774565464234
3188631,47,25,-22,category_id,0.0005848886053065348,0.0019215652022010656
3189162,278,270,-8,category_id,0.00021268676556601265,0.0006987509826185693
3189935,357,308,-49,category_id,0.0013027064390918276,0.004279849768538737
3190175,3,3,0,category_id,0.0,-0.0
3191556,15,12,-3,category_id,7.975753708725475e-05,0.0002620316184819635
3191795,6,3,-3,category_id,7.975753708725475e-05,0.0002620316184819635
3192046,0,1,1,category_id,0.0,-8.734387282732117e-05
3193942,0,1,1,category_id,0.0,-8.734387282732117e-05
3194089,9,7,-2,category_id,5.317169139150316e-05,0.00017468774565464234
3194345,2,0,-2,category_id,5.317169139150316e-05,0.00017468774565464234
3194735,37,54,17,category_id,0.0,-0.0014848458380644597
3195765,2,3,1,category_id,0.0,-8.734387282732117e-05
3195996,1,0,-1,category_id,2.658584569575158e-05,8.734387282732117e-05
3199525,2,0,-2,category_id,5.317169139150316e-05,0.00017468774565464234
3202037,0,1,1,category_id,0.0,-8.734387282732117e-05
3203956,4,20,16,category_id,0.0,-0.0013975019652371387
3204345,13,7,-6,category_id,0.0001595150741745095,0.000524063236963927
3206451,51,39,-12,category_id,0.000319030148349019,0.001048126473927854
3206550,11,14,3,category_id,0.0,-0.0002620316184819635
3206951,11,12,1,category_id,0.0,-8.734387282732117e-05
3208031,0,1,1,category_id,0.0,-8.734387282732117e-05
3208580,0,1,1,category_id,0.0,-8.734387282732117e-05
3208959,100,100,0,category_id,0.0,-0.0
3209208,0,1,1,category_id,0.0,-8.734387282732117e-05
3209590,66,87,21,category_id,0.0,-0.0018342213293737445
3211196,5,2,-3,category_id,7.975753708725475e-05,0.0002620316184819635
3211701,9,11,2,category_id,0.0,-0.00017468774565464234
3212445,2,2,0,category_id,0.0,-0.0
3213921,3,0,-3,category_id,7.975753708725475e-05,0.0002620316184819635
3214361,60,53,-7,category_id,0.00018610091987026107,0.0006114071097912482
3217337,0,2,2,category_id,0.0,-0.00017468774565464234
3218826,1,0,-1,category_id,2.658584569575158e-05,8.734387282732117e-05
3218887,0,1,1,category_id,0.0,-8.734387282732117e-05
3219576,2,1,-1,category_id,2.658584569575158e-05,8.734387282732117e-05
3220984,81,54,-27,category_id,0.0007178178337852927,0.0023582845663376716
3222457,1,1,0,category_id,0.0,-0.0
3222818,15,9,-6,category_id,0.0001595150741745095,0.000524063236963927
3224824,5,5,0,category_id,0.0,-0.0
3225422,1,1,0,category_id,0.0,-0.0
3225747,7,12,5,category_id,0.0,-0.0004367193641366058
3226383,1,2,1,category_id,0.0,-8.734387282732117e-05
3227115,1,0,-1,category_id,2.658584569575158e-05,8.734387282732117e-05
3227333,1,3,2,category_id,0.0,-0.00017468774565464234
3228699,41,37,-4,category_id,0.00010634338278300632,0.0003493754913092847
3229336,8,7,-1,category_id,2.658584569575158e-05,8.734387282732117e-05
3229786,2,1,-1,category_id,2.658584569575158e-05,8.734387282732117e-05
3230200,35,21,-14,category_id,0.00037220183974052214,0.0012228142195824963
3230581,1,0,-1,category_id,2.658584569575158e-05,8.734387282732117e-05
3230909,34,41,7,category_id,0.0,-0.0006114071097912482
3231230,2,2,0,category_id,0.0,-0.0
3231625,674,743,69,category_id,0.0,-0.0060267272250851605
3231861,46,21,-25,category_id,0.0006646461423937895,0.0021835968206830292
3232473,206,168,-38,category_id,0.0010102621364385602,0.003319067167438204
3232866,1,0,-1,category_id,2.658584569575158e-05,8.734387282732117e-05
3232886,12,9,-3,category_id,7.975753708725475e-05,0.0002620316184819635
3233128,44,42,-2,category_id,5.317169139150316e-05,0.00017468774565464234
3233284,4,1,-3,category_id,7.975753708725475e-05,0.0002620316184819635
3234738,24,31,7,category_id,0.0,-0.0006114071097912482
3235112,13,11,-2,category_id,5.317169139150316e-05,0.00017468774565464234
3236397,33,27,-6,category_id,0.0001595150741745095,0.000524063236963927
3242912,1,1,0,category_id,0.0,-0.0
3243754,1,1,0,category_id,0.0,-0.0
3244175,7,7,0,category_id,0.0,-0.0
3244208,0,1,1,category_id,0.0,-8.734387282732117e-05
3244547,3,1,-2,category_id,5.317169139150316e-05,0.00017468774565464234
3244708,0,1,1,category_id,0.0,-8.734387282732117e-05
3244938,0,2,2,category_id,0.0,-0.00017468774565464234
3245160,1,0,-1,category_id,2.658584569575158e-05,8.734387282732117e-05
3245753,10,7,-3,category_id,7.975753708725475e-05,0.0002620316184819635
3247211,2,6,4,category_id,0.0,-0.0003493754913092847
3248072,338,283,-55,category_id,0.001462221513266337,0.004803913005502664
3248341,1,5,4,category_id,0.0,-0.0003493754913092847
3248864,103,74,-29,category_id,0.0007709895251767959,0.0025329723119923136
3250334,37,27,-10,category_id,0.00026585845695751583,0.0008734387282732116
3251598,1,0,-1,category_id,2.658584569575158e-05,8.734387282732117e-05
3252144,17,17,0,category_id,0.0,-0.0
3252563,13,4,-9,category_id,0.00023927261126176425,0.0007860948554458904
3253210,103,124,21,category_id,0.0,-0.0018342213293737445
3253357,48,39,-9,category_id,0.00023927261126176425,0.0007860948554458904
3253440,13,20,7,category_id,0.0,-0.0006114071097912482
3253709,1,2,1,category_id,0.0,-8.734387282732117e-05
3254436,5,0,-5,category_id,0.00013292922847875791,0.0004367193641366058
3255355,14,8,-6,category_id,0.0001595150741745095,0.000524063236963927
3255541,23,15,-8,category_id,0.00021268676556601265,0.0006987509826185693
3257290,25,27,2,category_id,0.0,-0.00017468774565464234
3258181,0,1,1,category_id,0.0,-8.734387282732117e-05
3258234,1,2,1,category_id,0.0,-8.734387282732117e-05
3258823,4,5,1,category_id,0.0,-8.734387282732117e-05
3259038,1,0,-1,category_id,2.658584569575158e-05,8.734387282732117e-05
3260881,2,2,0,category_id,0.0,-0.0
3264214,1,0,-1,category_id,2.658584569575158e-05,8.734387282732117e-05
3264733,3,7,4,category_id,0.0,-0.0003493754913092847
3264833,57,79,22,category_id,0.0,-0.0019215652022010656
3264973,1,4,3,category_id,0.0,-0.0002620316184819635
3266686,1,1,0,category_id,0.0,-0.0
3267288,6,6,0,category_id,0.0,-0.0
3269713,1,1,0,category_id,0.0,-0.0
3272055,1,1,0,category_id,0.0,-0.0
3272095,1,0,-1,category_id,2.658584569575158e-05,8.734387282732117e-05
3273035,1,1,0,category_id,0.0,-0.0
3273152,0,2,2,category_id,0.0,-0.00017468774565464234
3273619,6,3,-3,category_id,7.975753708725475e-05,0.0002620316184819635
3274111,0,1,1,category_id,0.0,-8.734387282732117e-05
3274258,43,22,-21,category_id,0.0005583027596107832,0.0018342213293737445
3274325,4,7,3,category_id,0.0,-0.0002620316184819635
3277224,227,196,-31,category_id,0.000824161216568299,0.002707660057646956
3278662,1,1,0,category_id,0.0,-0.0
3279421,4,1,-3,category_id,7.975753708725475e-05,0.0002620316184819635
3279507,11,5,-6,category_id,0.0001595150741745095,0.000524063236963927
3281371,10,6,-4,category_id,0.00010634338278300632,0.0003493754913092847
3282340,11,12,1,category_id,0.0,-8.734387282732117e-05
3282595,1,1,0,category_id,0.0,-0.0
3283188,11,33,22,category_id,0.0,-0.0019215652022010656
3285641,9,5,-4,category_id,0.00010634338278300632,0.0003493754913092847
3286162,4,7,3,category_id,0.0,-0.0002620316184819635
3287694,1,0,-1,category_id,2.658584569575158e-05,8.734387282732117e-05
3287763,1,0,-1,category_id,2.658584569575158e-05,8.734387282732117e-05
3289012,2,3,1,category_id,0.0,-8.734387282732117e-05
3289575,13,18,5,category_id,0.0,-0.0004367193641366058
3289997,18,23,5,category_id,0.0,-0.0004367193641366058
3290084,5,8,3,category_id,0.0,-0.0002620316184819635
3291419,2,2,0,category_id,0.0,-0.0
3294401,11,8,-3,category_id,7.975753708725475e-05,0.0002620316184819635
3294880,2,1,-1,category_id,2.658584569575158e-05,8.734387282732117e-05
3295699,3,2,-1,category_id,2.658584569575158e-05,8.734387282732117e-05
3298361,16,18,2,category_id,0.0,-0.00017468774565464234
3298620,2,3,1,category_id,0.0,-8.734387282732117e-05
3299155,640,704,64,category_id,0.0,-0.005590007860948555
3300413,0,1,1,category_id,0.0,-8.734387282732117e-05
3300651,5,6,1,category_id,0.0,-8.734387282732117e-05
3302877,9,3,-6,category_id,0.0001595150741745095,0.000524063236963927
3303026,53,56,3,category_id,0.0,-0.0002620316184819635
3305081,1,1,0,category_id,0.0,-0.0
3307148,1,0,-1,category_id,2.658584569575158e-05,8.734387282732117e-05
3309245,2,9,7,category_id,0.0,-0.0006114071097912482
3309643,1,2,1,category_id,0.0,-8.734387282732117e-05
3311020,4,7,3,category_id,0.0,-0.0002620316184819635
3311613,1,0,-1,category_id,2.658584569575158e-05,8.734387282732117e-05
3311788,0,1,1,category_id,0.0,-8.734387282732117e-05
3312150,26,74,48,category_id,0.0,-0.004192505895711416
3313438,13,5,-8,category_id,0.00021268676556601265,0.0006987509826185693
3313740,5,0,-5,category_id,0.00013292922847875791,0.0004367193641366058
3313795,0,2,2,category_id,0.0,-0.00017468774565464234
3314621,2,5,3,category_id,0.0,-0.0002620316184819635
3315940,5,21,16,category_id,0.0,-0.0013975019652371387
3317851,1,4,3,category_id,0.0,-0.0002620316184819635
3319273,0,1,1,category_id,0.0,-8.734387282732117e-05
3320579,132,150,18,category_id,0.0,-0.0015721897108917809
3322346,1,0,-1,category_id,2.658584569575158e-05,8.734387282732117e-05
3323023,10,18,8,category_id,0.0,-0.0006987509826185693
3323163,11,10,-1,category_id,2.658584569575158e-05,8.734387282732117e-05
3324385,10,7,-3,category_id,7.975753708725475e-05,0.0002620316184819635
3326223,8,5,-3,category_id,7.975753708725475e-05,0.0002620316184819635
3326628,2,9,7,category_id,0.0,-0.0006114071097912482
3328511,30,20,-10,category_id,0.00026585845695751583,0.0008734387282732116
3330664,0,2,2,category_id,0.0,-0.00017468774565464234
3330819,1,1,0,category_id,0.0,-0.0
3332130,7,4,-3,category_id,7.975753708725475e-05,0.0002620316184819635
3332364,0,1,1,category_id,0.0,-8.734387282732117e-05
3333598,1,0,-1,category_id,2.658584569575158e-05,8.734387282732117e-05
3333989,2,0,-2,category_id,5.317169139150316e-05,0.00017468774565464234
3334995,3,1,-2,category_id,5.317169139150316e-05,0.00017468774565464234
3335147,6,17,11,category_id,0.0,-0.0009607826011005328
3335403,1,2,1,category_id,0.0,-8.734387282732117e-05
3336019,34,24,-10,category_id,0.00026585845695751583,0.0008734387282732116
3336289,2,9,7,category_id,0.0,-0.0006114071097912482
3338209,42,35,-7,category_id,0.00018610091987026107,0.0006114071097912482
3339572,6,1,-5,category_id,0.00013292922847875791,0.0004367193641366058
3339691,0,1,1,category_id,0.0,-8.734387282732117e-05
3340284,1,0,-1,category_id,2.658584569575158e-05,8.734387282732117e-05
3340592,4,2,-2,category_id,5.317169139150316e-05,0.00017468774565464234
3340725,46,31,-15,category_id,0.0003987876854362737,0.0013101580924098175
3342150,2,1,-1,category_id,2.658584569575158e-05,8.734387282732117e-05
3342722,3,4,1,category_id,0.0,-8.734387282732117e-05
3343024,70,57,-13,category_id,0.00034561599404477056,0.001135470346755175
3343095,93,109,16,category_id,0.0,-0.0013975019652371387
3343329,0,1,1,category_id,0.0,-8.734387282732117e-05
3346906,7,10,3,category_id,0.0,-0.0002620316184819635
3348105,19,6,-13,category_id,0.00034561599404477056,0.001135470346755175
3349625,4,5,1,category_id,0.0,-8.734387282732117e-05
3351726,128,145,17,category_id,0.0,-0.0014848458380644597
3353949,0,3,3,category_id,0.0,-0.0002620316184819635
3354040,1,0,-1,category_id,2.658584569575158e-05,8.734387282732117e-05
3354186,141,79,-62,category_id,0.001648322433136598,0.005415320115293912
3354571,161,149,-12,category_id,0.000319030148349019,0.001048126473927854
3355227,1,0,-1,category_id,2.658584569575158e-05,8.734387282732117e-05
3355288,1,0,-1,category_id,2.658584569575158e-05,8.734387282732117e-05
3355674,0,1,1,category_id,0.0,-8.734387282732117e-05
3358142,0,1,1,category_id,0.0,-8.734387282732117e-05
3358347,3,1,-2,category_id,5.317169139150316e-05,0.00017468774565464234
3358615,2,1,-1,category_id,2.658584569575158e-05,8.734387282732117e-05
3358752,0,2,2,category_id,0.0,-0.00017468774565464234
3360956,4,4,0,category_id,0.0,-0.0
3361496,54,53,-1,category_id,2.658584569575158e-05,8.734387282732117e-05
3362038,13,9,-4,category_id,0.00010634338278300632,0.0003493754913092847
3362577,5,2,-3,category_id,7.975753708725475e-05,0.0002620316184819635
3363059,3,6,3,category_id,0.0,-0.0002620316184819635
3366263,1,0,-1,category_id,2.658584569575158e-05,8.734387282732117e-05
3367924,26,23,-3,category_id,7.975753708725475e-05,0.0002620316184819635
3367946,1,0,-1,category_id,2.658584569575158e-05,8.734387282732117e-05
3368773,2,2,0,category_id,0.0,-0.0
3369303,3,2,-1,category_id,2.658584569575158e-05,8.734387282732117e-05
3369736,12,10,-2,category_id,5.317169139150316e-05,0.00017468774565464234
3371868,463,413,-50,category_id,0.001329292284787579,0.0043671936413660585
3372283,68,37,-31,category_id,0.000824161216568299,0.002707660057646956
3373476,3,0,-3,category_id,7.975753708725475e-05,0.0002620316184819635
3373953,2,3,1,category_id,0.0,-8.734387282732117e-05
3374096,3,0,-3,category_id,7.975753708725475e-05,0.0002620316184819635
3374582,2,0,-2,category_id,5.317169139150316e-05,0.00017468774565464234
3378887,105,87,-18,category_id,0.0004785452225235285,0.0015721897108917809
3379070,3,3,0,category_id,0.0,-0.0
3380746,16,3,-13,category_id,0.00034561599404477056,0.001135470346755175
3380833,0,1,1,category_id,0.0,-8.734387282732117e-05
3381217,1,1,0,category_id,0.0,-0.0
3381435,0,2,2,category_id,0.0,-0.00017468774565464234
3381583,247,312,65,category_id,0.0,-0.005677351733775876
3381933,0,1,1,category_id,0.0,-8.734387282732117e-05
3383712,0,1,1,category_id,0.0,-8.734387282732117e-05
3385002,3,5,2,category_id,0.0,-0.00017468774565464234
3386923,0,1,1,category_id,0.0,-8.734387282732117e-05
3387556,2,1,-1,category_id,2.658584569575158e-05,8.734387282732117e-05
3387711,1,1,0,category_id,0.0,-0.0
3388914,8,9,1,category_id,0.0,-8.734387282732117e-05
3389104,0,2,2,category_id,0.0,-0.00017468774565464234
3389266,0,2,2,category_id,0.0,-0.00017468774565464234
3391862,39,64,25,category_id,0.0,-0.0021835968206830292
3392099,28,15,-13,category_id,0.00034561599404477056,0.001135470346755175
3394581,4,6,2,category_id,0.0,-0.00017468774565464234
3394813,1,4,3,category_id,0.0,-0.0002620316184819635
3395036,0,1,1,category_id,0.0,-8.734387282732117e-05
3395271,2,0,-2,category_id,5.317169139150316e-05,0.00017468774565464234
3395587,14,17,3,category_id,0.0,-0.0002620316184819635
3397084,13,8,-5,category_id,0.00013292922847875791,0.0004367193641366058
3398456,3,0,-3,category_id,7.975753708725475e-05,0.0002620316184819635
3398567,170,269,99,category_id,0.0,-0.008647043409904796
3399342,3,2,-1,category_id,2.658584569575158e-05,8.734387282732117e-05
3400167,72,79,7,category_id,0.0,-0.0006114071097912482
3401301,8,7,-1,category_id,2.658584569575158e-05,8.734387282732117e-05
3401539,2,1,-1,category_id,2.658584569575158e-05,8.734387282732117e-05
3404739,8,3,-5,category_id,0.00013292922847875791,0.0004367193641366058
3405071,23,26,3,category_id,0.0,-0.0002620316184819635
3405515,5,6,1,category_id,0.0,-8.734387282732117e-05
3407883,281,266,-15,category_id,0.0003987876854362737,0.0013101580924098175
3409341,2,7,5,category_id,0.0,-0.0004367193641366058
3409740,29,27,-2,category_id,5.317169139150316e-05,0.00017468774565464234
3410245,92,84,-8,category_id,0.00021268676556601265,0.0006987509826185693
3410573,24,26,2,category_id,0.0,-0.00017468774565464234
3410884,0,1,1,category_id,0.0,-8.734387282732117e-05
3412492,4,2,-2,category_id,5.317169139150316e-05,0.00017468774565464234
3412811,3,0,-3,category_id,7.975753708725475e-05,0.0002620316184819635
3413181,1,0,-1,category_id,2.658584569575158e-05,8.734387282732117e-05
3414763,0,1,1,category_id,0.0,-8.734387282732117e-05
3415144,143,139,-4,category_id,0.00010634338278300632,0.0003493754913092847
3415438,5,5,0,category_id,0.0,-0.0
3415505,17,25,8,category_id,0.0,-0.0006987509826185693
3415753,13,8,-5,category_id,0.00013292922847875791,0.0004367193641366058
3415881,1,2,1,category_id,0.0,-8.734387282732117e-05
3416804,22,25,3,category_id,0.0,-0.0002620316184819635
3417047,3,0,-3,category_id,7.975753708725475e-05,0.0002620316184819635
3419104,0,2,2,category_id,0.0,-0.00017468774565464234
3419760,55,49,-6,category_id,0.0001595150741745095,0.000524063236963927
3419992,4,3,-1,category_id,2.658584569575158e-05,8.734387282732117e-05
3420127,0,1,1,category_id,0.0,-8.734387282732117e-05
3421028,2,1,-1,category_id,2.658584569575158e-05,8.734387282732117e-05
3422001,100,55,-45,category_id,0.001196363056308821,0.003930474277229453
3422025,22,33,11,category_id,0.0,-0.0009607826011005328
3423253,4,3,-1,category_id,2.658584569575158e-05,8.734387282732117e-05
3425094,62,42,-20,category_id,0.0005317169139150317,0.0017468774565464233
3425243,31,30,-1,category_id,2.658584569575158e-05,8.734387282732117e-05
3425815,0,1,1,category_id,0.0,-8.734387282732117e-05
3426784,0,1,1,category_id,0.0,-8.734387282732117e-05
3427441,1,0,-1,category_id,2.658584569575158e-05,8.734387282732117e-05
3427587,4,5,1,category_id,0.0,-8.734387282732117e-05
3427691,1,0,-1,category_id,2.658584569575158e-05,8.734387282732117e-05
3427814,3,1,-2,category_id,5.317169139150316e-05,0.00017468774565464234
3428464,2,0,-2,category_id,5.317169139150316e-05,0.00017468774565464234
3428791,0,2,2,category_id,0.0,-0.00017468774565464234
3430136,1,0,-1,category_id,2.658584569575158e-05,8.734387282732117e-05
3430419,215,181,-34,category_id,0.0009039187536555537,0.0029696916761289193
3432251,1,0,-1,category_id,2.658584569575158e-05,8.734387282732117e-05
3432434,8,5,-3,category_id,7.975753708725475e-05,0.0002620316184819635
3432990,20,8,-12,category_id,0.000319030148349019,0.001048126473927854
3433325,2,1,-1,category_id,2.658584569575158e-05,8.734387282732117e-05
3434878,3,0,-3,category_id,7.975753708725475e-05,0.0002620316184819635
3435808,106,78,-28,category_id,0.0007444036794810443,0.0024456284391649926
3436852,5,2,-3,category_id,7.975753708725475e-05,0.0002620316184819635
3437401,2,1,-1,category_id,2.658584569575158e-05,8.734387282732117e-05
3437860,1,3,2,category_id,0.0,-0.00017468774565464234
3439012,404,383,-21,category_id,0.0005583027596107832,0.0018342213293737445
3440243,11,1,-10,category_id,0.00026585845695751583,0.0008734387282732116
3440715,2,1,-1,category_id,2.658584569575158e-05,8.734387282732117e-05
3441583,214,209,-5,category_id,0.00013292922847875791,0.0004367193641366058
3443560,3,1,-2,category_id,5.317169139150316e-05,0.00017468774565464234
3443662,2,2,0,category_id,0.0,-0.0
3443691,2,3,1,category_id,0.0,-8.734387282732117e-05
3445730,9,6,-3,category_id,7.975753708725475e-05,0.0002620316184819635
3446865,3,6,3,category_id,0.0,-0.0002620316184819635
3447865,1,1,0,category_id,0.0,-0.0
3448205,20,17,-3,category_id,7.975753708725475e-05,0.0002620316184819635
3448250,21,32,11,category_id,0.0,-0.0009607826011005328
3448504,4,3,-1,category_id,2.658584569575158e-05,8.734387282732117e-05
3449301,0,1,1,category_id,0.0,-8.734387282732117e-05
3449559,20,15,-5,category_id,0.00013292922847875791,0.0004367193641366058
3450589,7,2,-5,category_id,0.00013292922847875791,0.0004367193641366058
3450979,3,1,-2,category_id,5.317169139150316e-05,0.00017468774565464234
3451327,3,2,-1,category_id,2.658584569575158e-05,8.734387282732117e-05
3453741,32,23,-9,category_id,0.00023927261126176425,0.0007860948554458904
3454376,1,1,0,category_id,0.0,-0.0
3454970,47,38,-9,category_id,0.00023927261126176425,0.0007860948554458904
3455617,148,90,-58,category_id,0.0015419790503535917,0.005065944623984627
3455871,4,2,-2,category_id,5.317169139150316e-05,0.00017468774565464234
3456641,49,74,25,category_id,0.0,-0.0021835968206830292
3457718,6,9,3,category_id,0.0,-0.0002620316184819635
3458141,0,1,1,category_id,0.0,-8.734387282732117e-05
3458525,7,9,2,category_id,0.0,-0.00017468774565464234
3459125,11,28,17,category_id,0.0,-0.0014848458380644597
3459146,1,1,0,category_id,0.0,-0.0
3459562,142,120,-22,category_id,0.0005848886053065348,0.0019215652022010656
3460047,5,3,-2,category_id,5.317169139150316e-05,0.00017468774565464234
3460627,5,9,4,category_id,0.0,-0.0003493754913092847
3461081,4,12,8,category_id,0.0,-0.0006987509826185693
3461439,25,41,16,category_id,0.0,-0.0013975019652371387
3461734,27,68,41,category_id,0.0,-0.0035810987859201675
3461823,209,267,58,category_id,0.0,-0.005065944623984627
3464658,1,5,4,category_id,0.0,-0.0003493754913092847
3464786,15,5,-10,category_id,0.00026585845695751583,0.0008734387282732116
3465027,3,1,-2,category_id,5.317169139150316e-05,0.00017468774565464234
3465932,16,5,-11,category_id,0.0002924443026532674,0.0009607826011005328
3466318,15,8,-7,category_id,0.00018610091987026107,0.0006114071097912482
3467061,6,4,-2,category_id,5.317169139150316e-05,0.00017468774565464234
3467297,3,1,-2,category_id,5.317169139150316e-05,0.00017468774565464234
3467939,0,1,1,category_id,0.0,-8.734387282732117e-05
3468569,2,0,-2,category_id,5.317169139150316e-05,0.00017468774565464234
3469361,1,0,-1,category_id,2.658584569575158e-05,8.734387282732117e-05
3470850,12,11,-1,category_id,2.658584569575158e-05,8.734387282732117e-05
3471255,1,0,-1,category_id,2.658584569575158e-05,8.734387282732117e-05
3471494,1,0,-1,category_id,2.658584569575158e-05,8.734387282732117e-05
3472302,0,1,1,category_id,0.0,-8.734387282732117e-05
3473739,0,1,1,category_id,0.0,-8.734387282732117e-05
3476493,3,6,3,category_id,0.0,-0.0002620316184819635
3478346,7,8,1,category_id,0.0,-8.734387282732117e-05
3479353,7,6,-1,category_id,2.658584569575158e-05,8.734387282732117e-05
3483380,1,1,0,category_id,0.0,-0.0
3483523,6,9,3,category_id,0.0,-0.0002620316184819635
3483675,110,87,-23,category_id,0.0006114744510022864,0.002008909075028387
3487664,0,1,1,category_id,0.0,-8.734387282732117e-05
3487744,1,0,-1,category_id,2.658584569575158e-05,8.734387282732117e-05
3487909,2,0,-2,category_id,5.317169139150316e-05,0.00017468774565464234
3488278,7,8,1,category_id,0.0,-8.734387282732117e-05
3490970,38,58,20,category_id,0.0,-0.0017468774565464233
3491350,3,4,1,category_id,0.0,-8.734387282732117e-05
3494943,9,14,5,category_id,0.0,-0.0004367193641366058
3496816,26,35,9,category_id,0.0,-0.0007860948554458904
3496986,1,0,-1,category_id,2.658584569575158e-05,8.734387282732117e-05
3497174,1,2,1,category_id,0.0,-8.734387282732117e-05
3497230,61,77,16,category_id,0.0,-0.0013975019652371387
3497467,0,3,3,category_id,0.0,-0.0002620316184819635
3499323,5,14,9,category_id,0.0,-0.0007860948554458904
3500710,246,137,-109,category_id,0.0028978571808369225,0.009520482138178007
3501621,0,4,4,category_id,0.0,-0.0003493754913092847
3503604,5,3,-2,category_id,5.317169139150316e-05,0.00017468774565464234
3504022,47,44,-3,category_id,7.975753708725475e-05,0.0002620316184819635
3505098,0,1,1,category_id,0.0,-8.734387282732117e-05
3505338,36,10,-26,category_id,0.0006912319880895411,0.00227094069351035
3505582,8,6,-2,category_id,5.317169139150316e-05,0.00017468774565464234
3508256,4,4,0,category_id,0.0,-0.0
3509084,1,0,-1,category_id,2.658584569575158e-05,8.734387282732117e-05
3510379,0,2,2,category_id,0.0,-0.00017468774565464234
3510979,1,0,-1,category_id,2.658584569575158e-05,8.734387282732117e-05
3511975,1,4,3,category_id,0.0,-0.0002620316184819635
3512409,0,2,2,category_id,0.0,-0.00017468774565464234
3512820,0,1,1,category_id,0.0,-8.734387282732117e-05
3514742,2,1,-1,category_id,2.658584569575158e-05,8.734387282732117e-05
3515027,2,1,-1,category_id,2.658584569575158e-05,8.734387282732117e-05
3515249,0,2,2,category_id,0.0,-0.00017468774565464234
3519828,6,5,-1,category_id,2.658584569575158e-05,8.734387282732117e-05
3519978,27,27,0,category_id,0.0,-0.0
3521514,25,57,32,category_id,0.0,-0.0027950039304742774
3521896,11,13,2,category_id,0.0,-0.00017468774565464234
3522123,2,0,-2,category_id,5.317169139150316e-05,0.00017468774565464234
3523150,6,5,-1,category_id,2.658584569575158e-05,8.734387282732117e-05
3524510,221,235,14,category_id,0.0,-0.0012228142195824963
3527242,3,1,-2,category_id,5.317169139150316e-05,0.00017468774565464234
3528744,3,3,0,category_id,0.0,-0.0
3528894,2,1,-1,category_id,2.658584569575158e-05,8.734387282732117e-05
3530487,167,134,-33,category_id,0.0008773329079598022,0.0028823478033015984
3531700,5,4,-1,category_id,2.658584569575158e-05,8.734387282732117e-05
3532737,0,1,1,category_id,0.0,-8.734387282732117e-05
3533346,3,0,-3,category_id,7.975753708725475e-05,0.0002620316184819635
3533922,0,2,2,category_id,0.0,-0.00017468774565464234
3536601,51,45,-6,category_id,0.0001595150741745095,0.000524063236963927
3538575,7,3,-4,category_id,0.00010634338278300632,0.0003493754913092847
3538807,30,23,-7,category_id,0.00018610091987026107,0.0006114071097912482
3541690,7,8,1,category_id,0.0,-8.734387282732117e-05
3542036,1,1,0,category_id,0.0,-0.0
3544014,76,44,-32,category_id,0.0008507470622640506,0.0027950039304742774
3544253,10,4,-6,category_id,0.0001595150741745095,0.000524063236963927
3544270,1,2,1,category_id,0.0,-8.734387282732117e-05
3544478,0,1,1,category_id,0.0,-8.734387282732117e-05
3545363,0,1,1,category_id,0.0,-8.734387282732117e-05
3547172,23,26,3,category_id,0.0,-0.0002620316184819635
3547813,4,1,-3,category_id,7.975753708725475e-05,0.0002620316184819635
3549297,16,15,-1,category_id,2.658584569575158e-05,8.734387282732117e-05
3550349,2,6,4,category_id,0.0,-0.0003493754913092847
3551706,1,0,-1,category_id,2.658584569575158e-05,8.734387282732117e-05
3552091,0,1,1,category_id,0.0,-8.734387282732117e-05
3552282,0,1,1,category_id,0.0,-8.734387282732117e-05
3552736,0,1,1,category_id,0.0,-8.734387282732117e-05
3554917,25,22,-3,category_id,7.975753708725475e-05,0.0002620316184819635
3556548,9,5,-4,category_id,0.00010634338278300632,0.0003493754913092847
3556745,1,1,0,category_id,0.0,-0.0
3557365,1,0,-1,category_id,2.658584569575158e-05,8.734387282732117e-05
3558035,3,2,-1,category_id,2.658584569575158e-05,8.734387282732117e-05
3558290,6,3,-3,category_id,7.975753708725475e-05,0.0002620316184819635
3561974,22,10,-12,category_id,0.000319030148349019,0.001048126473927854
3563119,3,2,-1,category_id,2.658584569575158e-05,8.734387282732117e-05
3563906,35,35,0,category_id,0.0,-0.0
3566034,112,104,-8,category_id,0.00021268676556601265,0.0006987509826185693
3566542,16,13,-3,category_id,7.975753708725475e-05,0.0002620316184819635
3566895,15,27,12,category_id,0.0,-0.001048126473927854
3567828,18,12,-6,category_id,0.0001595150741745095,0.000524063236963927
3568839,15,8,-7,category_id,0.00018610091987026107,0.0006114071097912482
3570656,34,23,-11,category_id,0.0002924443026532674,0.0009607826011005328
3570834,28,34,6,category_id,0.0,-0.000524063236963927
3571884,13,10,-3,category_id,7.975753708725475e-05,0.0002620316184819635
3572783,5,7,2,category_id,0.0,-0.00017468774565464234
3572920,11,11,0,category_id,0.0,-0.0
3573011,3,1,-2,category_id,5.317169139150316e-05,0.00017468774565464234
3573424,2,0,-2,category_id,5.317169139150316e-05,0.00017468774565464234
3574673,2,2,0,category_id,0.0,-0.0
3575962,15,16,1,category_id,0.0,-8.734387282732117e-05
3576283,10,2,-8,category_id,0.00021268676556601265,0.0006987509826185693
3576462,0,1,1,category_id,0.0,-8.734387282732117e-05
3576652,1,2,1,category_id,0.0,-8.734387282732117e-05
3577636,98,96,-2,category_id,5.317169139150316e-05,0.00017468774565464234
3579562,1,0,-1,category_id,2.658584569575158e-05,8.734387282732117e-05
3579754,178,141,-37,category_id,0.0009836762907428085,0.003231723294610883
3580032,2,0,-2,category_id,5.317169139150316e-05,0.00017468774565464234
3582241,4,12,8,category_id,0.0,-0.0006987509826185693
3582485,28,14,-14,category_id,0.00037220183974052214,0.0012228142195824963
3586238,4,1,-3,category_id,7.975753708725475e-05,0.0002620316184819635
3586920,0,1,1,category_id,0.0,-8.734387282732117e-05
3587108,11,8,-3,category_id,7.975753708725475e-05,0.0002620316184819635
3588816,2,2,0,category_id,0.0,-0.0
3589047,0,1,1,category_id,0.0,-8.734387282732117e-05
3589833,8,10,2,category_id,0.0,-0.00017468774565464234
3590468,13,15,2,category_id,0.0,-0.00017468774565464234
3592798,9,15,6,category_id,0.0,-0.000524063236963927
3593212,1,2,1,category_id,0.0,-8.734387282732117e-05
3593457,4,2,-2,category_id,5.317169139150316e-05,0.00017468774565464234
3593794,4,1,-3,category_id,7.975753708725475e-05,0.0002620316184819635
3594090,3,8,5,category_id,0.0,-0.0004367193641366058
3595100,2,2,0,category_id,0.0,-0.0
3595399,3,0,-3,category_id,7.975753708725475e-05,0.0002620316184819635
3595500,2,2,0,category_id,0.0,-0.0
3595690,33,33,0,category_id,0.0,-0.0
3596683,5,1,-4,category_id,0.00010634338278300632,0.0003493754913092847
3597057,22,21,-1,category_id,2.658584569575158e-05,8.734387282732117e-05
3598912,936,778,-158,category_id,0.00420056361992875,0.013800331906716744
3599138,2,0,-2,category_id,5.317169139150316e-05,0.00017468774565464234
3600397,6,4,-2,category_id,5.317169139150316e-05,0.00017468774565464234
3602433,0,1,1,category_id,0.0,-8.734387282732117e-05
3604509,194,176,-18,category_id,0.0004785452225235285,0.0015721897108917809
3606606,2,3,1,category_id,0.0,-8.734387282732117e-05
3607361,1341,1206,-135,category_id,0.0035890891689264637,0.011791422831688356
3607626,11,10,-1,category_id,2.658584569575158e-05,8.734387282732117e-05
3608477,57,57,0,category_id,0.0,-0.0
3608615,0,2,2,category_id,0.0,-0.00017468774565464234
3609110,3,0,-3,category_id,7.975753708725475e-05,0.0002620316184819635
3609849,2,3,1,category_id,0.0,-8.734387282732117e-05
3610536,17,7,-10,category_id,0.00026585845695751583,0.0008734387282732116
3610789,0,1,1,category_id,0.0,-8.734387282732117e-05
3611944,0,1,1,category_id,0.0,-8.734387282732117e-05
3616520,323,236,-87,category_id,0.0023129685755303876,0.007598916935976942
3617337,22,17,-5,category_id,0.00013292922847875791,0.0004367193641366058
3618523,0,2,2,category_id,0.0,-0.00017468774565464234
3619237,5,6,1,category_id,0.0,-8.734387282732117e-05
3619575,150,158,8,category_id,0.0,-0.0006987509826185693
3620161,8,10,2,category_id,0.0,-0.00017468774565464234
3620998,3,6,3,category_id,0.0,-0.0002620316184819635
3621053,1,0,-1,category_id,2.658584569575158e-05,8.734387282732117e-05
3621778,16,15,-1,category_id,2.658584569575158e-05,8.734387282732117e-05
3623883,5,1,-4,category_id,0.00010634338278300632,0.0003493754913092847
3624267,3,3,0,category_id,0.0,-0.0
3624696,298,352,54,category_id,0.0,-0.004716569132675343
3626061,0,1,1,category_id,0.0,-8.734387282732117e-05
3626221,1,1,0,category_id,0.0,-0.0
3626786,1,1,0,category_id,0.0,-0.0
3627351,98,111,13,category_id,0.0,-0.001135470346755175
3627665,2,2,0,category_id,0.0,-0.0
3628283,1,0,-1,category_id,2.658584569575158e-05,8.734387282732117e-05
3628508,20,13,-7,category_id,0.00018610091987026107,0.0006114071097912482
3630197,4,5,1,category_id,0.0,-8.734387282732117e-05
3631430,0,2,2,category_id,0.0,-0.00017468774565464234
3632786,53,42,-11,category_id,0.0002924443026532674,0.0009607826011005328
3635345,3,1,-2,category_id,5.317169139150316e-05,0.00017468774565464234
3635558,8,14,6,category_id,0.0,-0.000524063236963927
3637084,265,199,-66,category_id,0.0017546658159196043,0.005764695606603197
3637176,2,2,0,category_id,0.0,-0.0
3639576,19,13,-6,category_id,0.0001595150741745095,0.000524063236963927
3641324,10,12,2,category_id,0.0,-0.00017468774565464234
3641399,1,5,4,category_id,0.0,-0.0003493754913092847
3645362,648,615,-33,category_id,0.0008773329079598022,0.0028823478033015984
3645611,3,3,0,category_id,0.0,-0.0
3645620,1,1,0,category_id,0.0,-0.0
3646615,0,1,1,category_id,0.0,-8.734387282732117e-05
3647233,3,9,6,category_id,0.0,-0.000524063236963927
3647870,6,3,-3,category_id,7.975753708725475e-05,0.0002620316184819635
3648733,65,66,1,category_id,0.0,-8.734387282732117e-05
3652646,7,7,0,category_id,0.0,-0.0
3653910,43,30,-13,category_id,0.00034561599404477056,0.001135470346755175
3654707,8,4,-4,category_id,0.00010634338278300632,0.0003493754913092847
3661575,9,4,-5,category_id,0.00013292922847875791,0.0004367193641366058
3662596,9,17,8,category_id,0.0,-0.0006987509826185693
3663224,7,4,-3,category_id,7.975753708725475e-05,0.0002620316184819635
3664107,189,189,0,category_id,0.0,-0.0
3665133,0,1,1,category_id,0.0,-8.734387282732117e-05
3666135,21,16,-5,category_id,0.00013292922847875791,0.0004367193641366058
3667321,58,56,-2,category_id,5.317169139150316e-05,0.00017468774565464234
3669044,389,402,13,category_id,0.0,-0.001135470346755175
3670457,0,2,2,category_id,0.0,-0.00017468774565464234
3672452,54,57,3,category_id,0.0,-0.0002620316184819635
3673049,90,100,10,category_id,0.0,-0.0008734387282732116
3673501,195,257,62,category_id,0.0,-0.005415320115293912
3674154,9,13,4,category_id,0.0,-0.0003493754913092847
3674869,2,3,1,category_id,0.0,-8.734387282732117e-05
3675151,4,0,-4,category_id,0.00010634338278300632,0.0003493754913092847
3675758,44,37,-7,category_id,0.00018610091987026107,0.0006114071097912482
3677368,1,0,-1,category_id,2.658584569575158e-05,8.734387282732117e-05
3677569,1,1,0,category_id,0.0,-0.0
3677677,1,0,-1,category_id,2.658584569575158e-05,8.734387282732117e-05
3679635,2,0,-2,category_id,5.317169139150316e-05,0.00017468774565464234
3679920,31,34,3,category_id,0.0,-0.0002620316184819635
3680035,11,8,-3,category_id,7.975753708725475e-05,0.0002620316184819635
3681567,4,1,-3,category_id,7.975753708725475e-05,0.0002620316184819635
3681810,47,46,-1,category_id,2.658584569575158e-05,8.734387282732117e-05
3681960,1,0,-1,category_id,2.658584569575158e-05,8.734387282732117e-05
3682757,23,10,-13,category_id,0.00034561599404477056,0.001135470346755175
3683798,4,5,1,category_id,0.0,-8.734387282732117e-05
3685111,1,0,-1,category_id,2.658584569575158e-05,8.734387282732117e-05
3692903,8,15,7,category_id,0.0,-0.0006114071097912482
3692944,13,12,-1,category_id,2.658584569575158e-05,8.734387282732117e-05
3693205,2,7,5,category_id,0.0,-0.0004367193641366058
3694486,22,18,-4,category_id,0.00010634338278300632,0.0003493754913092847
3694648,8,17,9,category_id,0.0,-0.0007860948554458904
3695050,120,103,-17,category_id,0.00045195937682777687,0.0014848458380644597
3695230,1,0,-1,category_id,2.658584569575158e-05,8.734387282732117e-05
3695273,5,2,-3,category_id,7.975753708725475e-05,0.0002620316184819635
3695506,7,1,-6,category_id,0.0001595150741745095,0.000524063236963927
3697278,1,0,-1,category_id,2.658584569575158e-05,8.734387282732117e-05
3697561,3,7,4,category_id,0.0,-0.0003493754913092847
3697658,22,12,-10,category_id,0.00026585845695751583,0.0008734387282732116
3700191,4,4,0,category_id,0.0,-0.0
3701453,0,1,1,category_id,0.0,-8.734387282732117e-05
3701839,1,7,6,category_id,0.0,-0.000524063236963927
3702593,272,317,45,category_id,0.0,-0.003930474277229453
3703129,6,5,-1,category_id,2.658584569575158e-05,8.734387282732117e-05
3703137,1,0,-1,category_id,2.658584569575158e-05,8.734387282732117e-05
3703335,1,0,-1,category_id,2.658584569575158e-05,8.734387282732117e-05
3704829,3,1,-2,category_id,5.317169139150316e-05,0.00017468774565464234
3706169,16,14,-2,category_id,5.317169139150316e-05,0.00017468774565464234
3706262,4,6,2,category_id,0.0,-0.00017468774565464234
3707269,0,1,1,category_id,0.0,-8.734387282732117e-05
3707414,0,1,1,category_id,0.0,-8.734387282732117e-05
3708413,4,11,7,category_id,0.0,-0.0006114071097912482
3708707,2,7,5,category_id,0.0,-0.0004367193641366058
3709037,17,20,3,category_id,0.0,-0.0002620316184819635
3710855,1,0,-1,category_id,2.658584569575158e-05,8.734387282732117e-05
3711641,24,30,6,category_id,0.0,-0.000524063236963927
3712511,6,4,-2,category_id,5.317169139150316e-05,0.00017468774565464234
3713246,0,4,4,category_id,0.0,-0.0003493754913092847
3715096,43,10,-33,category_id,0.0008773329079598022,0.0028823478033015984
3715287,1,0,-1,category_id,2.658584569575158e-05,8.734387282732117e-05
3715529,101,122,21,category_id,0.0,-0.0018342213293737445
3715755,11,3,-8,category_id,0.00021268676556601265,0.0006987509826185693
3716034,1,0,-1,category_id,2.658584569575158e-05,8.734387282732117e-05
3717634,6,6,0,category_id,0.0,-0.0
3717662,3,4,1,category_id,0.0,-8.734387282732117e-05
3720155,1,3,2,category_id,0.0,-0.00017468774565464234
3720767,286,262,-24,category_id,0.000638060296698038,0.002096252947855708
3721625,1,1,0,category_id,0.0,-0.0
3724091,88,85,-3,category_id,7.975753708725475e-05,0.0002620316184819635
3726582,0,3,3,category_id,0.0,-0.0002620316184819635
3727100,4,5,1,category_id,0.0,-8.734387282732117e-05
3727860,1,0,-1,category_id,2.658584569575158e-05,8.734387282732117e-05
3729292,26,31,5,category_id,0.0,-0.0004367193641366058
3729801,8,2,-6,category_id,0.0001595150741745095,0.000524063236963927
3730378,76,72,-4,category_id,0.00010634338278300632,0.0003493754913092847
3731413,4,3,-1,category_id,2.658584569575158e-05,8.734387282732117e-05
3731630,10,2,-8,category_id,0.00021268676556601265,0.0006987509826185693
3731995,8,11,3,category_id,0.0,-0.0002620316184819635
3732988,1,2,1,category_id,0.0,-8.734387282732117e-05
3733757,1,0,-1,category_id,2.658584569575158e-05,8.734387282732117e-05
3733874,4,12,8,category_id,0.0,-0.0006987509826185693
3734231,2,1,-1,category_id,2.658584569575158e-05,8.734387282732117e-05
3735942,76,35,-41,category_id,0.0010900196735258148,0.0035810987859201675
3736158,2,6,4,category_id,0.0,-0.0003493754913092847
3736316,146,214,68,category_id,0.0,-0.005939383352257839
3736936,14,18,4,category_id,0.0,-0.0003493754913092847
3737607,2,2,0,category_id,0.0,-0.0
3738615,1157,985,-172,category_id,0.004572765459669272,0.01502314612629924
3739206,19,14,-5,category_id,0.00013292922847875791,0.0004367193641366058
3739450,0,2,2,category_id,0.0,-0.00017468774565464234
3740075,4,18,14,category_id,0.0,-0.0012228142195824963
3740459,198,175,-23,category_id,0.0006114744510022864,0.002008909075028387
3740731,0,1,1,category_id,0.0,-8.734387282732117e-05
3741236,14,10,-4,category_id,0.00010634338278300632,0.0003493754913092847
3742254,1,3,2,category_id,0.0,-0.00017468774565464234
3742652,71,80,9,category_id,0.0,-0.0007860948554458904
3743261,0,2,2,category_id,0.0,-0.00017468774565464234
3744190,39,29,-10,category_id,0.00026585845695751583,0.0008734387282732116
3745602,7,1,-6,category_id,0.0001595150741745095,0.000524063236963927
3745824,12,8,-4,category_id,0.00010634338278300632,0.0003493754913092847
3745980,29,15,-14,category_id,0.00037220183974052214,0.0012228142195824963
3747017,683,580,-103,category_id,0.002738342106662413,0.00899641890121408
3747051,0,1,1,category_id,0.0,-8.734387282732117e-05
3747517,10,20,10,category_id,0.0,-0.0008734387282732116
3747586,20,20,0,category_id,0.0,-0.0
3747679,7,22,15,category_id,0.0,-0.0013101580924098175
3748100,20,15,-5,category_id,0.00013292922847875791,0.0004367193641366058
3749027,9,6,-3,category_id,7.975753708725475e-05,0.0002620316184819635
3749075,2,1,-1,category_id,2.658584569575158e-05,8.734387282732117e-05
3749412,31,19,-12,category_id,0.000319030148349019,0.001048126473927854
3751309,3,3,0,category_id,0.0,-0.0
3751366,2,4,2,category_id,0.0,-0.00017468774565464234
3752350,0,1,1,category_id,0.0,-8.734387282732117e-05
3753279,4,11,7,category_id,0.0,-0.0006114071097912482
3753684,3,2,-1,category_id,2.658584569575158e-05,8.734387282732117e-05
3754527,12,14,2,category_id,0.0,-0.00017468774565464234
3754679,22,13,-9,category_id,0.00023927261126176425,0.0007860948554458904
3755957,1,1,0,category_id,0.0,-0.0
3756425,2,1,-1,category_id,2.658584569575158e-05,8.734387282732117e-05
3756841,4,15,11,category_id,0.0,-0.0009607826011005328
3757194,1,2,1,category_id,0.0,-8.734387282732117e-05
3757435,13,21,8,category_id,0.0,-0.0006987509826185693
3757834,5,6,1,category_id,0.0,-8.734387282732117e-05
3758209,35,25,-10,category_id,0.00026585845695751583,0.0008734387282732116
3758226,53,44,-9,category_id,0.00023927261126176425,0.0007860948554458904
3758834,7,3,-4,category_id,0.00010634338278300632,0.0003493754913092847
3759918,37,45,8,category_id,0.0,-0.0006987509826185693
3761180,15,13,-2,category_id,5.317169139150316e-05,0.00017468774565464234
3763517,3,8,5,category_id,0.0,-0.0004367193641366058
3767409,127,123,-4,category_id,0.00010634338278300632,0.0003493754913092847
3768664,47,58,11,category_id,0.0,-0.0009607826011005328
3769292,2,5,3,category_id,0.0,-0.0002620316184819635
3769517,1,0,-1,category_id,2.658584569575158e-05,8.734387282732117e-05
3769928,2,7,5,category_id,0.0,-0.0004367193641366058
3770161,4,1,-3,category_id,7.975753708725475e-05,0.0002620316184819635
3770700,8,15,7,category_id,0.0,-0.0006114071097912482
3771608,2,3,1,category_id,0.0,-8.734387282732117e-05
3772122,9,3,-6,category_id,0.0001595150741745095,0.000524063236963927
3773865,2,5,3,category_id,0.0,-0.0002620316184819635
3774119,2,3,1,category_id,0.0,-8.734387282732117e-05
3774354,1,2,1,category_id,0.0,-8.734387282732117e-05
3774512,205,207,2,category_id,0.0,-0.00017468774565464234
3774999,1,0,-1,category_id,2.658584569575158e-05,8.734387282732117e-05
3775826,1,1,0,category_id,0.0,-0.0
3776866,1189,900,-289,category_id,0.007683309406072207,0.025242379247095815
3776999,28,30,2,category_id,0.0,-0.00017468774565464234
3777010,6,6,0,category_id,0.0,-0.0
3777112,10,17,7,category_id,0.0,-0.0006114071097912482
3778757,3,0,-3,category_id,7.975753708725475e-05,0.0002620316184819635
3778921,2,4,2,category_id,0.0,-0.00017468774565464234
3779369,92,68,-24,category_id,0.000638060296698038,0.002096252947855708
3779986,29,36,7,category_id,0.0,-0.0006114071097912482
3780203,27,13,-14,category_id,0.00037220183974052214,0.0012228142195824963
3780321,0,2,2,category_id,0.0,-0.00017468774565464234
3780598,5,2,-3,category_id,7.975753708725475e-05,0.0002620316184819635
3781293,1,0,-1,category_id,2.658584569575158e-05,8.734387282732117e-05
3781390,16,11,-5,category_id,0.00013292922847875791,0.0004367193641366058
3783852,3,7,4,category_id,0.0,-0.0003493754913092847
3783926,4,2,-2,category_id,5.317169139150316e-05,0.00017468774565464234
3785061,0,1,1,category_id,0.0,-8.734387282732117e-05
3786139,1,0,-1,category_id,2.658584569575158e-05,8.734387282732117e-05
3786362,6,6,0,category_id,0.0,-0.0
3787157,29,21,-8,category_id,0.00021268676556601265,0.0006987509826185693
3787562,1,0,-1,category_id,2.658584569575158e-05,8.734387282732117e-05
3788576,23,27,4,category_id,0.0,-0.0003493754913092847
3789342,27,21,-6,category_id,0.0001595150741745095,0.000524063236963927
3789709,0,1,1,category_id,0.0,-8.734387282732117e-05
3790162,30,13,-17,category_id,0.00045195937682777687,0.0014848458380644597
3790396,25,29,4,category_id,0.0,-0.0003493754913092847
3791692,7,7,0,category_id,0.0,-0.0
3791831,33,31,-2,category_id,5.317169139150316e-05,0.00017468774565464234
3791863,1,2,1,category_id,0.0,-8.734387282732117e-05
3792077,1,0,-1,category_id,2.658584569575158e-05,8.734387282732117e-05
3793843,8,2,-6,category_id,0.0001595150741745095,0.000524063236963927
3794706,91,49,-42,category_id,0.0011166055192215665,0.003668442658747489
3794880,9,4,-5,category_id,0.00013292922847875791,0.0004367193641366058
3795193,10,6,-4,category_id,0.00010634338278300632,0.0003493754913092847
3795317,1,3,2,category_id,0.0,-0.00017468774565464234
3795340,27,15,-12,category_id,0.000319030148349019,0.001048126473927854
3796207,44,52,8,category_id,0.0,-0.0006987509826185693
3796606,8,3,-5,category_id,0.00013292922847875791,0.0004367193641366058
3797203,26,35,9,category_id,0.0,-0.0007860948554458904
3800818,106,112,6,category_id,0.0,-0.000524063236963927
3802074,0,1,1,category_id,0.0,-8.734387282732117e-05
3802530,2,0,-2,category_id,5.317169139150316e-05,0.00017468774565464234
3803127,5,4,-1,category_id,2.658584569575158e-05,8.734387282732117e-05
3805065,42,34,-8,category_id,0.00021268676556601265,0.0006987509826185693
3805690,0,1,1,category_id,0.0,-8.734387282732117e-05
3806436,2,2,0,category_id,0.0,-0.0
3807068,21,22,1,category_id,0.0,-8.734387282732117e-05
3807763,47,32,-15,category_id,0.0003987876854362737,0.0013101580924098175
3808001,0,1,1,category_id,0.0,-8.734387282732117e-05
3809593,1,4,3,category_id,0.0,-0.0002620316184819635
3809976,4,5,1,category_id,0.0,-8.734387282732117e-05
3810222,1,1,0,category_id,0.0,-0.0
3812262,1,1,0,category_id,0.0,-0.0
3812513,1,0,-1,category_id,2.658584569575158e-05,8.734387282732117e-05
3813272,3,3,0,category_id,0.0,-0.0
3813391,0,1,1,category_id,0.0,-8.734387282732117e-05
3813713,2,1,-1,category_id,2.658584569575158e-05,8.734387282732117e-05
3814016,30,65,35,category_id,0.0,-0.0030570355489562408
3814171,14,15,1,category_id,0.0,-8.734387282732117e-05
3815870,9,10,1,category_id,0.0,-8.734387282732117e-05
3816918,3,8,5,category_id,0.0,-0.0004367193641366058
3817036,17,18,1,category_id,0.0,-8.734387282732117e-05
3817434,13,6,-7,category_id,0.00018610091987026107,0.0006114071097912482
3818023,6,8,2,category_id,0.0,-0.00017468774565464234
3818081,4,3,-1,category_id,2.658584569575158e-05,8.734387282732117e-05
3818487,4,7,3,category_id,0.0,-0.0002620316184819635
3819363,16,12,-4,category_id,0.00010634338278300632,0.0003493754913092847
3820436,2,2,0,category_id,0.0,-0.0
3820516,0,1,1,category_id,0.0,-8.734387282732117e-05
3822090,14,7,-7,category_id,0.00018610091987026107,0.0006114071097912482
3822453,6,1,-5,category_id,0.00013292922847875791,0.0004367193641366058
3822927,1,4,3,category_id,0.0,-0.0002620316184819635
3825280,7,16,9,category_id,0.0,-0.0007860948554458904
3825436,24,13,-11,category_id,0.0002924443026532674,0.0009607826011005328
3825580,1,1,0,category_id,0.0,-0.0
3825930,2,1,-1,category_id,2.658584569575158e-05,8.734387282732117e-05
3826089,12,20,8,category_id,0.0,-0.0006987509826185693
3827546,4,10,6,category_id,0.0,-0.000524063236963927
3827944,3,2,-1,category_id,2.658584569575158e-05,8.734387282732117e-05
3829421,69,73,4,category_id,0.0,-0.0003493754913092847
3829496,5,1,-4,category_id,0.00010634338278300632,0.0003493754913092847
3829657,26,44,18,category_id,0.0,-0.0015721897108917809
3831339,1,0,-1,category_id,2.658584569575158e-05,8.734387282732117e-05
3832689,4,8,4,category_id,0.0,-0.0003493754913092847
3832749,10,9,-1,category_id,2.658584569575158e-05,8.734387282732117e-05
3833305,1,0,-1,category_id,2.658584569575158e-05,8.734387282732117e-05
3833754,39,21,-18,category_id,0.0004785452225235285,0.0015721897108917809
3833912,13,9,-4,category_id,0.00010634338278300632,0.0003493754913092847
3834430,2,2,0,category_id,0.0,-0.0
3834955,15,13,-2,category_id,5.317169139150316e-05,0.00017468774565464234
3835102,0,1,1,category_id,0.0,-8.734387282732117e-05
3835723,14,18,4,category_id,0.0,-0.0003493754913092847
3836451,111,83,-28,category_id,0.0007444036794810443,0.0024456284391649926
3838044,0,1,1,category_id,0.0,-8.734387282732117e-05
3839011,1,2,1,category_id,0.0,-8.734387282732117e-05
3839657,0,3,3,category_id,0.0,-0.0002620316184819635
3840905,22,16,-6,category_id,0.0001595150741745095,0.000524063236963927
3841239,5,3,-2,category_id,5.317169139150316e-05,0.00017468774565464234
3842534,0,1,1,category_id,0.0,-8.734387282732117e-05
3843209,8,7,-1,category_id,2.658584569575158e-05,8.734387282732117e-05
3844144,167,294,127,category_id,0.0,-0.011092671849069789
3844851,3,0,-3,category_id,7.975753708725475e-05,0.0002620316184819635
3845884,2,1,-1,category_id,2.658584569575158e-05,8.734387282732117e-05
3846119,0,5,5,category_id,0.0,-0.0004367193641366058
3848874,9,7,-2,category_id,5.317169139150316e-05,0.00017468774565464234
3848953,255,226,-29,category_id,0.0007709895251767959,0.0025329723119923136
3849096,55,49,-6,category_id,0.0001595150741745095,0.000524063236963927
3850614,27,38,11,category_id,0.0,-0.0009607826011005328
3850855,2,1,-1,category_id,2.658584569575158e-05,8.734387282732117e-05
3851390,0,1,1,category_id,0.0,-8.734387282732117e-05
3852520,11,10,-1,category_id,2.658584569575158e-05,8.734387282732117e-05
3854606,0,3,3,category_id,0.0,-0.0002620316184819635
3855599,66,49,-17,category_id,0.00045195937682777687,0.0014848458380644597
3857308,1,0,-1,category_id,2.658584569575158e-05,8.734387282732117e-05
3858594,1,0,-1,category_id,2.658584569575158e-05,8.734387282732117e-05
3859384,4,4,0,category_id,0.0,-0.0
3860845,175,158,-17,category_id,0.00045195937682777687,0.0014848458380644597
3862122,13,14,1,category_id,0.0,-8.734387282732117e-05
3862356,1,0,-1,category_id,2.658584569575158e-05,8.734387282732117e-05
3864227,2,4,2,category_id,0.0,-0.00017468774565464234
3864364,41,53,12,category_id,0.0,-0.001048126473927854
3865394,1,0,-1,category_id,2.658584569575158e-05,8.734387282732117e-05
3865465,63,40,-23,category_id,0.0006114744510022864,0.002008909075028387
3866121,7,4,-3,category_id,7.975753708725475e-05,0.0002620316184819635
3866248,13,7,-6,category_id,0.0001595150741745095,0.000524063236963927
3867633,30,21,-9,category_id,0.00023927261126176425,0.0007860948554458904
3869946,1,0,-1,category_id,2.658584569575158e-05,8.734387282732117e-05
3870839,26,27,1,category_id,0.0,-8.734387282732117e-05
3872841,0,1,1,category_id,0.0,-8.734387282732117e-05
3873094,1,0,-1,category_id,2.658584569575158e-05,8.734387282732117e-05
3873465,4,1,-3,category_id,7.975753708725475e-05,0.0002620316184819635
3874527,16,18,2,category_id,0.0,-0.00017468774565464234
3876855,4,5,1,category_id,0.0,-8.734387282732117e-05
3877257,1,3,2,category_id,0.0,-0.00017468774565464234
3879225,42,41,-1,category_id,2.658584569575158e-05,8.734387282732117e-05
3879308,168,173,5,category_id,0.0,-0.0004367193641366058
3879559,19,17,-2,category_id,5.317169139150316e-05,0.00017468774565464234
3880080,0,1,1,category_id,0.0,-8.734387282732117e-05
3880463,317,293,-24,category_id,0.000638060296698038,0.002096252947855708
3881189,0,2,2,category_id,0.0,-0.00017468774565464234
3882159,5,0,-5,category_id,0.00013292922847875791,0.0004367193641366058
3882202,16,11,-5,category_id,0.00013292922847875791,0.0004367193641366058
3882401,10,10,0,category_id,0.0,-0.0
3882728,0,5,5,category_id,0.0,-0.0004367193641366058
3883310,24,25,1,category_id,0.0,-8.734387282732117e-05
3883457,10,5,-5,category_id,0.00013292922847875791,0.0004367193641366058
3884119,54,53,-1,category_id,2.658584569575158e-05,8.734387282732117e-05
3885598,16,17,1,category_id,0.0,-8.734387282732117e-05
3886822,31,45,14,category_id,0.0,-0.0012228142195824963
3888030,19,4,-15,category_id,0.0003987876854362737,0.0013101580924098175
3889118,0,2,2,category_id,0.0,-0.00017468774565464234
3890915,22,12,-10,category_id,0.00026585845695751583,0.0008734387282732116
3891335,2,3,1,category_id,0.0,-8.734387282732117e-05
3893658,2,0,-2,category_id,5.317169139150316e-05,0.00017468774565464234
3893770,0,2,2,category_id,0.0,-0.00017468774565464234
3895144,1,1,0,category_id,0.0,-0.0
3895188,3,2,-1,category_id,2.658584569575158e-05,8.734387282732117e-05
3896013,2,2,0,category_id,0.0,-0.0
3897299,34,43,9,category_id,0.0,-0.0007860948554458904
3897386,61,52,-9,category_id,0.00023927261126176425,0.0007860948554458904
3898483,309,310,1,category_id,0.0,-8.734387282732117e-05
3900668,38,43,5,category_id,0.0,-0.0004367193641366058
3901193,131,123,-8,category_id,0.00021268676556601265,0.0006987509826185693
3901339,12,14,2,category_id,0.0,-0.00017468774565464234
3901971,0,2,2,category_id,0.0,-0.00017468774565464234
3902231,39,93,54,category_id,0.0,-0.004716569132675343
3903234,2,7,5,category_id,0.0,-0.0004367193641366058
3904106,104,65,-39,category_id,0.0010368479821343116,0.0034064110402655255
3905335,1,0,-1,category_id,2.658584569575158e-05,8.734387282732117e-05
3906242,2,2,0,category_id,0.0,-0.0
3907728,0,1,1,category_id,0.0,-8.734387282732117e-05
3909718,24,25,1,category_id,0.0,-8.734387282732117e-05
3910741,2,2,0,category_id,0.0,-0.0
3911423,9,3,-6,category_id,0.0001595150741745095,0.000524063236963927
3912910,102,86,-16,category_id,0.0004253735311320253,0.0013975019652371387
3912944,1,0,-1,category_id,2.658584569575158e-05,8.734387282732117e-05
3913141,54,42,-12,category_id,0.000319030148349019,0.001048126473927854
3913749,1,0,-1,category_id,2.658584569575158e-05,8.734387282732117e-05
3915471,1,0,-1,category_id,2.658584569575158e-05,8.734387282732117e-05
3916967,46,34,-12,category_id,0.000319030148349019,0.001048126473927854
3917559,5,6,1,category_id,0.0,-8.734387282732117e-05
3917816,0,1,1,category_id,0.0,-8.734387282732117e-05
3917972,31,34,3,category_id,0.0,-0.0002620316184819635
3919304,24,25,1,category_id,0.0,-8.734387282732117e-05
3920188,4,6,2,category_id,0.0,-0.00017468774565464234
3920794,5,3,-2,category_id,5.317169139150316e-05,0.00017468774565464234
3920939,0,2,2,category_id,0.0,-0.00017468774565464234
3921179,0,1,1,category_id,0.0,-8.734387282732117e-05
3922126,60,53,-7,category_id,0.00018610091987026107,0.0006114071097912482
3922526,14,17,3,category_id,0.0,-0.0002620316184819635
3923569,5,2,-3,category_id,7.975753708725475e-05,0.0002620316184819635
3924783,68,54,-14,category_id,0.00037220183974052214,0.0012228142195824963
3926800,15,22,7,category_id,0.0,-0.0006114071097912482
3929393,1,2,1,category_id,0.0,-8.734387282732117e-05
3931187,0,6,6,category_id,0.0,-0.000524063236963927
3933554,62,53,-9,category_id,0.00023927261126176425,0.0007860948554458904
3934761,4,3,-1,category_id,2.658584569575158e-05,8.734387282732117e-05
3935164,15,7,-8,category_id,0.00021268676556601265,0.0006987509826185693
3935940,54,56,2,category_id,0.0,-0.00017468774565464234
3937192,57,32,-25,category_id,0.0006646461423937895,0.0021835968206830292
3937814,18,25,7,category_id,0.0,-0.0006114071097912482
3937919,3,1,-2,category_id,5.317169139150316e-05,0.00017468774565464234
3938045,26,19,-7,category_id,0.00018610091987026107,0.0006114071097912482
3940193,17,26,9,category_id,0.0,-0.0007860948554458904
3940352,14,10,-4,category_id,0.00010634338278300632,0.0003493754913092847
3941877,11,12,1,category_id,0.0,-8.734387282732117e-05
3942794,0,2,2,category_id,0.0,-0.00017468774565464234
3944254,3,11,8,category_id,0.0,-0.0006987509826185693
3944885,40,27,-13,category_id,0.00034561599404477056,0.001135470346755175
3945026,1,0,-1,category_id,2.658584569575158e-05,8.734387282732117e-05
3946180,1,0,-1,category_id,2.658584569575158e-05,8.734387282732117e-05
3946580,2,0,-2,category_id,5.317169139150316e-05,0.00017468774565464234
3947069,6,8,2,category_id,0.0,-0.00017468774565464234
3947630,17,12,-5,category_id,0.00013292922847875791,0.0004367193641366058
3947859,29,16,-13,category_id,0.00034561599404477056,0.001135470346755175
3950077,13,11,-2,category_id,5.317169139150316e-05,0.00017468774565464234
3951473,1,0,-1,category_id,2.658584569575158e-05,8.734387282732117e-05
3952744,67,49,-18,category_id,0.0004785452225235285,0.0015721897108917809
3953096,5,0,-5,category_id,0.00013292922847875791,0.0004367193641366058
3953647,40,50,10,category_id,0.0,-0.0008734387282732116
3955430,1,0,-1,category_id,2.658584569575158e-05,8.734387282732117e-05
3956037,0,2,2,category_id,0.0,-0.00017468774565464234
3957883,19,12,-7,category_id,0.00018610091987026107,0.0006114071097912482
3958932,3,2,-1,category_id,2.658584569575158e-05,8.734387282732117e-05
3962527,5,3,-2,category_id,5.317169139150316e-05,0.00017468774565464234
3962843,114,144,30,category_id,0.0,-0.002620316184819635
3962993,2,0,-2,category_id,5.317169139150316e-05,0.00017468774565464234
3963773,5,6,1,category_id,0.0,-8.734387282732117e-05
3964146,1,2,1,category_id,0.0,-8.734387282732117e-05
3964371,0,1,1,category_id,0.0,-8.734387282732117e-05
3967525,3,2,-1,category_id,2.658584569575158e-05,8.734387282732117e-05
3970251,1,0,-1,category_id,2.658584569575158e-05,8.734387282732117e-05
3971478,2,1,-1,category_id,2.658584569575158e-05,8.734387282732117e-05
3972128,2,3,1,category_id,0.0,-8.734387282732117e-05
3973395,102,82,-20,category_id,0.0005317169139150317,0.0017468774565464233
3974031,6,8,2,category_id,0.0,-0.00017468774565464234
3975200,1,1,0,category_id,0.0,-0.0
3975787,408,405,-3,category_id,7.975753708725475e-05,0.0002620316184819635
3976816,4,0,-4,category_id,0.00010634338278300632,0.0003493754913092847
3978346,2,2,0,category_id,0.0,-0.0
3978441,2,2,0,category_id,0.0,-0.0
3978995,1,0,-1,category_id,2.658584569575158e-05,8.734387282732117e-05
3979081,5,3,-2,category_id,5.317169139150316e-05,0.00017468774565464234
3980291,6,8,2,category_id,0.0,-0.00017468774565464234
3980838,1,3,2,category_id,0.0,-0.00017468774565464234
3980900,88,43,-45,category_id,0.001196363056308821,0.003930474277229453
3981352,2,0,-2,category_id,5.317169139150316e-05,0.00017468774565464234
3981531,15,17,2,category_id,0.0,-0.00017468774565464234
3982336,11,8,-3,category_id,7.975753708725475e-05,0.0002620316184819635
3982447,2,0,-2,category_id,5.317169139150316e-05,0.00017468774565464234
3982609,0,3,3,category_id,0.0,-0.0002620316184819635
3983377,0,1,1,category_id,0.0,-8.734387282732117e-05
3983988,2,3,1,category_id,0.0,-8.734387282732117e-05
3985369,0,2,2,category_id,0.0,-0.00017468774565464234
3985474,31,26,-5,category_id,0.00013292922847875791,0.0004367193641366058
3985610,150,96,-54,category_id,0.0014356356675705854,0.004716569132675343
3986479,0,1,1,category_id,0.0,-8.734387282732117e-05
3987097,3,5,2,category_id,0.0,-0.00017468774565464234
3988134,0,1,1,category_id,0.0,-8.734387282732117e-05
3988258,31,11,-20,category_id,0.0005317169139150317,0.0017468774565464233
3989372,4,2,-2,category_id,5.317169139150316e-05,0.00017468774565464234
3989777,2,0,-2,category_id,5.317169139150316e-05,0.00017468774565464234
3990760,2,4,2,category_id,0.0,-0.00017468774565464234
3991166,8,2,-6,category_id,0.0001595150741745095,0.000524063236963927
3991658,2,1,-1,category_id,2.658584569575158e-05,8.734387282732117e-05
3993644,96,86,-10,category_id,0.00026585845695751583,0.0008734387282732116
3995452,66,115,49,category_id,0.0,-0.004279849768538737
3995818,30,45,15,category_id,0.0,-0.0013101580924098175
3998373,2,3,1,category_id,0.0,-8.734387282732117e-05
3998581,1,4,3,category_id,0.0,-0.0002620316184819635
3999977,137,91,-46,category_id,0.0012229489020045728,0.004017818150056774
4000233,1,1,0,category_id,0.0,-0.0
4003338,1,0,-1,category_id,2.658584569575158e-05,8.734387282732117e-05
4003886,18,16,-2,category_id,5.317169139150316e-05,0.00017468774565464234
4003932,63,75,12,category_id,0.0,-0.001048126473927854
4004564,13,7,-6,category_id,0.0001595150741745095,0.000524063236963927
4006013,103,139,36,category_id,0.0,-0.0031443794217835617
4006644,63,28,-35,category_id,0.0009305045993513053,0.0030570355489562408
4007123,16,13,-3,category_id,7.975753708725475e-05,0.0002620316184819635
4007973,1,0,-1,category_id,2.658584569575158e-05,8.734387282732117e-05
4009158,0,1,1,category_id,0.0,-8.734387282732117e-05
4009988,1,0,-1,category_id,2.658584569575158e-05,8.734387282732117e-05
4011278,45,41,-4,category_id,0.00010634338278300632,0.0003493754913092847
4014446,3,5,2,category_id,0.0,-0.00017468774565464234
4015257,51,47,-4,category_id,0.00010634338278300632,0.0003493754913092847
4015820,162,168,6,category_id,0.0,-0.000524063236963927
4017084,7,2,-5,category_id,0.00013292922847875791,0.0004367193641366058
4017197,4,3,-1,category_id,2.658584569575158e-05,8.734387282732117e-05
4017881,0,2,2,category_id,0.0,-0.00017468774565464234
4018452,16,14,-2,category_id,5.317169139150316e-05,0.00017468774565464234
4018900,19,31,12,category_id,0.0,-0.001048126473927854
4019142,0,4,4,category_id,0.0,-0.0003493754913092847
4019270,0,1,1,category_id,0.0,-8.734387282732117e-05
4021638,4,8,4,category_id,0.0,-0.0003493754913092847
4022701,404,358,-46,category_id,0.0012229489020045728,0.004017818150056774
4023718,1,0,-1,category_id,2.658584569575158e-05,8.734387282732117e-05
4024494,0,1,1,category_id,0.0,-8.734387282732117e-05
4024676,2,1,-1,category_id,2.658584569575158e-05,8.734387282732117e-05
4026111,0,4,4,category_id,0.0,-0.0003493754913092847
4027003,18,17,-1,category_id,2.658584569575158e-05,8.734387282732117e-05
4031743,0,2,2,category_id,0.0,-0.00017468774565464234
4032007,2,2,0,category_id,0.0,-0.0
4032951,7,2,-5,category_id,0.00013292922847875791,0.0004367193641366058
4035271,3,2,-1,category_id,2.658584569575158e-05,8.734387282732117e-05
4036269,3,7,4,category_id,0.0,-0.0003493754913092847
4036672,3,4,1,category_id,0.0,-8.734387282732117e-05
4038480,3,4,1,category_id,0.0,-8.734387282732117e-05
4039014,11,19,8,category_id,0.0,-0.0006987509826185693
4039865,10,11,1,category_id,0.0,-8.734387282732117e-05
4041490,1,0,-1,category_id,2.658584569575158e-05,8.734387282732117e-05
4042890,18,20,2,category_id,0.0,-0.00017468774565464234
4044118,7,9,2,category_id,0.0,-0.00017468774565464234
4044753,4,6,2,category_id,0.0,-0.00017468774565464234
4045204,5,9,4,category_id,0.0,-0.0003493754913092847
4046054,15,20,5,category_id,0.0,-0.0004367193641366058
4048352,2,0,-2,category_id,5.317169139150316e-05,0.00017468774565464234
4048584,210,198,-12,category_id,0.000319030148349019,0.001048126473927854
4049997,3,1,-2,category_id,5.317169139150316e-05,0.00017468774565464234
4050612,126,123,-3,category_id,7.975753708725475e-05,0.0002620316184819635
4051859,29,28,-1,category_id,2.658584569575158e-05,8.734387282732117e-05
4052307,26,23,-3,category_id,7.975753708725475e-05,0.0002620316184819635
4053488,1,0,-1,category_id,2.658584569575158e-05,8.734387282732117e-05
4055505,3,1,-2,category_id,5.317169139150316e-05,0.00017468774565464234
4056651,6,6,0,category_id,0.0,-0.0
4056794,26,37,11,category_id,0.0,-0.0009607826011005328
4059369,1,0,-1,category_id,2.658584569575158e-05,8.734387282732117e-05
4060157,0,1,1,category_id,0.0,-8.734387282732117e-05
4062559,87,68,-19,category_id,0.0005051310682192801,0.001659533583719102
4063057,2,2,0,category_id,0.0,-0.0
4064281,0,1,1,category_id,0.0,-8.734387282732117e-05
4064781,0,2,2,category_id,0.0,-0.00017468774565464234
4065109,0,2,2,category_id,0.0,-0.00017468774565464234
4065220,9,11,2,category_id,0.0,-0.00017468774565464234
4065839,3,5,2,category_id,0.0,-0.00017468774565464234
4065978,3,0,-3,category_id,7.975753708725475e-05,0.0002620316184819635
4066565,2,0,-2,category_id,5.317169139150316e-05,0.00017468774565464234
4066962,52,25,-27,category_id,0.0007178178337852927,0.0023582845663376716
4069129,46,60,14,category_id,0.0,-0.0012228142195824963
4069500,466,404,-62,category_id,0.001648322433136598,0.005415320115293912
4070504,8,3,-5,category_id,0.00013292922847875791,0.0004367193641366058
4071732,6,3,-3,category_id,7.975753708725475e-05,0.0002620316184819635
4074218,3,4,1,category_id,0.0,-8.734387282732117e-05
4074845,0,2,2,category_id,0.0,-0.00017468774565464234
4074849,7,6,-1,category_id,2.658584569575158e-05,8.734387282732117e-05
4077585,16,9,-7,category_id,0.00018610091987026107,0.0006114071097912482
4077781,0,2,2,category_id,0.0,-0.00017468774565464234
4078249,50,60,10,category_id,0.0,-0.0008734387282732116
4078898,14,7,-7,category_id,0.00018610091987026107,0.0006114071097912482
4081518,4,5,1,category_id,0.0,-8.734387282732117e-05
4082111,4,10,6,category_id,0.0,-0.000524063236963927
4082778,337,328,-9,category_id,0.00023927261126176425,0.0007860948554458904
4082906,3,0,-3,category_id,7.975753708725475e-05,0.0002620316184819635
4083276,2,4,2,category_id,0.0,-0.00017468774565464234
4083839,2,1,-1,category_id,2.658584569575158e-05,8.734387282732117e-05
4084869,0,1,1,category_id,0.0,-8.734387282732117e-05
4085091,0,1,1,category_id,0.0,-8.734387282732117e-05
4085342,22,20,-2,category_id,5.317169139150316e-05,0.00017468774565464234
4086613,176,211,35,category_id,0.0,-0.0030570355489562408
4089254,0,1,1,category_id,0.0,-8.734387282732117e-05
4089476,15,22,7,category_id,0.0,-0.0006114071097912482
4090730,6,8,2,category_id,0.0,-0.00017468774565464234
4091042,5,2,-3,category_id,7.975753708725475e-05,0.0002620316184819635
4092319,13,10,-3,category_id,7.975753708725475e-05,0.0002620316184819635
4094201,0,3,3,category_id,0.0,-0.0002620316184819635
4095810,186,224,38,category_id,0.0,-0.003319067167438204
4096072,0,1,1,category_id,0.0,-8.734387282732117e-05
4096107,26,30,4,category_id,0.0,-0.0003493754913092847
4096857,1,0,-1,category_id,2.658584569575158e-05,8.734387282732117e-05
4098232,73,79,6,category_id,0.0,-0.000524063236963927
4098379,19,16,-3,category_id,7.975753708725475e-05,0.0002620316184819635
4099608,2,3,1,category_id,0.0,-8.734387282732117e-05
4100652,24,21,-3,category_id,7.975753708725475e-05,0.0002620316184819635
4102207,1,2,1,category_id,0.0,-8.734387282732117e-05
4104257,2,1,-1,category_id,2.658584569575158e-05,8.734387282732117e-05
4106517,16,21,5,category_id,0.0,-0.0004367193641366058
4107030,2,1,-1,category_id,2.658584569575158e-05,8.734387282732117e-05
4107281,3,2,-1,category_id,2.658584569575158e-05,8.734387282732117e-05
4107373,3,2,-1,category_id,2.658584569575158e-05,8.734387282732117e-05
4107781,29,31,2,category_id,0.0,-0.00017468774565464234
4112095,10,11,1,category_id,0.0,-8.734387282732117e-05
4113220,32,18,-14,category_id,0.00037220183974052214,0.0012228142195824963
4113936,1,2,1,category_id,0.0,-8.734387282732117e-05
4118218,1,3,2,category_id,0.0,-0.00017468774565464234
4118464,15,5,-10,category_id,0.00026585845695751583,0.0008734387282732116
4118855,1,1,0,category_id,0.0,-0.0
4119259,0,3,3,category_id,0.0,-0.0002620316184819635
4119922,36,32,-4,category_id,0.00010634338278300632,0.0003493754913092847
4120972,3,0,-3,category_id,7.975753708725475e-05,0.0002620316184819635
4121221,82,64,-18,category_id,0.0004785452225235285,0.0015721897108917809
4121590,32,26,-6,category_id,0.0001595150741745095,0.000524063236963927
4121939,3,2,-1,category_id,2.658584569575158e-05,8.734387282732117e-05
4122623,4,2,-2,category_id,5.317169139150316e-05,0.00017468774565464234
4127459,18,28,10,category_id,0.0,-0.0008734387282732116
4128033,1,2,1,category_id,0.0,-8.734387282732117e-05
4129924,50,49,-1,category_id,2.658584569575158e-05,8.734387282732117e-05
4130426,46,33,-13,category_id,0.00034561599404477056,0.001135470346755175
4132179,0,4,4,category_id,0.0,-0.0003493754913092847
4132735,22,28,6,category_id,0.0,-0.000524063236963927
4134062,20,7,-13,category_id,0.00034561599404477056,0.001135470346755175
4134433,50,26,-24,category_id,0.000638060296698038,0.002096252947855708
4135185,1,4,3,category_id,0.0,-0.0002620316184819635
4135404,2,3,1,category_id,0.0,-8.734387282732117e-05
4135606,1,0,-1,category_id,2.658584569575158e-05,8.734387282732117e-05
4135836,156,180,24,category_id,0.0,-0.002096252947855708
4136288,0,1,1,category_id,0.0,-8.734387282732117e-05
4138583,435,169,-266,category_id,0.007071834955069921,0.02323347017206743
4139079,7,11,4,category_id,0.0,-0.0003493754913092847
4139190,1,0,-1,category_id,2.658584569575158e-05,8.734387282732117e-05
4139570,0,1,1,category_id,0.0,-8.734387282732117e-05
4139726,7,7,0,category_id,0.0,-0.0
4141018,24,25,1,category_id,0.0,-8.734387282732117e-05
4141851,1,1,0,category_id,0.0,-0.0
4143151,1,0,-1,category_id,2.658584569575158e-05,8.734387282732117e-05
4144410,16,17,1,category_id,0.0,-8.734387282732117e-05
4145813,3433,3275,-158,category_id,0.00420056361992875,0.013800331906716744
4147681,1,0,-1,category_id,2.658584569575158e-05,8.734387282732117e-05
4147847,3,5,2,category_id,0.0,-0.00017468774565464234
4148053,303,315,12,category_id,0.0,-0.001048126473927854
4148477,11,10,-1,category_id,2.658584569575158e-05,8.734387282732117e-05
4149628,2,0,-2,category_id,5.317169139150316e-05,0.00017468774565464234
4149693,13,7,-6,category_id,0.0001595150741745095,0.000524063236963927
4149925,1,0,-1,category_id,2.658584569575158e-05,8.734387282732117e-05
4151801,56,70,14,category_id,0.0,-0.0012228142195824963
4152593,2,1,-1,category_id,2.658584569575158e-05,8.734387282732117e-05
4152994,68,68,0,category_id,0.0,-0.0
4154011,2,4,2,category_id,0.0,-0.00017468774565464234
4156438,22,20,-2,category_id,5.317169139150316e-05,0.00017468774565464234
4158422,7,3,-4,category_id,0.00010634338278300632,0.0003493754913092847
4159072,1883,1899,16,category_id,0.0,-0.0013975019652371387
4159811,13,18,5,category_id,0.0,-0.0004367193641366058
4160459,44,24,-20,category_id,0.0005317169139150317,0.0017468774565464233
4161881,5,7,2,category_id,0.0,-0.00017468774565464234
4163659,188,228,40,category_id,0.0,-0.0034937549130928465
4164234,61,33,-28,category_id,0.0007444036794810443,0.0024456284391649926
4164492,0,1,1,category_id,0.0,-8.734387282732117e-05
4164898,0,2,2,category_id,0.0,-0.00017468774565464234
4167298,82,88,6,category_id,0.0,-0.000524063236963927
4167958,27,50,23,category_id,0.0,-0.002008909075028387
4169506,115,83,-32,category_id,0.0008507470622640506,0.0027950039304742774
4170025,1,1,0,category_id,0.0,-0.0
4170419,760,694,-66,category_id,0.0017546658159196043,0.005764695606603197
4170829,10,8,-2,category_id,5.317169139150316e-05,0.00017468774565464234
4173315,124,105,-19,category_id,0.0005051310682192801,0.001659533583719102
4173539,9,5,-4,category_id,0.00010634338278300632,0.0003493754913092847
4174165,2,1,-1,category_id,2.658584569575158e-05,8.734387282732117e-05
4174317,0,2,2,category_id,0.0,-0.00017468774565464234
4174407,6,5,-1,category_id,2.658584569575158e-05,8.734387282732117e-05
4174564,8,6,-2,category_id,5.317169139150316e-05,0.00017468774565464234
4174942,36,68,32,category_id,0.0,-0.0027950039304742774
4176158,2,2,0,category_id,0.0,-0.0
4177144,11,18,7,category_id,0.0,-0.0006114071097912482
4178970,5,6,1,category_id,0.0,-8.734387282732117e-05
4181361,962,841,-121,category_id,0.0032168873291859414,0.010568608612105861
4181817,24,17,-7,category_id,0.00018610091987026107,0.0006114071097912482
4182213,2,3,1,category_id,0.0,-8.734387282732117e-05
4183103,27,30,3,category_id,0.0,-0.0002620316184819635
4185300,7,3,-4,category_id,0.00010634338278300632,0.0003493754913092847
4185664,32,19,-13,category_id,0.00034561599404477056,0.001135470346755175
4187012,0,1,1,category_id,0.0,-8.734387282732117e-05
4187767,3,1,-2,category_id,5.317169139150316e-05,0.00017468774565464234
4187784,4,5,1,category_id,0.0,-8.734387282732117e-05
4187879,1,3,2,category_id,0.0,-0.00017468774565464234
4188178,44,42,-2,category_id,5.317169139150316e-05,0.00017468774565464234
4189038,1,1,0,category_id,0.0,-0.0
4190307,0,1,1,category_id,0.0,-8.734387282732117e-05
4191275,29,24,-5,category_id,0.00013292922847875791,0.0004367193641366058
4193511,2,6,4,category_id,0.0,-0.0003493754913092847
4196603,1,0,-1,category_id,2.658584569575158e-05,8.734387282732117e-05
4197122,4,5,1,category_id,0.0,-8.734387282732117e-05
4197505,110,85,-25,category_id,0.0006646461423937895,0.0021835968206830292
4197599,1,0,-1,category_id,2.658584569575158e-05,8.734387282732117e-05
4199627,13,8,-5,category_id,0.00013292922847875791,0.0004367193641366058
4201401,0,1,1,category_id,0.0,-8.734387282732117e-05
4201517,6,3,-3,category_id,7.975753708725475e-05,0.0002620316184819635
4202143,18,12,-6,category_id,0.0001595150741745095,0.000524063236963927
4202214,2,4,2,category_id,0.0,-0.00017468774565464234
4202726,2,1,-1,category_id,2.658584569575158e-05,8.734387282732117e-05
4203730,23,10,-13,category_id,0.00034561599404477056,0.001135470346755175
4205050,8,1,-7,category_id,0.00018610091987026107,0.0006114071097912482
4205429,4,3,-1,category_id,2.658584569575158e-05,8.734387282732117e-05
4205666,9,4,-5,category_id,0.00013292922847875791,0.0004367193641366058
4207901,10,9,-1,category_id,2.658584569575158e-05,8.734387282732117e-05
4208548,0,1,1,category_id,0.0,-8.734387282732117e-05
4208686,1,2,1,category_id,0.0,-8.734387282732117e-05
4208912,8,7,-1,category_id,2.658584569575158e-05,8.734387282732117e-05
4209709,1,2,1,category_id,0.0,-8.734387282732117e-05
4211233,6,6,0,category_id,0.0,-0.0
4211850,3,7,4,category_id,0.0,-0.0003493754913092847
4212069,9,12,3,category_id,0.0,-0.0002620316184819635
4212922,3,2,-1,category_id,2.658584569575158e-05,8.734387282732117e-05
4213030,18,21,3,category_id,0.0,-0.0002620316184819635
4214301,23,15,-8,category_id,0.00021268676556601265,0.0006987509826185693
4214565,1,3,2,category_id,0.0,-0.00017468774565464234
4214800,1,7,6,category_id,0.0,-0.000524063236963927
4215937,19,12,-7,category_id,0.00018610091987026107,0.0006114071097912482
4216317,8,9,1,category_id,0.0,-8.734387282732117e-05
4217061,0,1,1,category_id,0.0,-8.734387282732117e-05
4217906,1443,1471,28,category_id,0.0,-0.0024456284391649926
4220654,56,34,-22,category_id,0.0005848886053065348,0.0019215652022010656
4220691,75,48,-27,category_id,0.0007178178337852927,0.0023582845663376716
4220950,5,2,-3,category_id,7.975753708725475e-05,0.0002620316184819635
4221401,2,1,-1,category_id,2.658584569575158e-05,8.734387282732117e-05
4222240,74,79,5,category_id,0.0,-0.0004367193641366058
4222383,24,33,9,category_id,0.0,-0.0007860948554458904
4223012,60,69,9,category_id,0.0,-0.0007860948554458904
4223213,26,27,1,category_id,0.0,-8.734387282732117e-05
4225430,2,1,-1,category_id,2.658584569575158e-05,8.734387282732117e-05
4226833,10,4,-6,category_id,0.0001595150741745095,0.000524063236963927
4227487,15,10,-5,category_id,0.00013292922847875791,0.0004367193641366058
4228623,4,6,2,category_id,0.0,-0.00017468774565464234
4233539,3,1,-2,category_id,5.317169139150316e-05,0.00017468774565464234
4233672,2,3,1,category_id,0.0,-8.734387282732117e-05
4234389,10,6,-4,category_id,0.00010634338278300632,0.0003493754913092847
4235673,50,30,-20,category_id,0.0005317169139150317,0.0017468774565464233
4236628,14,14,0,category_id,0.0,-0.0
4238284,0,1,1,category_id,0.0,-8.734387282732117e-05
4238377,106,91,-15,category_id,0.0003987876854362737,0.0013101580924098175
4238676,122,117,-5,category_id,0.00013292922847875791,0.0004367193641366058
4239038,9,73,64,category_id,0.0,-0.005590007860948555
4239298,1,0,-1,category_id,2.658584569575158e-05,8.734387282732117e-05
4239903,14,18,4,category_id,0.0,-0.0003493754913092847
4240866,0,1,1,category_id,0.0,-8.734387282732117e-05
4241245,22,25,3,category_id,0.0,-0.0002620316184819635
4241691,5,7,2,category_id,0.0,-0.00017468774565464234
4242495,2,4,2,category_id,0.0,-0.00017468774565464234
4242717,343,232,-111,category_id,0.0029510288722284254,0.00969516988383265
4242742,1,3,2,category_id,0.0,-0.00017468774565464234
4243089,1,0,-1,category_id,2.658584569575158e-05,8.734387282732117e-05
4243653,7,5,-2,category_id,5.317169139150316e-05,0.00017468774565464234
4244338,2,0,-2,category_id,5.317169139150316e-05,0.00017468774565464234
4244487,893,768,-125,category_id,0.0033232307119689477,0.010917984103415145
4244990,27,29,2,category_id,0.0,-0.00017468774565464234
4245139,3,2,-1,category_id,2.658584569575158e-05,8.734387282732117e-05
4245405,2,2,0,category_id,0.0,-0.0
4245823,1,1,0,category_id,0.0,-0.0
4248234,3,1,-2,category_id,5.317169139150316e-05,0.00017468774565464234
4248306,3,3,0,category_id,0.0,-0.0
4251131,29,56,27,category_id,0.0,-0.0023582845663376716
4251754,1,0,-1,category_id,2.658584569575158e-05,8.734387282732117e-05
4252759,0,3,3,category_id,0.0,-0.0002620316184819635
4254099,13,3,-10,category_id,0.00026585845695751583,0.0008734387282732116
4255953,15,11,-4,category_id,0.00010634338278300632,0.0003493754913092847
4256011,14,9,-5,category_id,0.00013292922847875791,0.0004367193641366058
4256143,2,5,3,category_id,0.0,-0.0002620316184819635
4256421,0,1,1,category_id,0.0,-8.734387282732117e-05
4257541,26,28,2,category_id,0.0,-0.00017468774565464234
4258223,2,1,-1,category_id,2.658584569575158e-05,8.734387282732117e-05
4258246,0,2,2,category_id,0.0,-0.00017468774565464234
4258547,5,5,0,category_id,0.0,-0.0
4260727,13,8,-5,category_id,0.00013292922847875791,0.0004367193641366058
4260877,7,8,1,category_id,0.0,-8.734387282732117e-05
4261392,25,22,-3,category_id,7.975753708725475e-05,0.0002620316184819635
4263090,2,4,2,category_id,0.0,-0.00017468774565464234
4263418,11,21,10,category_id,0.0,-0.0008734387282732116
4263693,5,4,-1,category_id,2.658584569575158e-05,8.734387282732117e-05
4263789,1,2,1,category_id,0.0,-8.734387282732117e-05
4265386,8,10,2,category_id,0.0,-0.00017468774565464234
4266291,1,3,2,category_id,0.0,-0.00017468774565464234
4266879,1,1,0,category_id,0.0,-0.0
4267003,32,37,5,category_id,0.0,-0.0004367193641366058
4268427,7,7,0,category_id,0.0,-0.0
4269511,0,4,4,category_id,0.0,-0.0003493754913092847
4269526,6,2,-4,category_id,0.00010634338278300632,0.0003493754913092847
4270314,2,5,3,category_id,0.0,-0.0002620316184819635
4271180,0,4,4,category_id,0.0,-0.0003493754913092847
4272374,1,0,-1,category_id,2.658584569575158e-05,8.734387282732117e-05
4273374,3,0,-3,category_id,7.975753708725475e-05,0.0002620316184819635
4273662,72,70,-2,category_id,5.317169139150316e-05,0.00017468774565464234
4274907,6,6,0,category_id,0.0,-0.0
4275158,0,1,1,category_id,0.0,-8.734387282732117e-05
4276422,3,3,0,category_id,0.0,-0.0
4276479,2,3,1,category_id,0.0,-8.734387282732117e-05
4276787,69,76,7,category_id,0.0,-0.0006114071097912482
4278682,0,2,2,category_id,0.0,-0.00017468774565464234
4278744,5,3,-2,category_id,5.317169139150316e-05,0.00017468774565464234
4278997,1,3,2,category_id,0.0,-0.00017468774565464234
4279684,0,2,2,category_id,0.0,-0.00017468774565464234
4280664,1,1,0,category_id,0.0,-0.0
4280793,5,3,-2,category_id,5.317169139150316e-05,0.00017468774565464234
4281067,19,21,2,category_id,0.0,-0.00017468774565464234
4281301,0,1,1,category_id,0.0,-8.734387282732117e-05
4281917,1,1,0,category_id,0.0,-0.0
4282651,40,37,-3,category_id,7.975753708725475e-05,0.0002620316184819635
4282670,51,36,-15,category_id,0.0003987876854362737,0.0013101580924098175
4282985,1,7,6,category_id,0.0,-0.000524063236963927
4283654,0,1,1,category_id,0.0,-8.734387282732117e-05
4284875,249,294,45,category_id,0.0,-0.003930474277229453
4284910,1,0,-1,category_id,2.658584569575158e-05,8.734387282732117e-05
4285475,2,0,-2,category_id,5.317169139150316e-05,0.00017468774565464234
4285553,104,139,35,category_id,0.0,-0.0030570355489562408
4286332,0,3,3,category_id,0.0,-0.0002620316184819635
4286417,4,2,-2,category_id,5.317169139150316e-05,0.00017468774565464234
4286569,100,108,8,category_id,0.0,-0.0006987509826185693
4290971,3,1,-2,category_id,5.317169139150316e-05,0.00017468774565464234
4291550,0,1,1,category_id,0.0,-8.734387282732117e-05
4291697,1,7,6,category_id,0.0,-0.000524063236963927
4292119,51,49,-2,category_id,5.317169139150316e-05,0.00017468774565464234
4292858,63,35,-28,category_id,0.0007444036794810443,0.0024456284391649926
4293232,3,2,-1,category_id,2.658584569575158e-05,8.734387282732117e-05
4294512,1,1,0,category_id,0.0,-0.0
4294583,77,83,6,category_id,0.0,-0.000524063236963927
4295724,2,10,8,category_id,0.0,-0.0006987509826185693
4296516,11,3,-8,category_id,0.00021268676556601265,0.0006987509826185693
4296766,2,0,-2,category_id,5.317169139150316e-05,0.00017468774565464234
4297603,0,1,1,category_id,0.0,-8.734387282732117e-05
4298656,82,86,4,category_id,0.0,-0.0003493754913092847
4298764,3,5,2,category_id,0.0,-0.00017468774565464234
4299030,0,1,1,category_id,0.0,-8.734387282732117e-05
4300418,0,1,1,category_id,0.0,-8.734387282732117e-05
4300827,0,1,1,category_id,0.0,-8.734387282732117e-05
4301450,197,208,11,category_id,0.0,-0.0009607826011005328
4302328,18,23,5,category_id,0.0,-0.0004367193641366058
4303322,20,16,-4,category_id,0.00010634338278300632,0.0003493754913092847
4303554,2,0,-2,category_id,5.317169139150316e-05,0.00017468774565464234
4303929,1,1,0,category_id,0.0,-0.0
4304225,1,2,1,category_id,0.0,-8.734387282732117e-05
4304606,8,0,-8,category_id,0.00021268676556601265,0.0006987509826185693
4304858,2,2,0,category_id,0.0,-0.0
4307317,37,28,-9,category_id,0.00023927261126176425,0.0007860948554458904
4307960,4,3,-1,category_id,2.658584569575158e-05,8.734387282732117e-05
4308141,160,153,-7,category_id,0.00018610091987026107,0.0006114071097912482
4310023,80,87,7,category_id,0.0,-0.0006114071097912482
4311126,1,0,-1,category_id,2.658584569575158e-05,8.734387282732117e-05
4311343,9,7,-2,category_id,5.317169139150316e-05,0.00017468774565464234
4312015,3,7,4,category_id,0.0,-0.0003493754913092847
4312292,2,1,-1,category_id,2.658584569575158e-05,8.734387282732117e-05
4312352,2,7,5,category_id,0.0,-0.0004367193641366058
4312687,1,0,-1,category_id,2.658584569575158e-05,8.734387282732117e-05
4313485,2,1,-1,category_id,2.658584569575158e-05,8.734387282732117e-05
4315183,5,4,-1,category_id,2.658584569575158e-05,8.734387282732117e-05
4315564,1,4,3,category_id,0.0,-0.0002620316184819635
4316584,5,20,15,category_id,0.0,-0.0013101580924098175
4317228,57,56,-1,category_id,2.658584569575158e-05,8.734387282732117e-05
4318499,2,0,-2,category_id,5.317169139150316e-05,0.00017468774565464234
4320339,3,7,4,category_id,0.0,-0.0003493754913092847
4321228,34,35,1,category_id,0.0,-8.734387282732117e-05
4321796,49,40,-9,category_id,0.00023927261126176425,0.0007860948554458904
4323655,2,3,1,category_id,0.0,-8.734387282732117e-05
4325718,1,1,0,category_id,0.0,-0.0
4326577,0,1,1,category_id,0.0,-8.734387282732117e-05
4326723,2,3,1,category_id,0.0,-8.734387282732117e-05
4327533,3,0,-3,category_id,7.975753708725475e-05,0.0002620316184819635
4327791,6,3,-3,category_id,7.975753708725475e-05,0.0002620316184819635
4328342,9,8,-1,category_id,2.658584569575158e-05,8.734387282732117e-05
4328885,2,1,-1,category_id,2.658584569575158e-05,8.734387282732117e-05
4329518,26,22,-4,category_id,0.00010634338278300632,0.0003493754913092847
4330146,0,1,1,category_id,0.0,-8.734387282732117e-05
4331400,176,168,-8,category_id,0.00021268676556601265,0.0006987509826185693
4332163,1,6,5,category_id,0.0,-0.0004367193641366058
4332385,0,1,1,category_id,0.0,-8.734387282732117e-05
4332472,5,6,1,category_id,0.0,-8.734387282732117e-05
4333465,15,16,1,category_id,0.0,-8.734387282732117e-05
4334077,72,57,-15,category_id,0.0003987876854362737,0.0013101580924098175
4334671,25,20,-5,category_id,0.00013292922847875791,0.0004367193641366058
4336046,2,2,0,category_id,0.0,-0.0
4336538,26,32,6,category_id,0.0,-0.000524063236963927
4336961,1,1,0,category_id,0.0,-0.0
4337040,9,7,-2,category_id,5.317169139150316e-05,0.00017468774565464234
4337219,3,1,-2,category_id,5.317169139150316e-05,0.00017468774565464234
4338029,13,7,-6,category_id,0.0001595150741745095,0.000524063236963927
4338287,72,42,-30,category_id,0.0007975753708725474,0.002620316184819635
4339360,50,22,-28,category_id,0.0007444036794810443,0.0024456284391649926
4339589,1,0,-1,category_id,2.658584569575158e-05,8.734387282732117e-05
4339722,330,241,-89,category_id,0.002366140266921891,0.007773604681631584
4339963,1,2,1,category_id,0.0,-8.734387282732117e-05
4340213,4,13,9,category_id,0.0,-0.0007860948554458904
4342232,1,0,-1,category_id,2.658584569575158e-05,8.734387282732117e-05
4345501,29,18,-11,category_id,0.0002924443026532674,0.0009607826011005328
4349907,2,10,8,category_id,0.0,-0.0006987509826185693
4350978,156,146,-10,category_id,0.00026585845695751583,0.0008734387282732116
4352653,0,1,1,category_id,0.0,-8.734387282732117e-05
4352893,23,20,-3,category_id,7.975753708725475e-05,0.0002620316184819635
4354636,2,2,0,category_id,0.0,-0.0
4355267,1,0,-1,category_id,2.658584569575158e-05,8.734387282732117e-05
4355436,26,17,-9,category_id,0.00023927261126176425,0.0007860948554458904
4356440,34,20,-14,category_id,0.00037220183974052214,0.0012228142195824963
4356681,0,1,1,category_id,0.0,-8.734387282732117e-05
4356686,2,3,1,category_id,0.0,-8.734387282732117e-05
4357073,3,2,-1,category_id,2.658584569575158e-05,8.734387282732117e-05
4357323,1631,1707,76,category_id,0.0,-0.006638134334876408
4357784,1,4,3,category_id,0.0,-0.0002620316184819635
4358072,2,2,0,category_id,0.0,-0.0
4358285,3,1,-2,category_id,5.317169139150316e-05,0.00017468774565464234
4358294,20,18,-2,category_id,5.317169139150316e-05,0.00017468774565464234
4358542,3,1,-2,category_id,5.317169139150316e-05,0.00017468774565464234
4358674,2,0,-2,category_id,5.317169139150316e-05,0.00017468774565464234
4360192,27,34,7,category_id,0.0,-0.0006114071097912482
4360362,0,1,1,category_id,0.0,-8.734387282732117e-05
4360464,5,1,-4,category_id,0.00010634338278300632,0.0003493754913092847
4362740,22,33,11,category_id,0.0,-0.0009607826011005328
4363582,1,2,1,category_id,0.0,-8.734387282732117e-05
4364751,0,1,1,category_id,0.0,-8.734387282732117e-05
4364882,38,31,-7,category_id,0.00018610091987026107,0.0006114071097912482
4365013,30,24,-6,category_id,0.0001595150741745095,0.000524063236963927
4367680,0,2,2,category_id,0.0,-0.00017468774565464234
4368448,1,0,-1,category_id,2.658584569575158e-05,8.734387282732117e-05
4368912,9,2,-7,category_id,0.00018610091987026107,0.0006114071097912482
4368942,11,11,0,category_id,0.0,-0.0
4369584,3,2,-1,category_id,2.658584569575158e-05,8.734387282732117e-05
4370528,38,32,-6,category_id,0.0001595150741745095,0.000524063236963927
4370954,7,7,0,category_id,0.0,-0.0
4372382,2,1,-1,category_id,2.658584569575158e-05,8.734387282732117e-05
4372759,3,1,-2,category_id,5.317169139150316e-05,0.00017468774565464234
4372990,4,2,-2,category_id,5.317169139150316e-05,0.00017468774565464234
4374048,47,53,6,category_id,0.0,-0.000524063236963927
4374797,0,1,1,category_id,0.0,-8.734387282732117e-05
4376427,4,2,-2,category_id,5.317169139150316e-05,0.00017468774565464234
4376524,5,2,-3,category_id,7.975753708725475e-05,0.0002620316184819635
4378501,11,17,6,category_id,0.0,-0.000524063236963927
4378750,4,6,2,category_id,0.0,-0.00017468774565464234
4379500,1,0,-1,category_id,2.658584569575158e-05,8.734387282732117e-05
4380386,3,4,1,category_id,0.0,-8.734387282732117e-05
4382196,3,2,-1,category_id,2.658584569575158e-05,8.734387282732117e-05
4385013,1,2,1,category_id,0.0,-8.734387282732117e-05
4385918,4,5,1,category_id,0.0,-8.734387282732117e-05
4386059,4,2,-2,category_id,5.317169139150316e-05,0.00017468774565464234
4387206,2,0,-2,category_id,5.317169139150316e-05,0.00017468774565464234
4387956,59,58,-1,category_id,2.658584569575158e-05,8.734387282732117e-05
4388197,8,5,-3,category_id,7.975753708725475e-05,0.0002620316184819635
4388856,5,2,-3,category_id,7.975753708725475e-05,0.0002620316184819635
4389342,23,14,-9,category_id,0.00023927261126176425,0.0007860948554458904
4389495,1,1,0,category_id,0.0,-0.0
4390513,0,2,2,category_id,0.0,-0.00017468774565464234
4391390,42,55,13,category_id,0.0,-0.001135470346755175
4391936,212,203,-9,category_id,0.00023927261126176425,0.0007860948554458904
4392650,135,118,-17,category_id,0.00045195937682777687,0.0014848458380644597
4392790,2,1,-1,category_id,2.658584569575158e-05,8.734387282732117e-05
4393424,6,8,2,category_id,0.0,-0.00017468774565464234
4393800,6,2,-4,category_id,0.00010634338278300632,0.0003493754913092847
4395670,2,0,-2,category_id,5.317169139150316e-05,0.00017468774565464234
4395841,0,1,1,category_id,0.0,-8.734387282732117e-05
4396276,6,6,0,category_id,0.0,-0.0
4396417,4,4,0,category_id,0.0,-0.0
4396514,10,13,3,category_id,0.0,-0.0002620316184819635
4397248,9,7,-2,category_id,5.317169139150316e-05,0.00017468774565464234
4397687,4,6,2,category_id,0.0,-0.00017468774565464234
4398560,12,16,4,category_id,0.0,-0.0003493754913092847
4399402,1,4,3,category_id,0.0,-0.0002620316184819635
4399491,3,0,-3,category_id,7.975753708725475e-05,0.0002620316184819635
4400913,2,2,0,category_id,0.0,-0.0
4402326,14,18,4,category_id,0.0,-0.0003493754913092847
4403323,9,9,0,category_id,0.0,-0.0
4403830,1,1,0,category_id,0.0,-0.0
4405074,0,2,2,category_id,0.0,-0.00017468774565464234
4406355,0,1,1,category_id,0.0,-8.734387282732117e-05
4407385,2,2,0,category_id,0.0,-0.0
4408422,7,3,-4,category_id,0.00010634338278300632,0.0003493754913092847
4410579,6,9,3,category_id,0.0,-0.0002620316184819635
4410687,22,19,-3,category_id,7.975753708725475e-05,0.0002620316184819635
4411949,31,21,-10,category_id,0.00026585845695751583,0.0008734387282732116
4412497,2,2,0,category_id,0.0,-0.0
4414464,16,11,-5,category_id,0.00013292922847875791,0.0004367193641366058
4415665,1,0,-1,category_id,2.658584569575158e-05,8.734387282732117e-05
4417552,1,0,-1,category_id,2.658584569575158e-05,8.734387282732117e-05
4418019,1,0,-1,category_id,2.658584569575158e-05,8.734387282732117e-05
4418144,24,28,4,category_id,0.0,-0.0003493754913092847
4419230,15,11,-4,category_id,0.00010634338278300632,0.0003493754913092847
4421944,1,1,0,category_id,0.0,-0.0
4423023,1,1,0,category_id,0.0,-0.0
4424259,1,0,-1,category_id,2.658584569575158e-05,8.734387282732117e-05
4424369,4,7,3,category_id,0.0,-0.0002620316184819635
4425678,1,4,3,category_id,0.0,-0.0002620316184819635
4426917,5,3,-2,category_id,5.317169139150316e-05,0.00017468774565464234
4427154,0,1,1,category_id,0.0,-8.734387282732117e-05
4427946,2,1,-1,category_id,2.658584569575158e-05,8.734387282732117e-05
4428208,2,0,-2,category_id,5.317169139150316e-05,0.00017468774565464234
4429889,0,3,3,category_id,0.0,-0.0002620316184819635
4432036,6,3,-3,category_id,7.975753708725475e-05,0.0002620316184819635
4432419,2,0,-2,category_id,5.317169139150316e-05,0.00017468774565464234
4433670,0,1,1,category_id,0.0,-8.734387282732117e-05
4434812,36,24,-12,category_id,0.000319030148349019,0.001048126473927854
4435317,1,2,1,category_id,0.0,-8.734387282732117e-05
4435957,31,14,-17,category_id,0.00045195937682777687,0.0014848458380644597
4436461,23,22,-1,category_id,2.658584569575158e-05,8.734387282732117e-05
4437368,18,34,16,category_id,0.0,-0.0013975019652371387
4441627,0,1,1,category_id,0.0,-8.734387282732117e-05
4443922,32,35,3,category_id,0.0,-0.0002620316184819635
4444302,95,93,-2,category_id,5.317169139150316e-05,0.00017468774565464234
4444671,4,6,2,category_id,0.0,-0.00017468774565464234
4446527,10,11,1,category_id,0.0,-8.734387282732117e-05
4447409,17,12,-5,category_id,0.00013292922847875791,0.0004367193641366058
4449178,53,49,-4,category_id,0.00010634338278300632,0.0003493754913092847
4450414,13,3,-10,category_id,0.00026585845695751583,0.0008734387282732116
4452758,1,0,-1,category_id,2.658584569575158e-05,8.734387282732117e-05
4455776,24,23,-1,category_id,2.658584569575158e-05,8.734387282732117e-05
4456596,17,29,12,category_id,0.0,-0.001048126473927854
4458428,135,169,34,category_id,0.0,-0.0029696916761289193
4459944,0,1,1,category_id,0.0,-8.734387282732117e-05
4460620,2,0,-2,category_id,5.317169139150316e-05,0.00017468774565464234
4461425,5,3,-2,category_id,5.317169139150316e-05,0.00017468774565464234
4462274,13,18,5,category_id,0.0,-0.0004367193641366058
4462359,516,576,60,category_id,0.0,-0.00524063236963927
4464320,54,40,-14,category_id,0.00037220183974052214,0.0012228142195824963
4466795,5,1,-4,category_id,0.00010634338278300632,0.0003493754913092847
4466876,8,9,1,category_id,0.0,-8.734387282732117e-05
4467019,11,23,12,category_id,0.0,-0.001048126473927854
4468927,25,30,5,category_id,0.0,-0.0004367193641366058
4469639,5,9,4,category_id,0.0,-0.0003493754913092847
4470576,98,98,0,category_id,0.0,-0.0
4473295,7,4,-3,category_id,7.975753708725475e-05,0.0002620316184819635
4473353,1,2,1,category_id,0.0,-8.734387282732117e-05
4474010,0,1,1,category_id,0.0,-8.734387282732117e-05
4476428,39,42,3,category_id,0.0,-0.0002620316184819635
4477045,1,0,-1,category_id,2.658584569575158e-05,8.734387282732117e-05
4477956,2,4,2,category_id,0.0,-0.00017468774565464234
4478620,18,7,-11,category_id,0.0002924443026532674,0.0009607826011005328
4481193,0,4,4,category_id,0.0,-0.0003493754913092847
4481410,25,42,17,category_id,0.0,-0.0014848458380644597
4482016,11,9,-2,category_id,5.317169139150316e-05,0.00017468774565464234
4482155,2,3,1,category_id,0.0,-8.734387282732117e-05
4482419,210,93,-117,category_id,0.003110543946402935,0.010219233120796575
4483041,1,1,0,category_id,0.0,-0.0
4483470,1,0,-1,category_id,2.658584569575158e-05,8.734387282732117e-05
4484303,2,0,-2,category_id,5.317169139150316e-05,0.00017468774565464234
4485778,5,8,3,category_id,0.0,-0.0002620316184819635
4486005,11,7,-4,category_id,0.00010634338278300632,0.0003493754913092847
4487980,1,4,3,category_id,0.0,-0.0002620316184819635
4489615,1,3,2,category_id,0.0,-0.00017468774565464234
4490845,1,3,2,category_id,0.0,-0.00017468774565464234
4491457,6,5,-1,category_id,2.658584569575158e-05,8.734387282732117e-05
4493358,12,3,-9,category_id,0.00023927261126176425,0.0007860948554458904
4495588,4,4,0,category_id,0.0,-0.0
4496515,2,1,-1,category_id,2.658584569575158e-05,8.734387282732117e-05
4497044,22,15,-7,category_id,0.00018610091987026107,0.0006114071097912482
4498047,49,26,-23,category_id,0.0006114744510022864,0.002008909075028387
4498139,0,1,1,category_id,0.0,-8.734387282732117e-05
4499142,0,1,1,category_id,0.0,-8.734387282732117e-05
4499281,3,5,2,category_id,0.0,-0.00017468774565464234
4501214,0,1,1,category_id,0.0,-8.734387282732117e-05
4503217,10,15,5,category_id,0.0,-0.0004367193641366058
4503832,22,20,-2,category_id,5.317169139150316e-05,0.00017468774565464234
4509039,21,11,-10,category_id,0.00026585845695751583,0.0008734387282732116
4509358,27,20,-7,category_id,0.00018610091987026107,0.0006114071097912482
4511140,3,4,1,category_id,0.0,-8.734387282732117e-05
4512393,54,38,-16,category_id,0.0004253735311320253,0.0013975019652371387
4513366,3,2,-1,category_id,2.658584569575158e-05,8.734387282732117e-05
4513450,3,2,-1,category_id,2.658584569575158e-05,8.734387282732117e-05
4514070,5,5,0,category_id,0.0,-0.0
4514910,1,0,-1,category_id,2.658584569575158e-05,8.734387282732117e-05
4515292,1,0,-1,category_id,2.658584569575158e-05,8.734387282732117e-05
4515486,7,5,-2,category_id,5.317169139150316e-05,0.00017468774565464234
4517019,30,27,-3,category_id,7.975753708725475e-05,0.0002620316184819635
4517665,2,0,-2,category_id,5.317169139150316e-05,0.00017468774565464234
4519460,77,95,18,category_id,0.0,-0.0015721897108917809
4519805,1,0,-1,category_id,2.658584569575158e-05,8.734387282732117e-05
4520215,1,0,-1,category_id,2.658584569575158e-05,8.734387282732117e-05
4522646,1,4,3,category_id,0.0,-0.0002620316184819635
4524254,0,3,3,category_id,0.0,-0.0002620316184819635
4524544,9,7,-2,category_id,5.317169139150316e-05,0.00017468774565464234
4524771,20,18,-2,category_id,5.317169139150316e-05,0.00017468774565464234
4525351,1,2,1,category_id,0.0,-8.734387282732117e-05
4526457,2,2,0,category_id,0.0,-0.0
4526708,2,2,0,category_id,0.0,-0.0
4527263,7,11,4,category_id,0.0,-0.0003493754913092847
4527720,37,21,-16,category_id,0.0004253735311320253,0.0013975019652371387
4528620,20,15,-5,category_id,0.00013292922847875791,0.0004367193641366058
4530743,7,8,1,category_id,0.0,-8.734387282732117e-05
4532459,1,0,-1,category_id,2.658584569575158e-05,8.734387282732117e-05
4532706,11,14,3,category_id,0.0,-0.0002620316184819635
4533189,246,257,11,category_id,0.0,-0.0009607826011005328
4535278,1,0,-1,category_id,2.658584569575158e-05,8.734387282732117e-05
4537544,1,1,0,category_id,0.0,-0.0
4537798,16,15,-1,category_id,2.658584569575158e-05,8.734387282732117e-05
4537973,52,53,1,category_id,0.0,-8.734387282732117e-05
4540978,89,98,9,category_id,0.0,-0.0007860948554458904
4542743,2,0,-2,category_id,5.317169139150316e-05,0.00017468774565464234
4542855,3,1,-2,category_id,5.317169139150316e-05,0.00017468774565464234
4544118,42,39,-3,category_id,7.975753708725475e-05,0.0002620316184819635
4544743,4,25,21,category_id,0.0,-0.0018342213293737445
4545616,1,1,0,category_id,0.0,-0.0
4550135,43,44,1,category_id,0.0,-8.734387282732117e-05
4550637,3,6,3,category_id,0.0,-0.0002620316184819635
4551297,28,16,-12,category_id,0.000319030148349019,0.001048126473927854
4551473,4,3,-1,category_id,2.658584569575158e-05,8.734387282732117e-05
4553088,12,5,-7,category_id,0.00018610091987026107,0.0006114071097912482
4554195,0,4,4,category_id,0.0,-0.0003493754913092847
4555262,4,5,1,category_id,0.0,-8.734387282732117e-05
4555638,1,0,-1,category_id,2.658584569575158e-05,8.734387282732117e-05
4557641,1,0,-1,category_id,2.658584569575158e-05,8.734387282732117e-05
4558340,14,9,-5,category_id,0.00013292922847875791,0.0004367193641366058
4558987,780,797,17,category_id,0.0,-0.0014848458380644597
4559624,43,36,-7,category_id,0.00018610091987026107,0.0006114071097912482
4560542,1,1,0,category_id,0.0,-0.0
4561988,21,27,6,category_id,0.0,-0.000524063236963927
4562581,1,2,1,category_id,0.0,-8.734387282732117e-05
4563462,1,0,-1,category_id,2.658584569575158e-05,8.734387282732117e-05
4563628,92,71,-21,category_id,0.0005583027596107832,0.0018342213293737445
4564007,31,43,12,category_id,0.0,-0.001048126473927854
4565729,35,25,-10,category_id,0.00026585845695751583,0.0008734387282732116
4565874,204,132,-72,category_id,0.001914180890094114,0.0062887588435671235
4567369,4,1,-3,category_id,7.975753708725475e-05,0.0002620316184819635
4568967,2,1,-1,category_id,2.658584569575158e-05,8.734387282732117e-05
4569236,1,0,-1,category_id,2.658584569575158e-05,8.734387282732117e-05
4572192,10,8,-2,category_id,5.317169139150316e-05,0.00017468774565464234
4573973,4,2,-2,category_id,5.317169139150316e-05,0.00017468774565464234
4574216,0,1,1,category_id,0.0,-8.734387282732117e-05
4576724,0,2,2,category_id,0.0,-0.00017468774565464234
4576874,220,194,-26,category_id,0.0006912319880895411,0.00227094069351035
4577044,5,1,-4,category_id,0.00010634338278300632,0.0003493754913092847
4578843,7,7,0,category_id,0.0,-0.0
4580532,109,117,8,category_id,0.0,-0.0006987509826185693
4581579,22,17,-5,category_id,0.00013292922847875791,0.0004367193641366058
4583654,150,184,34,category_id,0.0,-0.0029696916761289193
4583884,24,25,1,category_id,0.0,-8.734387282732117e-05
4586026,2,0,-2,category_id,5.317169139150316e-05,0.00017468774565464234
4587489,6,3,-3,category_id,7.975753708725475e-05,0.0002620316184819635
4589142,16,35,19,category_id,0.0,-0.001659533583719102
4590366,0,1,1,category_id,0.0,-8.734387282732117e-05
4590639,0,1,1,category_id,0.0,-8.734387282732117e-05
4591297,2,1,-1,category_id,2.658584569575158e-05,8.734387282732117e-05
4591425,24,20,-4,category_id,0.00010634338278300632,0.0003493754913092847
4592018,1,1,0,category_id,0.0,-0.0
4593051,1,0,-1,category_id,2.658584569575158e-05,8.734387282732117e-05
4593052,0,1,1,category_id,0.0,-8.734387282732117e-05
4595135,0,1,1,category_id,0.0,-8.734387282732117e-05
4595260,6,3,-3,category_id,7.975753708725475e-05,0.0002620316184819635
4595580,2,4,2,category_id,0.0,-0.00017468774565464234
4595718,32,31,-1,category_id,2.658584569575158e-05,8.734387282732117e-05
4596584,1,1,0,category_id,0.0,-0.0
4596941,36,40,4,category_id,0.0,-0.0003493754913092847
4597130,7,5,-2,category_id,5.317169139150316e-05,0.00017468774565464234
4598394,1,1,0,category_id,0.0,-0.0
4600060,6,11,5,category_id,0.0,-0.0004367193641366058
4601757,41,23,-18,category_id,0.0004785452225235285,0.0015721897108917809
4602388,17,19,2,category_id,0.0,-0.00017468774565464234
4602841,200,167,-33,category_id,0.0008773329079598022,0.0028823478033015984
4603467,2,0,-2,category_id,5.317169139150316e-05,0.00017468774565464234
4603712,1,1,0,category_id,0.0,-0.0
4604594,12,11,-1,category_id,2.658584569575158e-05,8.734387282732117e-05
4604737,0,4,4,category_id,0.0,-0.0003493754913092847
4605179,1,0,-1,category_id,2.658584569575158e-05,8.734387282732117e-05
4605315,2,2,0,category_id,0.0,-0.0
4606718,436,395,-41,category_id,0.0010900196735258148,0.0035810987859201675
4607444,1,0,-1,category_id,2.658584569575158e-05,8.734387282732117e-05
4607596,1,1,0,category_id,0.0,-0.0
4608278,3,3,0,category_id,0.0,-0.0
4609744,2,1,-1,category_id,2.658584569575158e-05,8.734387282732117e-05
4610961,1,1,0,category_id,0.0,-0.0
4611962,31,22,-9,category_id,0.00023927261126176425,0.0007860948554458904
4612213,6,15,9,category_id,0.0,-0.0007860948554458904
4612468,5,4,-1,category_id,2.658584569575158e-05,8.734387282732117e-05
4613316,1,0,-1,category_id,2.658584569575158e-05,8.734387282732117e-05
4613485,11,10,-1,category_id,2.658584569575158e-05,8.734387282732117e-05
4615159,10,19,9,category_id,0.0,-0.0007860948554458904
4615962,8,10,2,category_id,0.0,-0.00017468774565464234
4616007,0,1,1,category_id,0.0,-8.734387282732117e-05
4621949,24,57,33,category_id,0.0,-0.0028823478033015984
4622605,7,5,-2,category_id,5.317169139150316e-05,0.00017468774565464234
4624272,12,8,-4,category_id,0.00010634338278300632,0.0003493754913092847
4624494,2,3,1,category_id,0.0,-8.734387282732117e-05
4625363,18,12,-6,category_id,0.0001595150741745095,0.000524063236963927
4625708,25,27,2,category_id,0.0,-0.00017468774565464234
4627820,56,50,-6,category_id,0.0001595150741745095,0.000524063236963927
4629913,0,1,1,category_id,0.0,-8.734387282732117e-05
4630498,1,0,-1,category_id,2.658584569575158e-05,8.734387282732117e-05
4631177,0,2,2,category_id,0.0,-0.00017468774565464234
4631356,1,3,2,category_id,0.0,-0.00017468774565464234
4632044,20,32,12,category_id,0.0,-0.001048126473927854
4632342,20,13,-7,category_id,0.00018610091987026107,0.0006114071097912482
4632427,2,1,-1,category_id,2.658584569575158e-05,8.734387282732117e-05
4633856,12,10,-2,category_id,5.317169139150316e-05,0.00017468774565464234
4633953,123,174,51,category_id,0.0,-0.0044545375141933794
4638374,1,2,1,category_id,0.0,-8.734387282732117e-05
4638601,4,1,-3,category_id,7.975753708725475e-05,0.0002620316184819635
4639855,144,139,-5,category_id,0.00013292922847875791,0.0004367193641366058
4640095,2,0,-2,category_id,5.317169139150316e-05,0.00017468774565464234
4640311,238,220,-18,category_id,0.0004785452225235285,0.0015721897108917809
4640795,2,2,0,category_id,0.0,-0.0
4641137,0,2,2,category_id,0.0,-0.00017468774565464234
4642360,1,0,-1,category_id,2.658584569575158e-05,8.734387282732117e-05
4643350,478,441,-37,category_id,0.0009836762907428085,0.003231723294610883
4643586,1,1,0,category_id,0.0,-0.0
4643925,1,1,0,category_id,0.0,-0.0
4644351,3,5,2,category_id,0.0,-0.00017468774565464234
4645521,0,1,1,category_id,0.0,-8.734387282732117e-05
4645906,20,13,-7,category_id,0.00018610091987026107,0.0006114071097912482
4646689,1,0,-1,category_id,2.658584569575158e-05,8.734387282732117e-05
4649026,11,3,-8,category_id,0.00021268676556601265,0.0006987509826185693
4649218,3,1,-2,category_id,5.317169139150316e-05,0.00017468774565464234
4652209,7,7,0,category_id,0.0,-0.0
4653800,11,18,7,category_id,0.0,-0.0006114071097912482
4654786,312,226,-86,category_id,0.002286382729834636,0.00751157306314962
4655941,3,6,3,category_id,0.0,-0.0002620316184819635
4656779,14,21,7,category_id,0.0,-0.0006114071097912482
4656948,17,22,5,category_id,0.0,-0.0004367193641366058
4658516,0,2,2,category_id,0.0,-0.00017468774565464234
4658670,0,1,1,category_id,0.0,-8.734387282732117e-05
4659155,0,2,2,category_id,0.0,-0.00017468774565464234
4661468,10,3,-7,category_id,0.00018610091987026107,0.0006114071097912482
4662023,0,1,1,category_id,0.0,-8.734387282732117e-05
4662072,22,21,-1,category_id,2.658584569575158e-05,8.734387282732117e-05
4663501,10,7,-3,category_id,7.975753708725475e-05,0.0002620316184819635
4664549,28,42,14,category_id,0.0,-0.0012228142195824963
4668616,1,1,0,category_id,0.0,-0.0
4669008,1,2,1,category_id,0.0,-8.734387282732117e-05
4669265,29,32,3,category_id,0.0,-0.0002620316184819635
4670159,0,2,2,category_id,0.0,-0.00017468774565464234
4670238,0,2,2,category_id,0.0,-0.00017468774565464234
4671427,5,2,-3,category_id,7.975753708725475e-05,0.0002620316184819635
4672150,17,14,-3,category_id,7.975753708725475e-05,0.0002620316184819635
4672807,833,716,-117,category_id,0.003110543946402935,0.010219233120796575
4675092,1,0,-1,category_id,2.658584569575158e-05,8.734387282732117e-05
4676764,21,18,-3,category_id,7.975753708725475e-05,0.0002620316184819635
4680195,1,5,4,category_id,0.0,-0.0003493754913092847
4681109,5,4,-1,category_id,2.658584569575158e-05,8.734387282732117e-05
4683311,1,0,-1,category_id,2.658584569575158e-05,8.734387282732117e-05
4683331,1,0,-1,category_id,2.658584569575158e-05,8.734387282732117e-05
4683561,12,12,0,category_id,0.0,-0.0
4684627,2,0,-2,category_id,5.317169139150316e-05,0.00017468774565464234
4684862,74,70,-4,category_id,0.00010634338278300632,0.0003493754913092847
4688770,5,24,19,category_id,0.0,-0.001659533583719102
4689003,2,0,-2,category_id,5.317169139150316e-05,0.00017468774565464234
4690421,498,520,22,category_id,0.0,-0.0019215652022010656
4692440,15,17,2,category_id,0.0,-0.00017468774565464234
4694416,2,0,-2,category_id,5.317169139150316e-05,0.00017468774565464234
4694794,5,3,-2,category_id,5.317169139150316e-05,0.00017468774565464234
4695078,8,8,0,category_id,0.0,-0.0
4695478,7,3,-4,category_id,0.00010634338278300632,0.0003493754913092847
4696539,4,4,0,category_id,0.0,-0.0
4696710,53,55,2,category_id,0.0,-0.00017468774565464234
4697972,341,398,57,category_id,0.0,-0.004978600751157306
4698156,1,0,-1,category_id,2.658584569575158e-05,8.734387282732117e-05
4698738,1,2,1,category_id,0.0,-8.734387282732117e-05
4700878,43,41,-2,category_id,5.317169139150316e-05,0.00017468774565464234
4701147,9,3,-6,category_id,0.0001595150741745095,0.000524063236963927
4701519,2,1,-1,category_id,2.658584569575158e-05,8.734387282732117e-05
4702145,2,0,-2,category_id,5.317169139150316e-05,0.00017468774565464234
4703483,33,38,5,category_id,0.0,-0.0004367193641366058
4704484,3,2,-1,category_id,2.658584569575158e-05,8.734387282732117e-05
4705138,1,0,-1,category_id,2.658584569575158e-05,8.734387282732117e-05
4706843,6,4,-2,category_id,5.317169139150316e-05,0.00017468774565464234
4707763,4,4,0,category_id,0.0,-0.0
4708262,97,78,-19,category_id,0.0005051310682192801,0.001659533583719102
4708348,3,3,0,category_id,0.0,-0.0
4710097,10,14,4,category_id,0.0,-0.0003493754913092847
4712571,98,63,-35,category_id,0.0009305045993513053,0.0030570355489562408
4713427,18,23,5,category_id,0.0,-0.0004367193641366058
4715451,11,8,-3,category_id,7.975753708725475e-05,0.0002620316184819635
4715650,103,97,-6,category_id,0.0001595150741745095,0.000524063236963927
4716920,6,11,5,category_id,0.0,-0.0004367193641366058
4718134,23,27,4,category_id,0.0,-0.0003493754913092847
4718542,5,14,9,category_id,0.0,-0.0007860948554458904
4718844,2,1,-1,category_id,2.658584569575158e-05,8.734387282732117e-05
4718907,93,95,2,category_id,0.0,-0.00017468774565464234
4719814,683,550,-133,category_id,0.0035359174775349603,0.011616735086033714
4722263,27,22,-5,category_id,0.00013292922847875791,0.0004367193641366058
4723214,21,9,-12,category_id,0.000319030148349019,0.001048126473927854
4723396,9,8,-1,category_id,2.658584569575158e-05,8.734387282732117e-05
4725649,4,6,2,category_id,0.0,-0.00017468774565464234
4728774,69,45,-24,category_id,0.000638060296698038,0.002096252947855708
4730421,1,0,-1,category_id,2.658584569575158e-05,8.734387282732117e-05
4731191,317,293,-24,category_id,0.000638060296698038,0.002096252947855708
4733463,17,13,-4,category_id,0.00010634338278300632,0.0003493754913092847
4733883,0,3,3,category_id,0.0,-0.0002620316184819635
4734649,3,3,0,category_id,0.0,-0.0
4734879,9,9,0,category_id,0.0,-0.0
4735133,11,13,2,category_id,0.0,-0.00017468774565464234
4736122,2,0,-2,category_id,5.317169139150316e-05,0.00017468774565464234
4736474,22,14,-8,category_id,0.00021268676556601265,0.0006987509826185693
4736710,5,9,4,category_id,0.0,-0.0003493754913092847
4736875,4,1,-3,category_id,7.975753708725475e-05,0.0002620316184819635
4737118,0,1,1,category_id,0.0,-8.734387282732117e-05
4737339,4,6,2,category_id,0.0,-0.00017468774565464234
4738143,0,1,1,category_id,0.0,-8.734387282732117e-05
4738961,21,12,-9,category_id,0.00023927261126176425,0.0007860948554458904
4739351,4,11,7,category_id,0.0,-0.0006114071097912482
4740174,1,1,0,category_id,0.0,-0.0
4741040,1,0,-1,category_id,2.658584569575158e-05,8.734387282732117e-05
4743234,31,27,-4,category_id,0.00010634338278300632,0.0003493754913092847
4750127,53,65,12,category_id,0.0,-0.001048126473927854
4750636,1,0,-1,category_id,2.658584569575158e-05,8.734387282732117e-05
4751680,0,4,4,category_id,0.0,-0.0003493754913092847
4752941,5,7,2,category_id,0.0,-0.00017468774565464234
4753530,0,1,1,category_id,0.0,-8.734387282732117e-05
4754898,2,2,0,category_id,0.0,-0.0
4755134,1,3,2,category_id,0.0,-0.00017468774565464234
4756105,3165,3004,-161,category_id,0.0042803211570160045,0.014062363525198707
4756346,1,1,0,category_id,0.0,-0.0
4756730,11,8,-3,category_id,7.975753708725475e-05,0.0002620316184819635
4757812,14,20,6,category_id,0.0,-0.000524063236963927
4758477,316,231,-85,category_id,0.0022597968841388846,0.007424229190322299
4758695,9,9,0,category_id,0.0,-0.0
4760331,0,1,1,category_id,0.0,-8.734387282732117e-05
4760804,8,5,-3,category_id,7.975753708725475e-05,0.0002620316184819635
4761031,3,4,1,category_id,0.0,-8.734387282732117e-05
4761193,4,0,-4,category_id,0.00010634338278300632,0.0003493754913092847
4762182,121,85,-36,category_id,0.000957090445047057,0.0031443794217835617
4763051,172,140,-32,category_id,0.0008507470622640506,0.0027950039304742774
4764531,2,0,-2,category_id,5.317169139150316e-05,0.00017468774565464234
4764977,5,6,1,category_id,0.0,-8.734387282732117e-05
4765593,12,11,-1,category_id,2.658584569575158e-05,8.734387282732117e-05
4766003,3,0,-3,category_id,7.975753708725475e-05,0.0002620316184819635
4767457,8,2,-6,category_id,0.0001595150741745095,0.000524063236963927
4767956,0,1,1,category_id,0.0,-8.734387282732117e-05
4768161,3,1,-2,category_id,5.317169139150316e-05,0.00017468774565464234
4768477,7,8,1,category_id,0.0,-8.734387282732117e-05
4770150,0,2,2,category_id,0.0,-0.00017468774565464234
4770284,0,1,1,category_id,0.0,-8.734387282732117e-05
4772448,21,10,-11,category_id,0.0002924443026532674,0.0009607826011005328
4772702,0,2,2,category_id,0.0,-0.00017468774565464234
4773090,0,2,2,category_id,0.0,-0.00017468774565464234
4774660,9,6,-3,category_id,7.975753708725475e-05,0.0002620316184819635
4775659,5,5,0,category_id,0.0,-0.0
4776096,5,7,2,category_id,0.0,-0.00017468774565464234
4776297,35,29,-6,category_id,0.0001595150741745095,0.000524063236963927
4776549,20,25,5,category_id,0.0,-0.0004367193641366058
4779633,94,42,-52,category_id,0.0013824639761790822,0.0045418813870207
4780027,1,0,-1,category_id,2.658584569575158e-05,8.734387282732117e-05
4780547,85,94,9,category_id,0.0,-0.0007860948554458904
4780793,1,3,2,category_id,0.0,-0.00017468774565464234
4781861,2,2,0,category_id,0.0,-0.0
4782834,0,1,1,category_id,0.0,-8.734387282732117e-05
4783746,33,22,-11,category_id,0.0002924443026532674,0.0009607826011005328
4783832,3,2,-1,category_id,2.658584569575158e-05,8.734387282732117e-05
4783904,3,4,1,category_id,0.0,-8.734387282732117e-05
4784134,149,241,92,category_id,0.0,-0.008035636300113547
4784593,2,0,-2,category_id,5.317169139150316e-05,0.00017468774565464234
4785750,2,1,-1,category_id,2.658584569575158e-05,8.734387282732117e-05
4786061,0,1,1,category_id,0.0,-8.734387282732117e-05
4786595,0,2,2,category_id,0.0,-0.00017468774565464234
4789432,1816,1514,-302,category_id,0.008028925400116977,0.02637784959385099
4789674,109,96,-13,category_id,0.00034561599404477056,0.001135470346755175
4791623,0,4,4,category_id,0.0,-0.0003493754913092847
4791913,7,4,-3,category_id,7.975753708725475e-05,0.0002620316184819635
4792801,11,14,3,category_id,0.0,-0.0002620316184819635
4794845,94,123,29,category_id,0.0,-0.0025329723119923136
4796716,1,4,3,category_id,0.0,-0.0002620316184819635
4797379,1,0,-1,category_id,2.658584569575158e-05,8.734387282732117e-05
4799973,1,0,-1,category_id,2.658584569575158e-05,8.734387282732117e-05
4801426,2815,2630,-185,category_id,0.004918381453714042,0.016158616473054416
4801635,1,0,-1,category_id,2.658584569575158e-05,8.734387282732117e-05
4803457,3,0,-3,category_id,7.975753708725475e-05,0.0002620316184819635
4804081,5,9,4,category_id,0.0,-0.0003493754913092847
4804883,214,141,-73,category_id,0.0019407667357898655,0.006376102716394445
4806751,19,16,-3,category_id,7.975753708725475e-05,0.0002620316184819635
4808228,27,8,-19,category_id,0.0005051310682192801,0.001659533583719102
4809328,0,2,2,category_id,0.0,-0.00017468774565464234
4809874,3,2,-1,category_id,2.658584569575158e-05,8.734387282732117e-05
4811586,9,3,-6,category_id,0.0001595150741745095,0.000524063236963927
4813803,29,29,0,category_id,0.0,-0.0
4814210,1,0,-1,category_id,2.658584569575158e-05,8.734387282732117e-05
4814359,1,0,-1,category_id,2.658584569575158e-05,8.734387282732117e-05
4814620,7,6,-1,category_id,2.658584569575158e-05,8.734387282732117e-05
4816919,1,0,-1,category_id,2.658584569575158e-05,8.734387282732117e-05
4817379,19,15,-4,category_id,0.00010634338278300632,0.0003493754913092847
4817527,102,94,-8,category_id,0.00021268676556601265,0.0006987509826185693
4818107,164,205,41,category_id,0.0,-0.0035810987859201675
4818679,2,1,-1,category_id,2.658584569575158e-05,8.734387282732117e-05
4820445,3,0,-3,category_id,7.975753708725475e-05,0.0002620316184819635
4821295,6,5,-1,category_id,2.658584569575158e-05,8.734387282732117e-05
4822722,61,39,-22,category_id,0.0005848886053065348,0.0019215652022010656
4823567,5,7,2,category_id,0.0,-0.00017468774565464234
4823943,7,3,-4,category_id,0.00010634338278300632,0.0003493754913092847
4824517,5,1,-4,category_id,0.00010634338278300632,0.0003493754913092847
4824790,0,1,1,category_id,0.0,-8.734387282732117e-05
4824934,2,2,0,category_id,0.0,-0.0
4825166,1,0,-1,category_id,2.658584569575158e-05,8.734387282732117e-05
4825728,10,4,-6,category_id,0.0001595150741745095,0.000524063236963927
4826471,31,35,4,category_id,0.0,-0.0003493754913092847
4827153,9,10,1,category_id,0.0,-8.734387282732117e-05
4827299,8,0,-8,category_id,0.00021268676556601265,0.0006987509826185693
4827537,38,40,2,category_id,0.0,-0.00017468774565464234
4828523,2,3,1,category_id,0.0,-8.734387282732117e-05
4829449,11,5,-6,category_id,0.0001595150741745095,0.000524063236963927
4829999,7,14,7,category_id,0.0,-0.0006114071097912482
4830058,30,18,-12,category_id,0.000319030148349019,0.001048126473927854
4830567,7,3,-4,category_id,0.00010634338278300632,0.0003493754913092847
4830705,34,44,10,category_id,0.0,-0.0008734387282732116
4832362,0,1,1,category_id,0.0,-8.734387282732117e-05
4832627,0,3,3,category_id,0.0,-0.0002620316184819635
4832888,1,1,0,category_id,0.0,-0.0
4833017,4,5,1,category_id,0.0,-8.734387282732117e-05
4834071,3,2,-1,category_id,2.658584569575158e-05,8.734387282732117e-05
4834913,172,141,-31,category_id,0.000824161216568299,0.002707660057646956
4835015,54,34,-20,category_id,0.0005317169139150317,0.0017468774565464233
4835206,40,30,-10,category_id,0.00026585845695751583,0.0008734387282732116
4837990,0,1,1,category_id,0.0,-8.734387282732117e-05
4840206,2,5,3,category_id,0.0,-0.0002620316184819635
4840256,0,2,2,category_id,0.0,-0.00017468774565464234
4842079,15,13,-2,category_id,5.317169139150316e-05,0.00017468774565464234
4844483,0,1,1,category_id,0.0,-8.734387282732117e-05
4844623,0,1,1,category_id,0.0,-8.734387282732117e-05
4845528,1,1,0,category_id,0.0,-0.0
4847313,9,10,1,category_id,0.0,-8.734387282732117e-05
4847838,27,29,2,category_id,0.0,-0.00017468774565464234
4848899,40,50,10,category_id,0.0,-0.0008734387282732116
4850194,13,8,-5,category_id,0.00013292922847875791,0.0004367193641366058
4850337,0,1,1,category_id,0.0,-8.734387282732117e-05
4850823,3,6,3,category_id,0.0,-0.0002620316184819635
4852691,1,0,-1,category_id,2.658584569575158e-05,8.734387282732117e-05
4853207,86,69,-17,category_id,0.00045195937682777687,0.0014848458380644597
4853595,26,24,-2,category_id,5.317169139150316e-05,0.00017468774565464234
4854759,26,19,-7,category_id,0.00018610091987026107,0.0006114071097912482
4855372,3,3,0,category_id,0.0,-0.0
4855870,2,0,-2,category_id,5.317169139150316e-05,0.00017468774565464234
4855945,5,3,-2,category_id,5.317169139150316e-05,0.00017468774565464234
4855982,0,2,2,category_id,0.0,-0.00017468774565464234
4856191,1,0,-1,category_id,2.658584569575158e-05,8.734387282732117e-05
4858047,2,0,-2,category_id,5.317169139150316e-05,0.00017468774565464234
4858656,31,23,-8,category_id,0.00021268676556601265,0.0006987509826185693
4859530,3,0,-3,category_id,7.975753708725475e-05,0.0002620316184819635
4859698,3,0,-3,category_id,7.975753708725475e-05,0.0002620316184819635
4862609,7,4,-3,category_id,7.975753708725475e-05,0.0002620316184819635
4864403,4,2,-2,category_id,5.317169139150316e-05,0.00017468774565464234
4864746,1,2,1,category_id,0.0,-8.734387282732117e-05
4864926,28,28,0,category_id,0.0,-0.0
4865533,8,1,-7,category_id,0.00018610091987026107,0.0006114071097912482
4865695,4,1,-3,category_id,7.975753708725475e-05,0.0002620316184819635
4866356,2,0,-2,category_id,5.317169139150316e-05,0.00017468774565464234
4866919,7,5,-2,category_id,5.317169139150316e-05,0.00017468774565464234
4867407,5,4,-1,category_id,2.658584569575158e-05,8.734387282732117e-05
4868797,93,60,-33,category_id,0.0008773329079598022,0.0028823478033015984
4869428,66,69,3,category_id,0.0,-0.0002620316184819635
4869837,133,134,1,category_id,0.0,-8.734387282732117e-05
4870077,10,5,-5,category_id,0.00013292922847875791,0.0004367193641366058
4870877,6,8,2,category_id,0.0,-0.00017468774565464234
4871255,30,53,23,category_id,0.0,-0.002008909075028387
4874384,240,259,19,category_id,0.0,-0.001659533583719102
4874492,24,27,3,category_id,0.0,-0.0002620316184819635
4875873,0,2,2,category_id,0.0,-0.00017468774565464234
4875956,6,4,-2,category_id,5.317169139150316e-05,0.00017468774565464234
4876006,4,5,1,category_id,0.0,-8.734387282732117e-05
4876258,5,0,-5,category_id,0.00013292922847875791,0.0004367193641366058
4877478,59,61,2,category_id,0.0,-0.00017468774565464234
4877868,2,0,-2,category_id,5.317169139150316e-05,0.00017468774565464234
4878483,9,6,-3,category_id,7.975753708725475e-05,0.0002620316184819635
4879255,13,9,-4,category_id,0.00010634338278300632,0.0003493754913092847
4880845,2,3,1,category_id,0.0,-8.734387282732117e-05
4882154,347,300,-47,category_id,0.0012495347477003242,0.004105162022884095
4882625,1,1,0,category_id,0.0,-0.0
4882904,3,3,0,category_id,0.0,-0.0
4883014,13,6,-7,category_id,0.00018610091987026107,0.0006114071097912482
4883737,18,11,-7,category_id,0.00018610091987026107,0.0006114071097912482
4883976,1,2,1,category_id,0.0,-8.734387282732117e-05
4885787,2,0,-2,category_id,5.317169139150316e-05,0.00017468774565464234
4886273,1,0,-1,category_id,2.658584569575158e-05,8.734387282732117e-05
4886389,1,0,-1,category_id,2.658584569575158e-05,8.734387282732117e-05
4889820,24,19,-5,category_id,0.00013292922847875791,0.0004367193641366058
4891188,8,9,1,category_id,0.0,-8.734387282732117e-05
4892060,14,23,9,category_id,0.0,-0.0007860948554458904
4892220,1,0,-1,category_id,2.658584569575158e-05,8.734387282732117e-05
4892920,1,7,6,category_id,0.0,-0.000524063236963927
4893662,7,8,1,category_id,0.0,-8.734387282732117e-05
4894095,138,137,-1,category_id,2.658584569575158e-05,8.734387282732117e-05
4896014,4,6,2,category_id,0.0,-0.00017468774565464234
4896062,42,37,-5,category_id,0.00013292922847875791,0.0004367193641366058
4897452,2,4,2,category_id,0.0,-0.00017468774565464234
4897718,115,102,-13,category_id,0.00034561599404477056,0.001135470346755175
4897866,1,3,2,category_id,0.0,-0.00017468774565464234
4898257,1,0,-1,category_id,2.658584569575158e-05,8.734387282732117e-05
4900099,1,0,-1,category_id,2.658584569575158e-05,8.734387282732117e-05
4901004,7,7,0,category_id,0.0,-0.0
4901188,111,114,3,category_id,0.0,-0.0002620316184819635
4903093,6,8,2,category_id,0.0,-0.00017468774565464234
4904396,22,18,-4,category_id,0.00010634338278300632,0.0003493754913092847
4904667,1,0,-1,category_id,2.658584569575158e-05,8.734387282732117e-05
4905428,2,1,-1,category_id,2.658584569575158e-05,8.734387282732117e-05
4908092,31,13,-18,category_id,0.0004785452225235285,0.0015721897108917809
4909025,4,5,1,category_id,0.0,-8.734387282732117e-05
4910113,1,6,5,category_id,0.0,-0.0004367193641366058
4911196,1,0,-1,category_id,2.658584569575158e-05,8.734387282732117e-05
4911515,1,4,3,category_id,0.0,-0.0002620316184819635
4911576,4,4,0,category_id,0.0,-0.0
4911958,48,55,7,category_id,0.0,-0.0006114071097912482
4912031,8,3,-5,category_id,0.00013292922847875791,0.0004367193641366058
4913523,0,2,2,category_id,0.0,-0.00017468774565464234
4915680,154,99,-55,category_id,0.001462221513266337,0.004803913005502664
4916460,2,1,-1,category_id,2.658584569575158e-05,8.734387282732117e-05
4917079,1,0,-1,category_id,2.658584569575158e-05,8.734387282732117e-05
4917103,2,2,0,category_id,0.0,-0.0
4918438,618,627,9,category_id,0.0,-0.0007860948554458904
4918683,2,0,-2,category_id,5.317169139150316e-05,0.00017468774565464234
4919077,507,458,-49,category_id,0.0013027064390918276,0.004279849768538737
4919545,0,1,1,category_id,0.0,-8.734387282732117e-05
4920960,0,1,1,category_id,0.0,-8.734387282732117e-05
4921353,19,16,-3,category_id,7.975753708725475e-05,0.0002620316184819635
4921468,0,1,1,category_id,0.0,-8.734387282732117e-05
4921617,63,59,-4,category_id,0.00010634338278300632,0.0003493754913092847
4921728,8,11,3,category_id,0.0,-0.0002620316184819635
4921805,243,100,-143,category_id,0.0038017759344924763,0.012490173814306926
4924053,8,18,10,category_id,0.0,-0.0008734387282732116
4924285,8,4,-4,category_id,0.00010634338278300632,0.0003493754913092847
4924524,6,3,-3,category_id,7.975753708725475e-05,0.0002620316184819635
4924786,3,6,3,category_id,0.0,-0.0002620316184819635
4928051,3,3,0,category_id,0.0,-0.0
4928116,0,1,1,category_id,0.0,-8.734387282732117e-05
4931012,0,1,1,category_id,0.0,-8.734387282732117e-05
4931395,0,1,1,category_id,0.0,-8.734387282732117e-05
4932619,0,1,1,category_id,0.0,-8.734387282732117e-05
4933257,1,2,1,category_id,0.0,-8.734387282732117e-05
4933498,0,1,1,category_id,0.0,-8.734387282732117e-05
4934549,2,2,0,category_id,0.0,-0.0
4936155,9,13,4,category_id,0.0,-0.0003493754913092847
4936889,77,94,17,category_id,0.0,-0.0014848458380644597
4939021,2,1,-1,category_id,2.658584569575158e-05,8.734387282732117e-05
4939776,8,3,-5,category_id,0.00013292922847875791,0.0004367193641366058
4940020,2,1,-1,category_id,2.658584569575158e-05,8.734387282732117e-05
4942468,18,17,-1,category_id,2.658584569575158e-05,8.734387282732117e-05
4943103,46,35,-11,category_id,0.0002924443026532674,0.0009607826011005328
4944456,1,1,0,category_id,0.0,-0.0
4947302,5,3,-2,category_id,5.317169139150316e-05,0.00017468774565464234
4948377,0,1,1,category_id,0.0,-8.734387282732117e-05
4949807,12,15,3,category_id,0.0,-0.0002620316184819635
4951903,3,2,-1,category_id,2.658584569575158e-05,8.734387282732117e-05
4952210,8,7,-1,category_id,2.658584569575158e-05,8.734387282732117e-05
4953476,0,1,1,category_id,0.0,-8.734387282732117e-05
4953826,13,2,-11,category_id,0.0002924443026532674,0.0009607826011005328
4953972,6,5,-1,category_id,2.658584569575158e-05,8.734387282732117e-05
4954200,12,11,-1,category_id,2.658584569575158e-05,8.734387282732117e-05
4954438,1,0,-1,category_id,2.658584569575158e-05,8.734387282732117e-05
4956511,37,47,10,category_id,0.0,-0.0008734387282732116
4956748,24,28,4,category_id,0.0,-0.0003493754913092847
4958794,164,135,-29,category_id,0.0007709895251767959,0.0025329723119923136
4960046,6,7,1,category_id,0.0,-8.734387282732117e-05
4960437,9,5,-4,category_id,0.00010634338278300632,0.0003493754913092847
4960901,2,1,-1,category_id,2.658584569575158e-05,8.734387282732117e-05
4962280,166,171,5,category_id,0.0,-0.0004367193641366058
4963121,0,2,2,category_id,0.0,-0.00017468774565464234
4963533,0,2,2,category_id,0.0,-0.00017468774565464234
4964623,1,0,-1,category_id,2.658584569575158e-05,8.734387282732117e-05
4965802,4,2,-2,category_id,5.317169139150316e-05,0.00017468774565464234
4966058,24,26,2,category_id,0.0,-0.00017468774565464234
4968783,3,2,-1,category_id,2.658584569575158e-05,8.734387282732117e-05
4969568,230,209,-21,category_id,0.0005583027596107832,0.0018342213293737445
4970201,2,5,3,category_id,0.0,-0.0002620316184819635
4970240,10,4,-6,category_id,0.0001595150741745095,0.000524063236963927
4970836,4,3,-1,category_id,2.658584569575158e-05,8.734387282732117e-05
4971055,5,1,-4,category_id,0.00010634338278300632,0.0003493754913092847
4971646,2,4,2,category_id,0.0,-0.00017468774565464234
4971918,0,1,1,category_id,0.0,-8.734387282732117e-05
4974254,27,36,9,category_id,0.0,-0.0007860948554458904
4974494,7,7,0,category_id,0.0,-0.0
4975993,6,2,-4,category_id,0.00010634338278300632,0.0003493754913092847
4976066,31,28,-3,category_id,7.975753708725475e-05,0.0002620316184819635
4976839,2,0,-2,category_id,5.317169139150316e-05,0.00017468774565464234
4977260,2,1,-1,category_id,2.658584569575158e-05,8.734387282732117e-05
4977497,0,1,1,category_id,0.0,-8.734387282732117e-05
4977533,0,1,1,category_id,0.0,-8.734387282732117e-05
4977749,0,1,1,category_id,0.0,-8.734387282732117e-05
4978108,0,2,2,category_id,0.0,-0.00017468774565464234
4979740,19,27,8,category_id,0.0,-0.0006987509826185693
4979919,0,2,2,category_id,0.0,-0.00017468774565464234
4980376,14,17,3,category_id,0.0,-0.0002620316184819635
4980533,24,23,-1,category_id,2.658584569575158e-05,8.734387282732117e-05
4981586,3,3,0,category_id,0.0,-0.0
4981793,4,2,-2,category_id,5.317169139150316e-05,0.00017468774565464234
4982192,11,9,-2,category_id,5.317169139150316e-05,0.00017468774565464234
4983053,8,16,8,category_id,0.0,-0.0006987509826185693
4983640,31,27,-4,category_id,0.00010634338278300632,0.0003493754913092847
4985275,1,0,-1,category_id,2.658584569575158e-05,8.734387282732117e-05
4986145,5,10,5,category_id,0.0,-0.0004367193641366058
4987122,1,0,-1,category_id,2.658584569575158e-05,8.734387282732117e-05
4988053,11,20,9,category_id,0.0,-0.0007860948554458904
4988426,1,0,-1,category_id,2.658584569575158e-05,8.734387282732117e-05
4988911,56,59,3,category_id,0.0,-0.0002620316184819635
4989387,78,84,6,category_id,0.0,-0.000524063236963927
4989544,1,1,0,category_id,0.0,-0.0
4989816,2,1,-1,category_id,2.658584569575158e-05,8.734387282732117e-05
4990074,0,1,1,category_id,0.0,-8.734387282732117e-05
4992952,6,6,0,category_id,0.0,-0.0
4993094,440,421,-19,category_id,0.0005051310682192801,0.001659533583719102
4993585,0,1,1,category_id,0.0,-8.734387282732117e-05
4994388,6,5,-1,category_id,2.658584569575158e-05,8.734387282732117e-05
4995313,3,1,-2,category_id,5.317169139150316e-05,0.00017468774565464234
4995985,95,104,9,category_id,0.0,-0.0007860948554458904
5001357,1,1,0,category_id,0.0,-0.0
5002819,25,12,-13,category_id,0.00034561599404477056,0.001135470346755175
5003455,34,31,-3,category_id,7.975753708725475e-05,0.0002620316184819635
5003604,0,1,1,category_id,0.0,-8.734387282732117e-05
5004245,3,0,-3,category_id,7.975753708725475e-05,0.0002620316184819635
5005165,0,1,1,category_id,0.0,-8.734387282732117e-05
5007081,19,14,-5,category_id,0.00013292922847875791,0.0004367193641366058
5008221,122,104,-18,category_id,0.0004785452225235285,0.0015721897108917809
5008466,93,96,3,category_id,0.0,-0.0002620316184819635
5011708,2,0,-2,category_id,5.317169139150316e-05,0.00017468774565464234
5012555,25,29,4,category_id,0.0,-0.0003493754913092847
5013760,28,27,-1,category_id,2.658584569575158e-05,8.734387282732117e-05
5015375,17,20,3,category_id,0.0,-0.0002620316184819635
5016246,2,0,-2,category_id,5.317169139150316e-05,0.00017468774565464234
5016461,2,2,0,category_id,0.0,-0.0
5018044,7,5,-2,category_id,5.317169139150316e-05,0.00017468774565464234
5023117,10,5,-5,category_id,0.00013292922847875791,0.0004367193641366058
5023473,1,1,0,category_id,0.0,-0.0
5024228,50,45,-5,category_id,0.00013292922847875791,0.0004367193641366058
5024947,3,1,-2,category_id,5.317169139150316e-05,0.00017468774565464234
5025425,1,1,0,category_id,0.0,-0.0
5025773,0,1,1,category_id,0.0,-8.734387282732117e-05
5028097,18,15,-3,category_id,7.975753708725475e-05,0.0002620316184819635
5028478,56,57,1,category_id,0.0,-8.734387282732117e-05
5028877,71,49,-22,category_id,0.0005848886053065348,0.0019215652022010656
5029362,20,11,-9,category_id,0.00023927261126176425,0.0007860948554458904
5029530,24,24,0,category_id,0.0,-0.0
5030407,18,17,-1,category_id,2.658584569575158e-05,8.734387282732117e-05
5030562,37,42,5,category_id,0.0,-0.0004367193641366058
5031298,10,8,-2,category_id,5.317169139150316e-05,0.00017468774565464234
5032953,1,0,-1,category_id,2.658584569575158e-05,8.734387282732117e-05
5034390,13,13,0,category_id,0.0,-0.0
5035287,1,0,-1,category_id,2.658584569575158e-05,8.734387282732117e-05
5036062,0,1,1,category_id,0.0,-8.734387282732117e-05
5036985,4,7,3,category_id,0.0,-0.0002620316184819635
5037383,2,0,-2,category_id,5.317169139150316e-05,0.00017468774565464234
5037641,0,5,5,category_id,0.0,-0.0004367193641366058
5038211,0,1,1,category_id,0.0,-8.734387282732117e-05
5038872,3,3,0,category_id,0.0,-0.0
5039255,1,1,0,category_id,0.0,-0.0
5041153,42,53,11,category_id,0.0,-0.0009607826011005328
5041265,10,5,-5,category_id,0.00013292922847875791,0.0004367193641366058
5042232,4,12,8,category_id,0.0,-0.0006987509826185693
5043656,10,11,1,category_id,0.0,-8.734387282732117e-05
5045220,15,28,13,category_id,0.0,-0.001135470346755175
5045733,38,39,1,category_id,0.0,-8.734387282732117e-05
5045878,1,1,0,category_id,0.0,-0.0
5046132,147,109,-38,category_id,0.0010102621364385602,0.003319067167438204
5046388,11,5,-6,category_id,0.0001595150741745095,0.000524063236963927
5047668,25,42,17,category_id,0.0,-0.0014848458380644597
5047710,0,1,1,category_id,0.0,-8.734387282732117e-05
5048062,33,39,6,category_id,0.0,-0.000524063236963927
5048770,59,54,-5,category_id,0.00013292922847875791,0.0004367193641366058
5048805,9,10,1,category_id,0.0,-8.734387282732117e-05
5052177,2,5,3,category_id,0.0,-0.0002620316184819635
5052842,16,10,-6,category_id,0.0001595150741745095,0.000524063236963927
5052904,1,0,-1,category_id,2.658584569575158e-05,8.734387282732117e-05
5053508,1002,1025,23,category_id,0.0,-0.002008909075028387
5053648,8,2,-6,category_id,0.0001595150741745095,0.000524063236963927
5055329,2,0,-2,category_id,5.317169139150316e-05,0.00017468774565464234
5056606,5,3,-2,category_id,5.317169139150316e-05,0.00017468774565464234
5057769,17,12,-5,category_id,0.00013292922847875791,0.0004367193641366058
5059368,6,8,2,category_id,0.0,-0.00017468774565464234
5060750,21,11,-10,category_id,0.00026585845695751583,0.0008734387282732116
5060757,2,0,-2,category_id,5.317169139150316e-05,0.00017468774565464234
5060852,1,0,-1,category_id,2.658584569575158e-05,8.734387282732117e-05
5062853,28,38,10,category_id,0.0,-0.0008734387282732116
5063620,137,104,-33,category_id,0.0008773329079598022,0.0028823478033015984
5063923,152,140,-12,category_id,0.000319030148349019,0.001048126473927854
5064168,4,2,-2,category_id,5.317169139150316e-05,0.00017468774565464234
5066426,12,7,-5,category_id,0.00013292922847875791,0.0004367193641366058
5066805,6,3,-3,category_id,7.975753708725475e-05,0.0002620316184819635
5067029,3,11,8,category_id,0.0,-0.0006987509826185693
5068419,10,5,-5,category_id,0.00013292922847875791,0.0004367193641366058
5068521,4,0,-4,category_id,0.00010634338278300632,0.0003493754913092847
5071267,490,498,8,category_id,0.0,-0.0006987509826185693
5073790,0,3,3,category_id,0.0,-0.0002620316184819635
5074895,7,4,-3,category_id,7.975753708725475e-05,0.0002620316184819635
5078340,1,4,3,category_id,0.0,-0.0002620316184819635
5083254,11,20,9,category_id,0.0,-0.0007860948554458904
5083778,0,1,1,category_id,0.0,-8.734387282732117e-05
5084833,10,13,3,category_id,0.0,-0.0002620316184819635
5086533,14,14,0,category_id,0.0,-0.0
5091218,3,0,-3,category_id,7.975753708725475e-05,0.0002620316184819635
5091223,42,50,8,category_id,0.0,-0.0006987509826185693
5093036,0,1,1,category_id,0.0,-8.734387282732117e-05
5093750,2,0,-2,category_id,5.317169139150316e-05,0.00017468774565464234
5095125,26,38,12,category_id,0.0,-0.001048126473927854
5096198,0,2,2,category_id,0.0,-0.00017468774565464234
5097436,31,16,-15,category_id,0.0003987876854362737,0.0013101580924098175
5099341,2,0,-2,category_id,5.317169139150316e-05,0.00017468774565464234
5099474,53,54,1,category_id,0.0,-8.734387282732117e-05
5099881,2,1,-1,category_id,2.658584569575158e-05,8.734387282732117e-05
5101104,0,5,5,category_id,0.0,-0.0004367193641366058
5101505,4,1,-3,category_id,7.975753708725475e-05,0.0002620316184819635
5101577,21,14,-7,category_id,0.00018610091987026107,0.0006114071097912482
5102377,1,0,-1,category_id,2.658584569575158e-05,8.734387282732117e-05
5103002,6,1,-5,category_id,0.00013292922847875791,0.0004367193641366058
5103246,5,5,0,category_id,0.0,-0.0
5105125,1,0,-1,category_id,2.658584569575158e-05,8.734387282732117e-05
5105973,1,1,0,category_id,0.0,-0.0
5106609,1,0,-1,category_id,2.658584569575158e-05,8.734387282732117e-05
5106813,0,1,1,category_id,0.0,-8.734387282732117e-05
5108490,1,4,3,category_id,0.0,-0.0002620316184819635
5108899,3,6,3,category_id,0.0,-0.0002620316184819635
5109144,3,11,8,category_id,0.0,-0.0006987509826185693
5109297,9,8,-1,category_id,2.658584569575158e-05,8.734387282732117e-05
5110023,0,1,1,category_id,0.0,-8.734387282732117e-05
5110799,1,0,-1,category_id,2.658584569575158e-05,8.734387282732117e-05
5115570,0,1,1,category_id,0.0,-8.734387282732117e-05
5116633,1,3,2,category_id,0.0,-0.00017468774565464234
5119295,4,3,-1,category_id,2.658584569575158e-05,8.734387282732117e-05
5119781,0,1,1,category_id,0.0,-8.734387282732117e-05
5120683,43,42,-1,category_id,2.658584569575158e-05,8.734387282732117e-05
5125081,31,37,6,category_id,0.0,-0.000524063236963927
5126058,8,7,-1,category_id,2.658584569575158e-05,8.734387282732117e-05
5126295,33,27,-6,category_id,0.0001595150741745095,0.000524063236963927
5126693,1,1,0,category_id,0.0,-0.0
5127795,10,9,-1,category_id,2.658584569575158e-05,8.734387282732117e-05
5129447,0,1,1,category_id,0.0,-8.734387282732117e-05
5130965,1,1,0,category_id,0.0,-0.0
5131430,7,7,0,category_id,0.0,-0.0
5132968,1,1,0,category_id,0.0,-0.0
5134471,3,4,1,category_id,0.0,-8.734387282732117e-05
5134623,24,27,3,category_id,0.0,-0.0002620316184819635
5135255,2,1,-1,category_id,2.658584569575158e-05,8.734387282732117e-05
5138000,5,5,0,category_id,0.0,-0.0
5138205,2,2,0,category_id,0.0,-0.0
5138388,0,1,1,category_id,0.0,-8.734387282732117e-05
5138762,1,0,-1,category_id,2.658584569575158e-05,8.734387282732117e-05
5140516,24,22,-2,category_id,5.317169139150316e-05,0.00017468774565464234
5141934,0,1,1,category_id,0.0,-8.734387282732117e-05
5142197,34,23,-11,category_id,0.0002924443026532674,0.0009607826011005328
5144469,108,68,-40,category_id,0.0010634338278300633,0.0034937549130928465
5146409,16,18,2,category_id,0.0,-0.00017468774565464234
5146636,2,1,-1,category_id,2.658584569575158e-05,8.734387282732117e-05
5147460,61,44,-17,category_id,0.00045195937682777687,0.0014848458380644597
5147697,5,1,-4,category_id,0.00010634338278300632,0.0003493754913092847
5148429,1,2,1,category_id,0.0,-8.734387282732117e-05
5148597,0,1,1,category_id,0.0,-8.734387282732117e-05
5148696,19,20,1,category_id,0.0,-8.734387282732117e-05
5148857,7,5,-2,category_id,5.317169139150316e-05,0.00017468774565464234
5149726,45,11,-34,category_id,0.0009039187536555537,0.0029696916761289193
5150376,1,0,-1,category_id,2.658584569575158e-05,8.734387282732117e-05
5150593,0,1,1,category_id,0.0,-8.734387282732117e-05
5150761,28,21,-7,category_id,0.00018610091987026107,0.0006114071097912482
5155355,3,3,0,category_id,0.0,-0.0
5155437,0,1,1,category_id,0.0,-8.734387282732117e-05
5156420,3,2,-1,category_id,2.658584569575158e-05,8.734387282732117e-05
5157813,1,0,-1,category_id,2.658584569575158e-05,8.734387282732117e-05
5158474,10,14,4,category_id,0.0,-0.0003493754913092847
5160054,1,1,0,category_id,0.0,-0.0
5161669,26,11,-15,category_id,0.0003987876854362737,0.0013101580924098175
